signal,device,bin,re,im
tone_on_bin,exact,0,0.0,0.0
tone_on_bin,exact,1,0.031636929998724916,1.4654943925052066e-14
tone_on_bin,exact,2,0.0,0.0
tone_on_bin,exact,3,-0.010339478071907297,7.628810626915597e-14
tone_on_bin,exact,4,0.0,0.0
tone_on_bin,exact,5,-0.02002240264019861,-1.987523715883631e-14
tone_on_bin,exact,6,0.0,0.0
tone_on_bin,exact,7,-0.014440861961303415,7.34946666322237e-17
tone_on_bin,exact,8,0.0,0.0
tone_on_bin,exact,9,0.007654024043324951,-8.50033476766654e-15
tone_on_bin,exact,10,0.0,0.0
tone_on_bin,exact,11,0.0285135860662582,-1.7251364363194814e-14
tone_on_bin,exact,12,0.0,0.0
tone_on_bin,exact,13,-0.004257025777683922,-4.1787287195783753e-14
tone_on_bin,exact,14,0.0,0.0
tone_on_bin,exact,15,0.008020136840909632,4.130326981682262e-14
tone_on_bin,exact,16,0.0,0.0
tone_on_bin,exact,17,-0.012483678150318015,3.8961011388333145e-14
tone_on_bin,exact,18,0.0,0.0
tone_on_bin,exact,19,-0.011500765293285546,2.7761092836982745e-14
tone_on_bin,exact,20,0.0,0.0
tone_on_bin,exact,21,-0.010192458038205256,1.5099124539512775e-13
tone_on_bin,exact,22,0.0,0.0
tone_on_bin,exact,23,0.011127703816385334,4.369986724258466e-15
tone_on_bin,exact,24,0.0,0.0
tone_on_bin,exact,25,0.014822705340705039,-6.10863437799508e-14
tone_on_bin,exact,26,0.0,0.0
tone_on_bin,exact,27,-0.007638313193313896,4.828023491661846e-14
tone_on_bin,exact,28,0.0,0.0
tone_on_bin,exact,29,0.015356862957740514,2.1638303630971625e-14
tone_on_bin,exact,30,0.0,0.0
tone_on_bin,exact,31,-0.016948238214941732,-9.589505767395143e-15
tone_on_bin,exact,32,0.0,0.0
tone_on_bin,exact,33,0.013116855965813978,6.068824950057912e-14
tone_on_bin,exact,34,0.0,0.0
tone_on_bin,exact,35,0.007118124611678973,1.6846798929286427e-14
tone_on_bin,exact,36,0.0,0.0
tone_on_bin,exact,37,8192.028769840503,-4.462408462701521e-13
tone_on_bin,exact,38,0.0,0.0
tone_on_bin,exact,39,-0.004534123747000256,-3.028766605871347e-14
tone_on_bin,exact,40,0.0,0.0
tone_on_bin,exact,41,-0.014520205206750748,3.862300439814876e-14
tone_on_bin,exact,42,0.0,0.0
tone_on_bin,exact,43,-0.0019346208659361233,7.066148385760408e-14
tone_on_bin,exact,44,0.0,0.0
tone_on_bin,exact,45,-0.003519112707511895,-6.642465101066902e-14
tone_on_bin,exact,46,0.0,0.0
tone_on_bin,exact,47,-0.006464208123887573,2.080945983963596e-14
tone_on_bin,exact,48,0.0,0.0
tone_on_bin,exact,49,0.004903657999605514,-4.2853051863471844e-14
tone_on_bin,exact,50,0.0,0.0
tone_on_bin,exact,51,0.0058497614813621465,9.061719076220625e-15
tone_on_bin,exact,52,0.0,0.0
tone_on_bin,exact,53,0.020474783290495915,4.598708263051198e-14
tone_on_bin,exact,54,0.0,0.0
tone_on_bin,exact,55,0.038233106767159956,-8.804966827103918e-16
tone_on_bin,exact,56,0.0,0.0
tone_on_bin,exact,57,-0.0177214981198558,4.575623331660686e-14
tone_on_bin,exact,58,0.0,0.0
tone_on_bin,exact,59,-0.012702233598029512,-7.728339567709526e-14
tone_on_bin,exact,60,0.0,0.0
tone_on_bin,exact,61,-4.748446942111004e-05,2.4146623021804562e-14
tone_on_bin,exact,62,0.0,0.0
tone_on_bin,exact,63,-0.0031194257276963614,2.6993142951105564e-14
tone_on_bin,exact,64,0.0,0.0
tone_on_bin,exact,65,-0.004117908561972641,1.695388621159033e-14
tone_on_bin,exact,66,0.0,0.0
tone_on_bin,exact,67,0.01769228154221664,2.7025103737714854e-14
tone_on_bin,exact,68,0.0,0.0
tone_on_bin,exact,69,0.019330716099459834,-9.82549938640122e-14
tone_on_bin,exact,70,0.0,0.0
tone_on_bin,exact,71,0.007601954370127107,5.926343254360722e-15
tone_on_bin,exact,72,0.0,0.0
tone_on_bin,exact,73,0.009828697180421847,5.1742735530241335e-15
tone_on_bin,exact,74,0.0,0.0
tone_on_bin,exact,75,0.02615745437893189,-4.734686510748194e-14
tone_on_bin,exact,76,0.0,0.0
tone_on_bin,exact,77,-0.003603999732069184,-1.2194314158443656e-14
tone_on_bin,exact,78,0.0,0.0
tone_on_bin,exact,79,0.025609698919152123,6.9841510894009575e-15
tone_on_bin,exact,80,0.0,0.0
tone_on_bin,exact,81,0.022581668616372813,-2.0879618620088782e-14
tone_on_bin,exact,82,0.0,0.0
tone_on_bin,exact,83,0.005027660675433643,4.680464762312256e-15
tone_on_bin,exact,84,0.0,0.0
tone_on_bin,exact,85,0.009566429117028673,2.646866198810644e-14
tone_on_bin,exact,86,0.0,0.0
tone_on_bin,exact,87,0.013278687755953244,-2.4920177898529278e-14
tone_on_bin,exact,88,0.0,0.0
tone_on_bin,exact,89,0.0070977173661261085,2.4502645285141398e-14
tone_on_bin,exact,90,0.0,0.0
tone_on_bin,exact,91,-0.01103650055143937,1.4256608150048424e-13
tone_on_bin,exact,92,0.0,0.0
tone_on_bin,exact,93,-0.0034398088421784146,5.508803881975403e-15
tone_on_bin,exact,94,0.0,0.0
tone_on_bin,exact,95,-0.010864827008241698,2.2404230314909815e-14
tone_on_bin,exact,96,0.0,0.0
tone_on_bin,exact,97,-0.022469739922435946,-8.955942578177262e-15
tone_on_bin,exact,98,0.0,0.0
tone_on_bin,exact,99,0.015102367712808377,1.3428729915091317e-14
tone_on_bin,exact,100,0.0,0.0
tone_on_bin,exact,101,0.00040724707481022324,2.899376555416712e-14
tone_on_bin,exact,102,0.0,0.0
tone_on_bin,exact,103,-0.026739924141049434,2.0909700602107722e-14
tone_on_bin,exact,104,0.0,0.0
tone_on_bin,exact,105,-0.021140289605153767,3.360912217021427e-15
tone_on_bin,exact,106,0.0,0.0
tone_on_bin,exact,107,-0.005577313311600638,3.0643575758948836e-14
tone_on_bin,exact,108,0.0,0.0
tone_on_bin,exact,109,0.021018339790891634,-2.2209925596592842e-14
tone_on_bin,exact,110,0.0,0.0
tone_on_bin,exact,111,-0.0042883449677990374,1.0001721195654185e-14
tone_on_bin,exact,112,0.0,0.0
tone_on_bin,exact,113,0.0012944402521157727,-1.4422220455917029e-15
tone_on_bin,exact,114,0.0,0.0
tone_on_bin,exact,115,0.012566807987690118,3.5417422168351676e-16
tone_on_bin,exact,116,0.0,0.0
tone_on_bin,exact,117,-0.0053563208928083025,6.38960631354019e-14
tone_on_bin,exact,118,0.0,0.0
tone_on_bin,exact,119,0.013003647114900674,1.1523739858062941e-14
tone_on_bin,exact,120,0.0,0.0
tone_on_bin,exact,121,0.005626774588934781,2.750162793585218e-14
tone_on_bin,exact,122,0.0,0.0
tone_on_bin,exact,123,-0.01779917800080787,3.5805810265197124e-14
tone_on_bin,exact,124,0.0,0.0
tone_on_bin,exact,125,0.00838744172968035,7.31451624724428e-15
tone_on_bin,exact,126,0.0,0.0
tone_on_bin,exact,127,0.0014598761481866046,-2.166748724538839e-14
tone_on_bin,exact,128,0.0,0.0
tone_on_bin,exact,129,-0.004310208395277375,-1.051037563185721e-14
tone_on_bin,exact,130,0.0,0.0
tone_on_bin,exact,131,-0.003405055576365493,4.040276529228597e-14
tone_on_bin,exact,132,0.0,0.0
tone_on_bin,exact,133,-0.010887139319256845,-2.721218065659146e-15
tone_on_bin,exact,134,0.0,0.0
tone_on_bin,exact,135,0.00224554027874048,1.8891923427384523e-14
tone_on_bin,exact,136,0.0,0.0
tone_on_bin,exact,137,-0.006079922122411027,1.3724316896632901e-14
tone_on_bin,exact,138,0.0,0.0
tone_on_bin,exact,139,0.00365055976910259,-8.096938666178382e-14
tone_on_bin,exact,140,0.0,0.0
tone_on_bin,exact,141,-0.010151478887778832,2.3149998105127998e-14
tone_on_bin,exact,142,0.0,0.0
tone_on_bin,exact,143,0.0033294022215079443,-4.9778492892683216e-15
tone_on_bin,exact,144,0.0,0.0
tone_on_bin,exact,145,-0.0012035278197095912,7.469845440299246e-15
tone_on_bin,exact,146,0.0,0.0
tone_on_bin,exact,147,0.0009665248670334033,3.071658419605557e-14
tone_on_bin,exact,148,0.0,0.0
tone_on_bin,exact,149,0.006324254631463782,1.0487152721233571e-14
tone_on_bin,exact,150,0.0,0.0
tone_on_bin,exact,151,0.0067259226161288654,1.4138183254604591e-14
tone_on_bin,exact,152,0.0,0.0
tone_on_bin,exact,153,-0.0005832915167516973,1.6845878645159046e-14
tone_on_bin,exact,154,0.0,0.0
tone_on_bin,exact,155,-0.00724249371990685,2.6280982632136425e-13
tone_on_bin,exact,156,0.0,0.0
tone_on_bin,exact,157,-0.0035932064637219014,9.017523292432628e-16
tone_on_bin,exact,158,0.0,0.0
tone_on_bin,exact,159,0.009374706560699542,-2.5569643949878652e-14
tone_on_bin,exact,160,0.0,0.0
tone_on_bin,exact,161,0.0020319121791357404,-1.6889622730091585e-14
tone_on_bin,exact,162,0.0,0.0
tone_on_bin,exact,163,-0.016812450618250166,5.793451471633512e-14
tone_on_bin,exact,164,0.0,0.0
tone_on_bin,exact,165,0.007246899827775901,6.686154315087594e-13
tone_on_bin,exact,166,0.0,0.0
tone_on_bin,exact,167,0.0029947309570038374,-1.448737581430006e-14
tone_on_bin,exact,168,0.0,0.0
tone_on_bin,exact,169,-0.0011665902699334613,2.6669300340738836e-14
tone_on_bin,exact,170,0.0,0.0
tone_on_bin,exact,171,-0.012575759924856688,4.302686929412595e-14
tone_on_bin,exact,172,0.0,0.0
tone_on_bin,exact,173,-0.030928601362447353,-4.8866531448470975e-15
tone_on_bin,exact,174,0.0,0.0
tone_on_bin,exact,175,0.01510230655307024,3.629487661436971e-14
tone_on_bin,exact,176,0.0,0.0
tone_on_bin,exact,177,-0.009611071112575344,-6.872872389787266e-15
tone_on_bin,exact,178,0.0,0.0
tone_on_bin,exact,179,-8.649053265473092e-05,-2.84086362930957e-14
tone_on_bin,exact,180,0.0,0.0
tone_on_bin,exact,181,0.0025712831582953444,-1.013030225857908e-13
tone_on_bin,exact,182,0.0,0.0
tone_on_bin,exact,183,0.012027414919710573,-7.756399134974222e-15
tone_on_bin,exact,184,0.0,0.0
tone_on_bin,exact,185,-0.002111150266172153,1.2231966795536573e-14
tone_on_bin,exact,186,0.0,0.0
tone_on_bin,exact,187,0.0029788192774314595,-5.445193063007866e-14
tone_on_bin,exact,188,0.0,0.0
tone_on_bin,exact,189,-0.015567865840803245,-1.6368778476173283e-14
tone_on_bin,exact,190,0.0,0.0
tone_on_bin,exact,191,0.0034579221769077927,-7.22763130944385e-15
tone_on_bin,exact,192,0.0,0.0
tone_on_bin,exact,193,0.008427084333395552,-5.3408122445269624e-15
tone_on_bin,exact,194,0.0,0.0
tone_on_bin,exact,195,-0.013682438760457268,-4.793322780736427e-14
tone_on_bin,exact,196,0.0,0.0
tone_on_bin,exact,197,-0.01508876064222892,-1.9995174620139e-14
tone_on_bin,exact,198,0.0,0.0
tone_on_bin,exact,199,-0.008583309979785049,-6.340595363482406e-17
tone_on_bin,exact,200,0.0,0.0
tone_on_bin,exact,201,-0.0027303208838585624,-4.851424213948853e-15
tone_on_bin,exact,202,0.0,0.0
tone_on_bin,exact,203,0.010892924409903993,-1.478762256811712e-14
tone_on_bin,exact,204,0.0,0.0
tone_on_bin,exact,205,-0.004201601954459143,1.515547104798985e-14
tone_on_bin,exact,206,0.0,0.0
tone_on_bin,exact,207,-0.02127863561793339,2.4667984767932577e-14
tone_on_bin,exact,208,0.0,0.0
tone_on_bin,exact,209,-0.0014195669786150012,1.1260589061808185e-15
tone_on_bin,exact,210,0.0,0.0
tone_on_bin,exact,211,-0.01949940382160501,5.1776376441769217e-14
tone_on_bin,exact,212,0.0,0.0
tone_on_bin,exact,213,-0.0025468938781162973,2.2061554257879732e-14
tone_on_bin,exact,214,0.0,0.0
tone_on_bin,exact,215,-0.005637347495008955,-7.71973877533237e-15
tone_on_bin,exact,216,0.0,0.0
tone_on_bin,exact,217,0.005590021350574691,-1.632497676799229e-14
tone_on_bin,exact,218,0.0,0.0
tone_on_bin,exact,219,-0.006529954403690494,3.421344473543099e-13
tone_on_bin,exact,220,0.0,0.0
tone_on_bin,exact,221,0.02801100626175932,1.4900274316643056e-14
tone_on_bin,exact,222,0.0,0.0
tone_on_bin,exact,223,0.004194141721464189,-4.31793654021716e-15
tone_on_bin,exact,224,0.0,0.0
tone_on_bin,exact,225,-0.011009252888092966,8.186423097914368e-15
tone_on_bin,exact,226,0.0,0.0
tone_on_bin,exact,227,-0.0127844883926376,-4.9833912092014235e-14
tone_on_bin,exact,228,0.0,0.0
tone_on_bin,exact,229,0.0013386827999834821,5.1319074623760426e-14
tone_on_bin,exact,230,0.0,0.0
tone_on_bin,exact,231,-0.021411364825055505,1.0935496601235364e-14
tone_on_bin,exact,232,0.0,0.0
tone_on_bin,exact,233,0.01772964792034753,-1.2134262177697981e-14
tone_on_bin,exact,234,0.0,0.0
tone_on_bin,exact,235,0.006788211980531729,-9.409106640091868e-14
tone_on_bin,exact,236,0.0,0.0
tone_on_bin,exact,237,0.014649826066402928,1.777538076615297e-14
tone_on_bin,exact,238,0.0,0.0
tone_on_bin,exact,239,0.007513600160751649,8.274208357966492e-15
tone_on_bin,exact,240,0.0,0.0
tone_on_bin,exact,241,-0.001512856219661858,7.067250257805312e-16
tone_on_bin,exact,242,0.0,0.0
tone_on_bin,exact,243,-0.009964395970966898,-3.8901038289798195e-14
tone_on_bin,exact,244,0.0,0.0
tone_on_bin,exact,245,0.023837749879632598,-2.886636155687224e-14
tone_on_bin,exact,246,0.0,0.0
tone_on_bin,exact,247,0.0015657436376066937,-3.4876953633135648e-15
tone_on_bin,exact,248,0.0,0.0
tone_on_bin,exact,249,0.003531129657371319,3.211933950320171e-14
tone_on_bin,exact,250,0.0,0.0
tone_on_bin,exact,251,0.027543287804544424,-5.492446759680442e-14
tone_on_bin,exact,252,0.0,0.0
tone_on_bin,exact,253,0.005603431180699955,2.6510064541077544e-15
tone_on_bin,exact,254,0.0,0.0
tone_on_bin,exact,255,0.016790889529293477,-1.467505881861722e-14
tone_on_bin,exact,256,0.0,0.0
tone_on_bin,exact,257,0.008950130539816747,2.886579864025407e-15
tone_on_bin,exact,258,0.0,0.0
tone_on_bin,exact,259,-0.005622177058465275,-3.788445402573357e-14
tone_on_bin,exact,260,0.0,0.0
tone_on_bin,exact,261,0.007920136709425374,8.546472271567698e-15
tone_on_bin,exact,262,0.0,0.0
tone_on_bin,exact,263,0.014524206205201078,1.1922523369291805e-14
tone_on_bin,exact,264,0.0,0.0
tone_on_bin,exact,265,0.015855367308023838,-8.233621033235106e-15
tone_on_bin,exact,266,0.0,0.0
tone_on_bin,exact,267,-0.015380751988827823,1.8275772424810196e-14
tone_on_bin,exact,268,0.0,0.0
tone_on_bin,exact,269,-0.01562132247818449,2.6665197591634065e-15
tone_on_bin,exact,270,0.0,0.0
tone_on_bin,exact,271,-0.0013223454444977942,-8.435372207687885e-15
tone_on_bin,exact,272,0.0,0.0
tone_on_bin,exact,273,-0.013164419526349643,3.3196525277662215e-14
tone_on_bin,exact,274,0.0,0.0
tone_on_bin,exact,275,0.005624185508921426,-3.994169498344008e-14
tone_on_bin,exact,276,0.0,0.0
tone_on_bin,exact,277,0.00870885114915107,-7.968610248788488e-14
tone_on_bin,exact,278,0.0,0.0
tone_on_bin,exact,279,-0.01852634271133062,-2.5337790292602324e-15
tone_on_bin,exact,280,0.0,0.0
tone_on_bin,exact,281,0.002888551062209317,8.844262664495252e-15
tone_on_bin,exact,282,0.0,0.0
tone_on_bin,exact,283,-0.010742197469467678,-1.6939351737025477e-13
tone_on_bin,exact,284,0.0,0.0
tone_on_bin,exact,285,-0.016619230144896805,-1.7421597515860152e-14
tone_on_bin,exact,286,0.0,0.0
tone_on_bin,exact,287,-0.006126665096050741,-1.87176206979851e-14
tone_on_bin,exact,288,0.0,0.0
tone_on_bin,exact,289,-0.010871729109305409,-5.903935824458181e-15
tone_on_bin,exact,290,0.0,0.0
tone_on_bin,exact,291,-0.0056840602362522915,6.730296595154784e-14
tone_on_bin,exact,292,0.0,0.0
tone_on_bin,exact,293,-0.022009699504736534,2.1559258900799531e-13
tone_on_bin,exact,294,0.0,0.0
tone_on_bin,exact,295,-0.0038689498646468073,-2.2775197729849637e-15
tone_on_bin,exact,296,0.0,0.0
tone_on_bin,exact,297,-0.004299192122072303,-1.3658091720840255e-14
tone_on_bin,exact,298,0.0,0.0
tone_on_bin,exact,299,0.008832615236621922,1.2473003781610546e-14
tone_on_bin,exact,300,0.0,0.0
tone_on_bin,exact,301,-0.012494973671274268,-3.17731158971633e-14
tone_on_bin,exact,302,0.0,0.0
tone_on_bin,exact,303,0.013946673453516724,-9.034289160200034e-15
tone_on_bin,exact,304,0.0,0.0
tone_on_bin,exact,305,0.010898715746022632,2.3858775171299232e-14
tone_on_bin,exact,306,0.0,0.0
tone_on_bin,exact,307,-0.022991120580487964,4.8220549009333055e-15
tone_on_bin,exact,308,0.0,0.0
tone_on_bin,exact,309,0.01172108587104598,-3.7711752992218857e-14
tone_on_bin,exact,310,0.0,0.0
tone_on_bin,exact,311,0.01756784835693334,2.843871530607712e-14
tone_on_bin,exact,312,0.0,0.0
tone_on_bin,exact,313,-0.0010558075946440933,-9.596407557033588e-15
tone_on_bin,exact,314,0.0,0.0
tone_on_bin,exact,315,-0.011450122071413769,-1.33386507742003e-13
tone_on_bin,exact,316,0.0,0.0
tone_on_bin,exact,317,0.006967985031217882,-2.3558706248426627e-14
tone_on_bin,exact,318,0.0,0.0
tone_on_bin,exact,319,0.013984208742079542,2.2295728618594868e-14
tone_on_bin,exact,320,0.0,0.0
tone_on_bin,exact,321,-0.006060416612183487,5.6473922760424955e-15
tone_on_bin,exact,322,0.0,0.0
tone_on_bin,exact,323,-0.002793321252375457,-1.423637834056599e-14
tone_on_bin,exact,324,0.0,0.0
tone_on_bin,exact,325,0.014200969823963404,5.394046208104461e-14
tone_on_bin,exact,326,0.0,0.0
tone_on_bin,exact,327,-0.006290472273328509,-7.493063620670256e-16
tone_on_bin,exact,328,0.0,0.0
tone_on_bin,exact,329,-0.004130958748683108,-2.3390767404582458e-14
tone_on_bin,exact,330,0.0,0.0
tone_on_bin,exact,331,-0.028571130154454838,-9.313792702197273e-14
tone_on_bin,exact,332,0.0,0.0
tone_on_bin,exact,333,0.018937921573510957,1.4412340487588205e-16
tone_on_bin,exact,334,0.0,0.0
tone_on_bin,exact,335,0.009177488746494725,-1.2884504242699403e-14
tone_on_bin,exact,336,0.0,0.0
tone_on_bin,exact,337,0.0016178698547106244,1.5261176597543022e-14
tone_on_bin,exact,338,0.0,0.0
tone_on_bin,exact,339,0.012042089056024285,2.5447273174099608e-14
tone_on_bin,exact,340,0.0,0.0
tone_on_bin,exact,341,2.1757281960251007e-05,-5.434711742765957e-14
tone_on_bin,exact,342,0.0,0.0
tone_on_bin,exact,343,0.019920829616247523,2.128114611803002e-14
tone_on_bin,exact,344,0.0,0.0
tone_on_bin,exact,345,0.0028326104755826195,-2.4729620638650235e-15
tone_on_bin,exact,346,0.0,0.0
tone_on_bin,exact,347,-0.01895060507693977,1.4256608150048424e-13
tone_on_bin,exact,348,0.0,0.0
tone_on_bin,exact,349,0.007784902190623826,-3.244868049587311e-14
tone_on_bin,exact,350,0.0,0.0
tone_on_bin,exact,351,0.000695961525076726,-2.914437881634799e-14
tone_on_bin,exact,352,0.0,0.0
tone_on_bin,exact,353,-0.01965692656466004,-1.447583267873546e-14
tone_on_bin,exact,354,0.0,0.0
tone_on_bin,exact,355,-0.0029270524348048166,-6.383330063605303e-15
tone_on_bin,exact,356,0.0,0.0
tone_on_bin,exact,357,0.012457013388638473,-1.2636590054997075e-13
tone_on_bin,exact,358,0.0,0.0
tone_on_bin,exact,359,0.0007661044500758382,3.923722006211823e-15
tone_on_bin,exact,360,0.0,0.0
tone_on_bin,exact,361,0.006609887875679933,9.958932957899212e-15
tone_on_bin,exact,362,0.0,0.0
tone_on_bin,exact,363,0.008801743145715085,-1.130989724872241e-13
tone_on_bin,exact,364,0.0,0.0
tone_on_bin,exact,365,-0.005638651675574299,2.5508414099708173e-14
tone_on_bin,exact,366,0.0,0.0
tone_on_bin,exact,367,0.023639909215647258,2.7347654912815273e-14
tone_on_bin,exact,368,0.0,0.0
tone_on_bin,exact,369,-0.016020099593442104,-6.622702656053317e-15
tone_on_bin,exact,370,0.0,0.0
tone_on_bin,exact,371,0.015148258464907362,-9.683355883143023e-16
tone_on_bin,exact,372,0.0,0.0
tone_on_bin,exact,373,-0.025570001373122358,-6.089187098537421e-15
tone_on_bin,exact,374,0.0,0.0
tone_on_bin,exact,375,0.00622261132784693,2.2269230694342374e-15
tone_on_bin,exact,376,0.0,0.0
tone_on_bin,exact,377,0.0003342905149665115,1.786404640441128e-14
tone_on_bin,exact,378,0.0,0.0
tone_on_bin,exact,379,0.007490219141004625,-2.7249653363083837e-14
tone_on_bin,exact,380,0.0,0.0
tone_on_bin,exact,381,0.004831042941709547,-5.379979181141863e-14
tone_on_bin,exact,382,0.0,0.0
tone_on_bin,exact,383,-0.01431068489881633,1.5841896374571868e-14
tone_on_bin,exact,384,0.0,0.0
tone_on_bin,exact,385,-0.003649682014272947,5.6030777164134935e-15
tone_on_bin,exact,386,0.0,0.0
tone_on_bin,exact,387,-0.011611026428170038,-7.195499359047139e-14
tone_on_bin,exact,388,0.0,0.0
tone_on_bin,exact,389,0.0024018720988838917,8.426797600187735e-14
tone_on_bin,exact,390,0.0,0.0
tone_on_bin,exact,391,-0.0169659035454451,-2.5751542018409405e-14
tone_on_bin,exact,392,0.0,0.0
tone_on_bin,exact,393,0.023084787623395102,1.267825809561208e-14
tone_on_bin,exact,394,0.0,0.0
tone_on_bin,exact,395,-0.010392262787816126,1.6169902857659048e-13
tone_on_bin,exact,396,0.0,0.0
tone_on_bin,exact,397,0.009150150713686458,-9.643260507176397e-15
tone_on_bin,exact,398,0.0,0.0
tone_on_bin,exact,399,0.0013595527326770752,-1.8446087307951535e-14
tone_on_bin,exact,400,0.0,0.0
tone_on_bin,exact,401,0.012418969183426201,-2.666870605805866e-15
tone_on_bin,exact,402,0.0,0.0
tone_on_bin,exact,403,-0.003348463134095885,1.8084567227311265e-14
tone_on_bin,exact,404,0.0,0.0
tone_on_bin,exact,405,0.00643318715344934,-2.2330508325220288e-14
tone_on_bin,exact,406,0.0,0.0
tone_on_bin,exact,407,-0.011828988901976787,5.426122874161797e-15
tone_on_bin,exact,408,0.0,0.0
tone_on_bin,exact,409,0.0020443757220065598,1.1979335790647045e-14
tone_on_bin,exact,410,0.0,0.0
tone_on_bin,exact,411,0.0011314748649470519,-5.5950746464380525e-14
tone_on_bin,exact,412,0.0,0.0
tone_on_bin,exact,413,-0.002436424565540756,-1.5657759310162948e-14
tone_on_bin,exact,414,0.0,0.0
tone_on_bin,exact,415,-0.01254044209445897,3.186500482501623e-15
tone_on_bin,exact,416,0.0,0.0
tone_on_bin,exact,417,0.01203670744404261,-1.4167995187450008e-14
tone_on_bin,exact,418,0.0,0.0
tone_on_bin,exact,419,-0.01875536097144051,2.8720039768477625e-15
tone_on_bin,exact,420,0.0,0.0
tone_on_bin,exact,421,0.014090585599186226,5.886315590820628e-14
tone_on_bin,exact,422,0.0,0.0
tone_on_bin,exact,423,-0.008093641047792846,3.7938990569533244e-14
tone_on_bin,exact,424,0.0,0.0
tone_on_bin,exact,425,-0.012262730439244866,-1.127680468547538e-16
tone_on_bin,exact,426,0.0,0.0
tone_on_bin,exact,427,0.0026797763995516912,3.4767899228553053e-14
tone_on_bin,exact,428,0.0,0.0
tone_on_bin,exact,429,0.011324315466621371,4.345986001810669e-14
tone_on_bin,exact,430,0.0,0.0
tone_on_bin,exact,431,0.0035313540020528653,1.0429801695599094e-14
tone_on_bin,exact,432,0.0,0.0
tone_on_bin,exact,433,-0.008539593073772115,-2.868561888826996e-16
tone_on_bin,exact,434,0.0,0.0
tone_on_bin,exact,435,-0.0011160557011114533,-2.013138756337329e-14
tone_on_bin,exact,436,0.0,0.0
tone_on_bin,exact,437,-0.002256001309307986,-3.163833100666744e-14
tone_on_bin,exact,438,0.0,0.0
tone_on_bin,exact,439,0.0026586765235618406,-1.0154031791459145e-14
tone_on_bin,exact,440,0.0,0.0
tone_on_bin,exact,441,0.008137827630025981,-8.613418941288977e-15
tone_on_bin,exact,442,0.0,0.0
tone_on_bin,exact,443,-0.0022619303872982756,5.405509739112699e-14
tone_on_bin,exact,444,0.0,0.0
tone_on_bin,exact,445,-0.010150153483722401,3.190673042024126e-14
tone_on_bin,exact,446,0.0,0.0
tone_on_bin,exact,447,-0.017543882629458073,-1.5748409191047139e-15
tone_on_bin,exact,448,0.0,0.0
tone_on_bin,exact,449,-0.006916055400255049,-9.266814726088714e-15
tone_on_bin,exact,450,0.0,0.0
tone_on_bin,exact,451,-7.245389049106743e-05,-6.39375643467599e-14
tone_on_bin,exact,452,0.0,0.0
tone_on_bin,exact,453,-0.013651270167969916,6.893307480506856e-14
tone_on_bin,exact,454,0.0,0.0
tone_on_bin,exact,455,-0.0007048767385953673,2.6100866635253246e-14
tone_on_bin,exact,456,0.0,0.0
tone_on_bin,exact,457,0.00135524378996087,2.335702167365609e-14
tone_on_bin,exact,458,0.0,0.0
tone_on_bin,exact,459,-0.0058555958092063876,-3.596690856063658e-14
tone_on_bin,exact,460,0.0,0.0
tone_on_bin,exact,461,0.023220223665982337,-1.6337212111725284e-14
tone_on_bin,exact,462,0.0,0.0
tone_on_bin,exact,463,-0.003154850877486903,2.6540951758050067e-14
tone_on_bin,exact,464,0.0,0.0
tone_on_bin,exact,465,0.006177922767448702,7.656895790361429e-15
tone_on_bin,exact,466,0.0,0.0
tone_on_bin,exact,467,-0.001660574899478099,-6.197442720746169e-14
tone_on_bin,exact,468,0.0,0.0
tone_on_bin,exact,469,0.00283712974683563,1.6592949563867174e-15
tone_on_bin,exact,470,0.0,0.0
tone_on_bin,exact,471,-0.005639507012459768,-1.708742014553275e-14
tone_on_bin,exact,472,0.0,0.0
tone_on_bin,exact,473,-0.014631776667810903,7.750425282580519e-16
tone_on_bin,exact,474,0.0,0.0
tone_on_bin,exact,475,0.009963759044694598,-1.311576179895566e-13
tone_on_bin,exact,476,0.0,0.0
tone_on_bin,exact,477,-0.018655589070667868,1.3830803399909751e-14
tone_on_bin,exact,478,0.0,0.0
tone_on_bin,exact,479,-0.01242062225865963,6.743310439315009e-15
tone_on_bin,exact,480,0.0,0.0
tone_on_bin,exact,481,0.01711907200867665,4.662048452039496e-15
tone_on_bin,exact,482,0.0,0.0
tone_on_bin,exact,483,-0.007004965080754381,4.2148610026447616e-14
tone_on_bin,exact,484,0.0,0.0
tone_on_bin,exact,485,-0.017363667735656455,8.324410990460865e-14
tone_on_bin,exact,486,0.0,0.0
tone_on_bin,exact,487,0.009638824385536697,6.618501975859316e-15
tone_on_bin,exact,488,0.0,0.0
tone_on_bin,exact,489,-0.00183291913010421,2.5193438316297365e-14
tone_on_bin,exact,490,0.0,0.0
tone_on_bin,exact,491,-0.008519812487089507,8.1178800345969e-15
tone_on_bin,exact,492,0.0,0.0
tone_on_bin,exact,493,0.006384180746523982,-1.38788541364302e-14
tone_on_bin,exact,494,0.0,0.0
tone_on_bin,exact,495,-0.003735605273065507,5.178155983172344e-15
tone_on_bin,exact,496,0.0,0.0
tone_on_bin,exact,497,0.00583082569787403,1.1444107725769729e-14
tone_on_bin,exact,498,0.0,0.0
tone_on_bin,exact,499,-0.02348865369357997,2.113491740625388e-14
tone_on_bin,exact,500,0.0,0.0
tone_on_bin,exact,501,-0.00864254814883698,-7.148527379009654e-15
tone_on_bin,exact,502,0.0,0.0
tone_on_bin,exact,503,-0.001616818452463145,-7.177797869238036e-16
tone_on_bin,exact,504,0.0,0.0
tone_on_bin,exact,505,-0.0026048548451480915,5.478870970434145e-15
tone_on_bin,exact,506,0.0,0.0
tone_on_bin,exact,507,0.00807918238097449,4.437604704968618e-14
tone_on_bin,exact,508,0.0,0.0
tone_on_bin,exact,509,-0.002075035274514269,1.756613766517376e-14
tone_on_bin,exact,510,0.0,0.0
tone_on_bin,exact,511,-0.0024983770502077247,9.427819738964447e-15
tone_on_bin,exact,512,0.0,0.0
tone_on_bin,exact,513,-0.0024983770501352254,2.1760371282653068e-14
tone_on_bin,exact,514,0.0,0.0
tone_on_bin,exact,515,-0.002075035274626833,1.2506660866178712e-14
tone_on_bin,exact,516,0.0,0.0
tone_on_bin,exact,517,0.008079182380877792,-9.092951073484632e-14
tone_on_bin,exact,518,0.0,0.0
tone_on_bin,exact,519,-0.002604854845119107,1.959139085019013e-15
tone_on_bin,exact,520,0.0,0.0
tone_on_bin,exact,521,-0.001616818452469376,1.0581623468078338e-14
tone_on_bin,exact,522,0.0,0.0
tone_on_bin,exact,523,-0.008642548148947382,-2.0804078041995315e-14
tone_on_bin,exact,524,0.0,0.0
tone_on_bin,exact,525,-0.023488653693569082,-2.3540164632852714e-14
tone_on_bin,exact,526,0.0,0.0
tone_on_bin,exact,527,0.00583082569787958,1.0281643576798372e-14
tone_on_bin,exact,528,0.0,0.0
tone_on_bin,exact,529,-0.003735605273097459,1.4230793514807786e-14
tone_on_bin,exact,530,0.0,0.0
tone_on_bin,exact,531,0.006384180746478582,2.0497805643067853e-14
tone_on_bin,exact,532,0.0,0.0
tone_on_bin,exact,533,-0.008519812487031566,-6.44976226737527e-14
tone_on_bin,exact,534,0.0,0.0
tone_on_bin,exact,535,-0.0018329191300952494,-4.824047698418612e-15
tone_on_bin,exact,536,0.0,0.0
tone_on_bin,exact,537,0.009638824385558756,1.587466323176026e-14
tone_on_bin,exact,538,0.0,0.0
tone_on_bin,exact,539,-0.017363667735743948,4.1953698399731046e-14
tone_on_bin,exact,540,0.0,0.0
tone_on_bin,exact,541,-0.0070049650807740595,5.505375304387319e-15
tone_on_bin,exact,542,0.0,0.0
tone_on_bin,exact,543,0.017119072008634554,1.4278554538569746e-14
tone_on_bin,exact,544,0.0,0.0
tone_on_bin,exact,545,-0.012420622258624045,-1.3584724264213283e-15
tone_on_bin,exact,546,0.0,0.0
tone_on_bin,exact,547,-0.01865558907056091,7.337044833981571e-15
tone_on_bin,exact,548,0.0,0.0
tone_on_bin,exact,549,0.009963759044694598,8.794468713324163e-15
tone_on_bin,exact,550,0.0,0.0
tone_on_bin,exact,551,-0.014631776667733272,1.5182038331852607e-14
tone_on_bin,exact,552,0.0,0.0
tone_on_bin,exact,553,-0.005639507012496674,-6.868384035867032e-15
tone_on_bin,exact,554,0.0,0.0
tone_on_bin,exact,555,0.002837129746796172,1.079233441215859e-13
tone_on_bin,exact,556,0.0,0.0
tone_on_bin,exact,557,-0.0016605748994945801,-1.5664040018373673e-14
tone_on_bin,exact,558,0.0,0.0
tone_on_bin,exact,559,0.006177922767471221,2.3133989297444882e-14
tone_on_bin,exact,560,0.0,0.0
tone_on_bin,exact,561,-0.0031548508774377282,3.582026141475328e-15
tone_on_bin,exact,562,0.0,0.0
tone_on_bin,exact,563,0.023220223665896746,7.627184542946604e-14
tone_on_bin,exact,564,0.0,0.0
tone_on_bin,exact,565,-0.005855595809151794,-3.8553175419053856e-15
tone_on_bin,exact,566,0.0,0.0
tone_on_bin,exact,567,0.0013552437899973305,-8.256540902563775e-15
tone_on_bin,exact,568,0.0,0.0
tone_on_bin,exact,569,-0.0007048767385985505,4.269887707752523e-15
tone_on_bin,exact,570,0.0,0.0
tone_on_bin,exact,571,-0.013651270168061141,-1.2413411292942556e-14
tone_on_bin,exact,572,0.0,0.0
tone_on_bin,exact,573,-7.245389055526765e-05,1.9275519501261688e-14
tone_on_bin,exact,574,0.0,0.0
tone_on_bin,exact,575,-0.006916055400300771,1.5837569957967712e-14
tone_on_bin,exact,576,0.0,0.0
tone_on_bin,exact,577,-0.01754388262945438,9.889224855674783e-15
tone_on_bin,exact,578,0.0,0.0
tone_on_bin,exact,579,-0.01015015348373038,-3.3923538228992275e-14
tone_on_bin,exact,580,0.0,0.0
tone_on_bin,exact,581,-0.0022619303871281807,-4.441958551054797e-14
tone_on_bin,exact,582,0.0,0.0
tone_on_bin,exact,583,0.008137827630034535,-1.502610031509954e-15
tone_on_bin,exact,584,0.0,0.0
tone_on_bin,exact,585,0.0026586765236101643,-9.803328938559619e-15
tone_on_bin,exact,586,0.0,0.0
tone_on_bin,exact,587,-0.0022560013091382294,-7.008908987753788e-14
tone_on_bin,exact,588,0.0,0.0
tone_on_bin,exact,589,-0.0011160557011100165,-3.057023993946597e-14
tone_on_bin,exact,590,0.0,0.0
tone_on_bin,exact,591,-0.008539593073784199,1.7656169913610276e-14
tone_on_bin,exact,592,0.0,0.0
tone_on_bin,exact,593,0.0035313540020546954,1.3155655978576173e-14
tone_on_bin,exact,594,0.0,0.0
tone_on_bin,exact,595,0.011324315466611133,-1.3320868054233577e-15
tone_on_bin,exact,596,0.0,0.0
tone_on_bin,exact,597,0.002679776399558232,3.172140467336421e-14
tone_on_bin,exact,598,0.0,0.0
tone_on_bin,exact,599,-0.012262730439258745,1.0346750368079212e-14
tone_on_bin,exact,600,0.0,0.0
tone_on_bin,exact,601,-0.008093641047798191,2.33165145559151e-14
tone_on_bin,exact,602,0.0,0.0
tone_on_bin,exact,603,0.01409058559919338,-8.480759394274782e-14
tone_on_bin,exact,604,0.0,0.0
tone_on_bin,exact,605,-0.01875536097136369,1.500121074252049e-14
tone_on_bin,exact,606,0.0,0.0
tone_on_bin,exact,607,0.012036707444021433,-3.389014856575154e-14
tone_on_bin,exact,608,0.0,0.0
tone_on_bin,exact,609,-0.012540442094361375,5.362464992535304e-15
tone_on_bin,exact,610,0.0,0.0
tone_on_bin,exact,611,-0.0024364245656118035,5.047244870196905e-14
tone_on_bin,exact,612,0.0,0.0
tone_on_bin,exact,613,0.0011314748648481169,-5.74232191250935e-14
tone_on_bin,exact,614,0.0,0.0
tone_on_bin,exact,615,0.002044375722049298,9.815276611498053e-15
tone_on_bin,exact,616,0.0,0.0
tone_on_bin,exact,617,-0.011828988901956812,-1.625534084932431e-14
tone_on_bin,exact,618,0.0,0.0
tone_on_bin,exact,619,0.006433187153358045,-1.533938994007188e-14
tone_on_bin,exact,620,0.0,0.0
tone_on_bin,exact,621,-0.0033484631340171545,-2.9761790566999932e-15
tone_on_bin,exact,622,0.0,0.0
tone_on_bin,exact,623,0.012418969183430929,1.2942077487434873e-14
tone_on_bin,exact,624,0.0,0.0
tone_on_bin,exact,625,0.0013595527326370534,8.27569886683037e-15
tone_on_bin,exact,626,0.0,0.0
tone_on_bin,exact,627,0.009150150713728463,-2.977103366212971e-14
tone_on_bin,exact,628,0.0,0.0
tone_on_bin,exact,629,-0.01039226278788591,-4.535042059577687e-16
tone_on_bin,exact,630,0.0,0.0
tone_on_bin,exact,631,0.023084787623447477,1.500619723608638e-14
tone_on_bin,exact,632,0.0,0.0
tone_on_bin,exact,633,-0.016965903545429487,-8.903929452300586e-15
tone_on_bin,exact,634,0.0,0.0
tone_on_bin,exact,635,0.0024018720989604113,6.266938916264053e-15
tone_on_bin,exact,636,0.0,0.0
tone_on_bin,exact,637,-0.01161102642825684,-4.424357514690773e-15
tone_on_bin,exact,638,0.0,0.0
tone_on_bin,exact,639,-0.0036496820142587105,-1.164252027771842e-14
tone_on_bin,exact,640,0.0,0.0
tone_on_bin,exact,641,-0.01431068489875989,-1.4776540454429366e-16
tone_on_bin,exact,642,0.0,0.0
tone_on_bin,exact,643,0.004831042941762287,-3.0729169577122456e-14
tone_on_bin,exact,644,0.0,0.0
tone_on_bin,exact,645,0.007490219141057698,-2.2818401536811467e-14
tone_on_bin,exact,646,0.0,0.0
tone_on_bin,exact,647,0.00033429051494524107,4.3121429868256554e-15
tone_on_bin,exact,648,0.0,0.0
tone_on_bin,exact,649,0.006222611327872159,-1.808232173904701e-14
tone_on_bin,exact,650,0.0,0.0
tone_on_bin,exact,651,-0.025570001373073782,1.4492234826189694e-14
tone_on_bin,exact,652,0.0,0.0
tone_on_bin,exact,653,0.015148258464810677,-2.8344128000766442e-14
tone_on_bin,exact,654,0.0,0.0
tone_on_bin,exact,655,-0.016020099593427317,-4.891984857934052e-15
tone_on_bin,exact,656,0.0,0.0
tone_on_bin,exact,657,0.023639909215630566,-1.6898480172366283e-14
tone_on_bin,exact,658,0.0,0.0
tone_on_bin,exact,659,-0.005638651675540893,-2.1557681600247367e-14
tone_on_bin,exact,660,0.0,0.0
tone_on_bin,exact,661,0.008801743145697599,1.7712337959328966e-14
tone_on_bin,exact,662,0.0,0.0
tone_on_bin,exact,663,0.006609887875601742,5.44923798339807e-16
tone_on_bin,exact,664,0.0,0.0
tone_on_bin,exact,665,0.0007661044500250076,9.145065789208466e-15
tone_on_bin,exact,666,0.0,0.0
tone_on_bin,exact,667,0.012457013388638275,-1.9475624863711652e-14
tone_on_bin,exact,668,0.0,0.0
tone_on_bin,exact,669,-0.0029270524348823115,-2.4948348041305077e-14
tone_on_bin,exact,670,0.0,0.0
tone_on_bin,exact,671,-0.01965692656469401,3.1400179605675453e-14
tone_on_bin,exact,672,0.0,0.0
tone_on_bin,exact,673,0.0006959615250802439,-9.812553636047804e-15
tone_on_bin,exact,674,0.0,0.0
tone_on_bin,exact,675,0.007784902190574565,-1.4039504897515814e-14
tone_on_bin,exact,676,0.0,0.0
tone_on_bin,exact,677,-0.018950605077200262,1.9205557125623322e-13
tone_on_bin,exact,678,0.0,0.0
tone_on_bin,exact,679,0.0028326104755645887,1.402206865814393e-14
tone_on_bin,exact,680,0.0,0.0
tone_on_bin,exact,681,0.019920829616201653,-2.116086781664901e-14
tone_on_bin,exact,682,0.0,0.0
tone_on_bin,exact,683,2.175728201961151e-05,-7.01706638033075e-14
tone_on_bin,exact,684,0.0,0.0
tone_on_bin,exact,685,0.012042089056069499,2.3119871086924742e-14
tone_on_bin,exact,686,0.0,0.0
tone_on_bin,exact,687,0.0016178698547613026,6.0252112995732086e-15
tone_on_bin,exact,688,0.0,0.0
tone_on_bin,exact,689,0.009177488746489507,-4.5017874502280966e-15
tone_on_bin,exact,690,0.0,0.0
tone_on_bin,exact,691,0.018937921573590703,-1.638025609789797e-14
tone_on_bin,exact,692,0.0,0.0
tone_on_bin,exact,693,-0.028571130154545224,-1.3353312204832459e-14
tone_on_bin,exact,694,0.0,0.0
tone_on_bin,exact,695,-0.004130958748674024,-1.7748565672816437e-14
tone_on_bin,exact,696,0.0,0.0
tone_on_bin,exact,697,-0.006290472273382853,3.4909676857079936e-15
tone_on_bin,exact,698,0.0,0.0
tone_on_bin,exact,699,0.014200969823969928,-1.0510703857836395e-13
tone_on_bin,exact,700,0.0,0.0
tone_on_bin,exact,701,-0.002793321252283742,-2.085458169602216e-14
tone_on_bin,exact,702,0.0,0.0
tone_on_bin,exact,703,-0.006060416612158313,-8.389254401923175e-15
tone_on_bin,exact,704,0.0,0.0
tone_on_bin,exact,705,0.013984208742067707,-1.231607065570297e-14
tone_on_bin,exact,706,0.0,0.0
tone_on_bin,exact,707,0.006967985031187431,1.991561919824171e-14
tone_on_bin,exact,708,0.0,0.0
tone_on_bin,exact,709,-0.011450122071593733,3.12017992216022e-14
tone_on_bin,exact,710,0.0,0.0
tone_on_bin,exact,711,-0.001055807594615074,-1.1962376184464481e-14
tone_on_bin,exact,712,0.0,0.0
tone_on_bin,exact,713,0.01756784835692788,1.422397252432567e-14
tone_on_bin,exact,714,0.0,0.0
tone_on_bin,exact,715,0.011721085870999385,-2.0828798629849616e-14
tone_on_bin,exact,716,0.0,0.0
tone_on_bin,exact,717,-0.02299112058050762,3.6852096564648664e-15
tone_on_bin,exact,718,0.0,0.0
tone_on_bin,exact,719,0.01089871574607443,4.051497423348665e-16
tone_on_bin,exact,720,0.0,0.0
tone_on_bin,exact,721,0.013946673453560831,2.6973779995979405e-15
tone_on_bin,exact,722,0.0,0.0
tone_on_bin,exact,723,-0.01249497367133594,1.229959081847239e-14
tone_on_bin,exact,724,0.0,0.0
tone_on_bin,exact,725,0.008832615236508835,-4.9959077475838366e-14
tone_on_bin,exact,726,0.0,0.0
tone_on_bin,exact,727,-0.004299192122085361,2.9535611345873585e-14
tone_on_bin,exact,728,0.0,0.0
tone_on_bin,exact,729,-0.0038689498647410843,1.325409319193002e-14
tone_on_bin,exact,730,0.0,0.0
tone_on_bin,exact,731,-0.022009699504719905,-3.009754237225644e-13
tone_on_bin,exact,732,0.0,0.0
tone_on_bin,exact,733,-0.005684060236247996,-6.946090284261658e-15
tone_on_bin,exact,734,0.0,0.0
tone_on_bin,exact,735,-0.01087172910921584,-3.7868037006780394e-15
tone_on_bin,exact,736,0.0,0.0
tone_on_bin,exact,737,-0.0061266650960533926,1.5866383163398054e-14
tone_on_bin,exact,738,0.0,0.0
tone_on_bin,exact,739,-0.016619230144938112,-7.294003056406601e-14
tone_on_bin,exact,740,0.0,0.0
tone_on_bin,exact,741,-0.010742197469214902,9.377412937962304e-14
tone_on_bin,exact,742,0.0,0.0
tone_on_bin,exact,743,0.00288855106220714,-1.0103742345127224e-14
tone_on_bin,exact,744,0.0,0.0
tone_on_bin,exact,745,-0.018526342711278336,1.3612800875249239e-14
tone_on_bin,exact,746,0.0,0.0
tone_on_bin,exact,747,0.008708851149283986,-1.2884473807850485e-14
tone_on_bin,exact,748,0.0,0.0
tone_on_bin,exact,749,0.005624185508839816,-4.963360603261468e-15
tone_on_bin,exact,750,0.0,0.0
tone_on_bin,exact,751,-0.013164419526420628,-2.472594587325976e-14
tone_on_bin,exact,752,0.0,0.0
tone_on_bin,exact,753,-0.0013223454444416735,-2.5346572570881217e-15
tone_on_bin,exact,754,0.0,0.0
tone_on_bin,exact,755,-0.015621322478170954,3.580592350994918e-14
tone_on_bin,exact,756,0.0,0.0
tone_on_bin,exact,757,-0.015380751988959208,3.3608598681941855e-14
tone_on_bin,exact,758,0.0,0.0
tone_on_bin,exact,759,0.015855367308051534,1.7353153312766807e-15
tone_on_bin,exact,760,0.0,0.0
tone_on_bin,exact,761,0.014524206205215134,1.8502875057718822e-15
tone_on_bin,exact,762,0.0,0.0
tone_on_bin,exact,763,0.007920136709502654,3.217395827921132e-14
tone_on_bin,exact,764,0.0,0.0
tone_on_bin,exact,765,-0.005622177058568908,-6.0936725599208644e-15
tone_on_bin,exact,766,0.0,0.0
tone_on_bin,exact,767,0.008950130539827225,1.203491250000716e-14
tone_on_bin,exact,768,0.0,0.0
tone_on_bin,exact,769,0.01679088952934027,3.3306690738754696e-15
tone_on_bin,exact,770,0.0,0.0
tone_on_bin,exact,771,0.005603431180586637,2.664520196863614e-16
tone_on_bin,exact,772,0.0,0.0
tone_on_bin,exact,773,0.027543287804244865,-6.250780130444231e-14
tone_on_bin,exact,774,0.0,0.0
tone_on_bin,exact,775,0.003531129657431088,8.879473386033346e-16
tone_on_bin,exact,776,0.0,0.0
tone_on_bin,exact,777,0.001565743637639296,5.929528786377536e-15
tone_on_bin,exact,778,0.0,0.0
tone_on_bin,exact,779,0.023837749879615844,-8.475292426040433e-14
tone_on_bin,exact,780,0.0,0.0
tone_on_bin,exact,781,-0.009964395970924767,5.884431807100384e-15
tone_on_bin,exact,782,0.0,0.0
tone_on_bin,exact,783,-0.0015128562196154761,1.5020691272732512e-14
tone_on_bin,exact,784,0.0,0.0
tone_on_bin,exact,785,0.0075136001606986216,1.06321096638939e-14
tone_on_bin,exact,786,0.0,0.0
tone_on_bin,exact,787,0.014649826066420662,6.408381571184226e-15
tone_on_bin,exact,788,0.0,0.0
tone_on_bin,exact,789,0.006788211980517547,7.601487046015143e-14
tone_on_bin,exact,790,0.0,0.0
tone_on_bin,exact,791,0.017729647920350436,1.2255605965180037e-14
tone_on_bin,exact,792,0.0,0.0
tone_on_bin,exact,793,-0.021411364825092108,-9.733758401478363e-15
tone_on_bin,exact,794,0.0,0.0
tone_on_bin,exact,795,0.001338682799887238,-7.655458638292801e-14
tone_on_bin,exact,796,0.0,0.0
tone_on_bin,exact,797,-0.012784488392518997,1.0134484900031429e-14
tone_on_bin,exact,798,0.0,0.0
tone_on_bin,exact,799,-0.01100925288810458,-2.497545727360131e-16
tone_on_bin,exact,800,0.0,0.0
tone_on_bin,exact,801,0.004194141721465271,2.8613591900528326e-14
tone_on_bin,exact,802,0.0,0.0
tone_on_bin,exact,803,0.02801100626178394,6.7281568939137115e-15
tone_on_bin,exact,804,0.0,0.0
tone_on_bin,exact,805,-0.006529954402764372,-6.93902112764933e-13
tone_on_bin,exact,806,0.0,0.0
tone_on_bin,exact,807,0.005590021350549182,-1.3208197759837546e-15
tone_on_bin,exact,808,0.0,0.0
tone_on_bin,exact,809,-0.00563734749503077,2.3466725388539394e-14
tone_on_bin,exact,810,0.0,0.0
tone_on_bin,exact,811,-0.002546893878126243,2.3944296447376177e-14
tone_on_bin,exact,812,0.0,0.0
tone_on_bin,exact,813,-0.01949940382163651,8.172361584154639e-15
tone_on_bin,exact,814,0.0,0.0
tone_on_bin,exact,815,-0.0014195669786668426,-4.830186816170242e-15
tone_on_bin,exact,816,0.0,0.0
tone_on_bin,exact,817,-0.021278635617937715,2.0287846896000974e-14
tone_on_bin,exact,818,0.0,0.0
tone_on_bin,exact,819,-0.004201601954471595,-6.32354343221768e-15
tone_on_bin,exact,820,0.0,0.0
tone_on_bin,exact,821,0.010892924409777969,6.975089689759239e-14
tone_on_bin,exact,822,0.0,0.0
tone_on_bin,exact,823,-0.0027303208838877057,-7.938435985156528e-15
tone_on_bin,exact,824,0.0,0.0
tone_on_bin,exact,825,-0.008583309979736999,-1.2578397212237719e-14
tone_on_bin,exact,826,0.0,0.0
tone_on_bin,exact,827,-0.015088760642071706,8.118208952287175e-14
tone_on_bin,exact,828,0.0,0.0
tone_on_bin,exact,829,-0.013682438760450482,-3.631070318143055e-15
tone_on_bin,exact,830,0.0,0.0
tone_on_bin,exact,831,0.008427084333392933,5.784630574247618e-15
tone_on_bin,exact,832,0.0,0.0
tone_on_bin,exact,833,0.003457922176967665,3.501105655390191e-14
tone_on_bin,exact,834,0.0,0.0
tone_on_bin,exact,835,-0.015567865840819336,-6.312161502303934e-15
tone_on_bin,exact,836,0.0,0.0
tone_on_bin,exact,837,0.00297881927741119,-7.603195963304168e-14
tone_on_bin,exact,838,0.0,0.0
tone_on_bin,exact,839,-0.002111150266198183,-1.0256458372157917e-14
tone_on_bin,exact,840,0.0,0.0
tone_on_bin,exact,841,0.012027414919768734,1.7684448740465375e-14
tone_on_bin,exact,842,0.0,0.0
tone_on_bin,exact,843,0.002571283158355227,-6.448896881621576e-14
tone_on_bin,exact,844,0.0,0.0
tone_on_bin,exact,845,-8.64905326561586e-05,-2.732739124156183e-14
tone_on_bin,exact,846,0.0,0.0
tone_on_bin,exact,847,-0.009611071112611148,-2.108402009931477e-15
tone_on_bin,exact,848,0.0,0.0
tone_on_bin,exact,849,0.015102306553079455,1.9388083746891846e-14
tone_on_bin,exact,850,0.0,0.0
tone_on_bin,exact,851,-0.030928601362513023,-5.016151688808752e-14
tone_on_bin,exact,852,0.0,0.0
tone_on_bin,exact,853,-0.01257575992493173,7.855395119474457e-14
tone_on_bin,exact,854,0.0,0.0
tone_on_bin,exact,855,-0.0011665902699085004,-5.355532855593852e-15
tone_on_bin,exact,856,0.0,0.0
tone_on_bin,exact,857,0.0029947309569417968,-1.3641111802203708e-14
tone_on_bin,exact,858,0.0,0.0
tone_on_bin,exact,859,0.007246899828045409,-8.480759394274782e-14
tone_on_bin,exact,860,0.0,0.0
tone_on_bin,exact,861,-0.016812450618218157,-2.8736372257282746e-14
tone_on_bin,exact,862,0.0,0.0
tone_on_bin,exact,863,0.0020319121792494333,1.272317227635225e-14
tone_on_bin,exact,864,0.0,0.0
tone_on_bin,exact,865,0.009374706560730405,1.9720771203195338e-14
tone_on_bin,exact,866,0.0,0.0
tone_on_bin,exact,867,-0.0035932064637689753,-1.3769782624314548e-14
tone_on_bin,exact,868,0.0,0.0
tone_on_bin,exact,869,-0.00724249372009325,-6.862302756686876e-14
tone_on_bin,exact,870,0.0,0.0
tone_on_bin,exact,871,-0.000583291516780974,1.2106144897840968e-15
tone_on_bin,exact,872,0.0,0.0
tone_on_bin,exact,873,0.006725922616129726,2.8439809509218126e-14
tone_on_bin,exact,874,0.0,0.0
tone_on_bin,exact,875,0.0063242546316223305,7.852638892481591e-14
tone_on_bin,exact,876,0.0,0.0
tone_on_bin,exact,877,0.0009665248669690229,-5.815487706005032e-15
tone_on_bin,exact,878,0.0,0.0
tone_on_bin,exact,879,-0.0012035278197522203,9.792253335929986e-15
tone_on_bin,exact,880,0.0,0.0
tone_on_bin,exact,881,0.003329402221496757,-2.126431089438381e-14
tone_on_bin,exact,882,0.0,0.0
tone_on_bin,exact,883,-0.010151478887796347,1.4337129640229067e-14
tone_on_bin,exact,884,0.0,0.0
tone_on_bin,exact,885,0.0036505597691636853,-4.513781254277535e-14
tone_on_bin,exact,886,0.0,0.0
tone_on_bin,exact,887,-0.006079922122454798,-1.1032435819194488e-14
tone_on_bin,exact,888,0.0,0.0
tone_on_bin,exact,889,0.0022455402787099326,-4.5017433713576926e-15
tone_on_bin,exact,890,0.0,0.0
tone_on_bin,exact,891,-0.010887139319012681,1.8335271551440445e-13
tone_on_bin,exact,892,0.0,0.0
tone_on_bin,exact,893,-0.0034050555763007863,7.297169012484512e-15
tone_on_bin,exact,894,0.0,0.0
tone_on_bin,exact,895,-0.004310208395245237,1.0883189318492164e-14
tone_on_bin,exact,896,0.0,0.0
tone_on_bin,exact,897,0.0014598761481839796,-9.155791395213994e-15
tone_on_bin,exact,898,0.0,0.0
tone_on_bin,exact,899,0.00838744172962489,6.421564679196689e-16
tone_on_bin,exact,900,0.0,0.0
tone_on_bin,exact,901,-0.017799178000607728,3.879242117268063e-15
tone_on_bin,exact,902,0.0,0.0
tone_on_bin,exact,903,0.0056267745889186675,2.242821703798225e-14
tone_on_bin,exact,904,0.0,0.0
tone_on_bin,exact,905,0.013003647114875025,2.242356479430411e-16
tone_on_bin,exact,906,0.0,0.0
tone_on_bin,exact,907,-0.00535632089267613,-2.9224214399356566e-14
tone_on_bin,exact,908,0.0,0.0
tone_on_bin,exact,909,0.012566807987716264,4.3191577362265984e-14
tone_on_bin,exact,910,0.0,0.0
tone_on_bin,exact,911,0.0012944402521030685,-8.639142614844672e-15
tone_on_bin,exact,912,0.0,0.0
tone_on_bin,exact,913,-0.004288344967767777,-2.808151564601613e-14
tone_on_bin,exact,914,0.0,0.0
tone_on_bin,exact,915,0.021018339790914005,-1.2662258998757102e-14
tone_on_bin,exact,916,0.0,0.0
tone_on_bin,exact,917,-0.005577313311574768,7.695330699186155e-14
tone_on_bin,exact,918,0.0,0.0
tone_on_bin,exact,919,-0.021140289605177397,1.616898986881219e-14
tone_on_bin,exact,920,0.0,0.0
tone_on_bin,exact,921,-0.02673992414105477,1.6454099297895804e-14
tone_on_bin,exact,922,0.0,0.0
tone_on_bin,exact,923,0.00040724707470541147,-1.373085217883337e-13
tone_on_bin,exact,924,0.0,0.0
tone_on_bin,exact,925,0.015102367712791453,-8.572717090352411e-15
tone_on_bin,exact,926,0.0,0.0
tone_on_bin,exact,927,-0.022469739922525236,7.896777858552948e-15
tone_on_bin,exact,928,0.0,0.0
tone_on_bin,exact,929,-0.010864827008253518,-1.274755216623453e-14
tone_on_bin,exact,930,0.0,0.0
tone_on_bin,exact,931,-0.0034398088421595642,-5.243695614975491e-14
tone_on_bin,exact,932,0.0,0.0
tone_on_bin,exact,933,-0.01103650055181171,-1.0768685491614188e-13
tone_on_bin,exact,934,0.0,0.0
tone_on_bin,exact,935,0.007097717366089931,2.2472353216764714e-14
tone_on_bin,exact,936,0.0,0.0
tone_on_bin,exact,937,0.013278687755965086,1.5628149988968375e-15
tone_on_bin,exact,938,0.0,0.0
tone_on_bin,exact,939,0.009566429116874942,-3.378748938346062e-14
tone_on_bin,exact,940,0.0,0.0
tone_on_bin,exact,941,0.005027660675427138,1.557231935546948e-14
tone_on_bin,exact,942,0.0,0.0
tone_on_bin,exact,943,0.022581668616335912,-3.299184123014071e-14
tone_on_bin,exact,944,0.0,0.0
tone_on_bin,exact,945,0.025609698919130928,6.785919683594369e-15
tone_on_bin,exact,946,0.0,0.0
tone_on_bin,exact,947,-0.0036039997320423244,-7.500611899437123e-14
tone_on_bin,exact,948,0.0,0.0
tone_on_bin,exact,949,0.02615745437884677,1.0395988035657253e-14
tone_on_bin,exact,950,0.0,0.0
tone_on_bin,exact,951,0.009828697180432085,5.594118232612455e-15
tone_on_bin,exact,952,0.0,0.0
tone_on_bin,exact,953,0.007601954370117665,1.355938382802763e-14
tone_on_bin,exact,954,0.0,0.0
tone_on_bin,exact,955,0.01933071609951398,1.55649892545834e-13
tone_on_bin,exact,956,0.0,0.0
tone_on_bin,exact,957,0.017692281542346457,-3.933621489253504e-14
tone_on_bin,exact,958,0.0,0.0
tone_on_bin,exact,959,-0.004117908562048142,9.237944255346441e-15
tone_on_bin,exact,960,0.0,0.0
tone_on_bin,exact,961,-0.003119425727729601,-1.2156152840486865e-14
tone_on_bin,exact,962,0.0,0.0
tone_on_bin,exact,963,-4.748446940423448e-05,-9.788100068792977e-14
tone_on_bin,exact,964,0.0,0.0
tone_on_bin,exact,965,-0.01270223359797245,-1.7532100889856946e-14
tone_on_bin,exact,966,0.0,0.0
tone_on_bin,exact,967,-0.017721498119932434,3.140974176117776e-14
tone_on_bin,exact,968,0.0,0.0
tone_on_bin,exact,969,0.03823310676712552,-1.4072510579685096e-14
tone_on_bin,exact,970,0.0,0.0
tone_on_bin,exact,971,0.020474783290491485,8.073757323943508e-14
tone_on_bin,exact,972,0.0,0.0
tone_on_bin,exact,973,0.005849761481387624,3.9022040038944604e-14
tone_on_bin,exact,974,0.0,0.0
tone_on_bin,exact,975,0.004903657999418309,-8.084355933805339e-14
tone_on_bin,exact,976,0.0,0.0
tone_on_bin,exact,977,-0.0064642081239309115,1.8437788461745568e-14
tone_on_bin,exact,978,0.0,0.0
tone_on_bin,exact,979,-0.003519112707419748,-2.0070558891424003e-13
tone_on_bin,exact,980,0.0,0.0
tone_on_bin,exact,981,-0.0019346208660908164,1.0863472336891905e-13
tone_on_bin,exact,982,0.0,0.0
tone_on_bin,exact,983,-0.0145202052068704,6.651141683624485e-14
tone_on_bin,exact,984,0.0,0.0
tone_on_bin,exact,985,-0.004534123747055563,-2.1086041689446825e-14
tone_on_bin,exact,986,0.0,0.0
tone_on_bin,exact,987,8192.028769840503,-1.311576179895566e-13
tone_on_bin,exact,988,0.0,0.0
tone_on_bin,exact,989,0.0071181246117067495,-9.531681731411484e-15
tone_on_bin,exact,990,0.0,0.0
tone_on_bin,exact,991,0.013116855965924804,5.200613209980821e-14
tone_on_bin,exact,992,0.0,0.0
tone_on_bin,exact,993,-0.01694823821494114,-1.9446062217658262e-15
tone_on_bin,exact,994,0.0,0.0
tone_on_bin,exact,995,0.015356862957493507,1.9072351546833321e-13
tone_on_bin,exact,996,0.0,0.0
tone_on_bin,exact,997,-0.007638313193115336,-1.301958535540171e-13
tone_on_bin,exact,998,0.0,0.0
tone_on_bin,exact,999,0.014822705340917085,-4.4495367362697646e-14
tone_on_bin,exact,1000,0.0,0.0
tone_on_bin,exact,1001,0.01112770381639331,-3.654557342550307e-15
tone_on_bin,exact,1002,0.0,0.0
tone_on_bin,exact,1003,-0.010192458038395377,7.959112601855904e-14
tone_on_bin,exact,1004,0.0,0.0
tone_on_bin,exact,1005,-0.011500765293207534,-2.1860566346317173e-14
tone_on_bin,exact,1006,0.0,0.0
tone_on_bin,exact,1007,-0.012483678150149124,1.3404581822361982e-14
tone_on_bin,exact,1008,0.0,0.0
tone_on_bin,exact,1009,0.008020136840872442,1.1437361234736322e-14
tone_on_bin,exact,1010,0.0,0.0
tone_on_bin,exact,1011,-0.0042570257778467135,-1.2536197467900754e-15
tone_on_bin,exact,1012,0.0,0.0
tone_on_bin,exact,1013,0.02851358606611833,-7.23907755762539e-14
tone_on_bin,exact,1014,0.0,0.0
tone_on_bin,exact,1015,0.007654024043300746,-9.999057755935444e-16
tone_on_bin,exact,1016,0.0,0.0
tone_on_bin,exact,1017,-0.014440861961334293,-2.2888283872941623e-14
tone_on_bin,exact,1018,0.0,0.0
tone_on_bin,exact,1019,-0.0200224026403846,9.998382012911576e-15
tone_on_bin,exact,1020,0.0,0.0
tone_on_bin,exact,1021,-0.010339478071876435,1.0672871842939795e-15
tone_on_bin,exact,1022,0.0,0.0
tone_on_bin,exact,1023,0.03163692999871737,2.5155730289935825e-14
tone_on_bin,Gowin FPGA,0,-2,0
tone_on_bin,Gowin FPGA,1,-10,-9
tone_on_bin,Gowin FPGA,2,-4,1
tone_on_bin,Gowin FPGA,3,-10,-1
tone_on_bin,Gowin FPGA,4,-1,1
tone_on_bin,Gowin FPGA,5,-9,-5
tone_on_bin,Gowin FPGA,6,-2,-3
tone_on_bin,Gowin FPGA,7,-6,-2
tone_on_bin,Gowin FPGA,8,-2,-2
tone_on_bin,Gowin FPGA,9,-9,-4
tone_on_bin,Gowin FPGA,10,-5,-3
tone_on_bin,Gowin FPGA,11,-8,-4
tone_on_bin,Gowin FPGA,12,-5,-2
tone_on_bin,Gowin FPGA,13,-8,-1
tone_on_bin,Gowin FPGA,14,-4,1
tone_on_bin,Gowin FPGA,15,-4,0
tone_on_bin,Gowin FPGA,16,-1,1
tone_on_bin,Gowin FPGA,17,-1,-5
tone_on_bin,Gowin FPGA,18,-2,1
tone_on_bin,Gowin FPGA,19,-6,-3
tone_on_bin,Gowin FPGA,20,-2,-4
tone_on_bin,Gowin FPGA,21,-6,-4
tone_on_bin,Gowin FPGA,22,-3,-3
tone_on_bin,Gowin FPGA,23,-8,-4
tone_on_bin,Gowin FPGA,24,-3,-3
tone_on_bin,Gowin FPGA,25,-3,1
tone_on_bin,Gowin FPGA,26,-4,1
tone_on_bin,Gowin FPGA,27,-6,2
tone_on_bin,Gowin FPGA,28,-3,1
tone_on_bin,Gowin FPGA,29,-4,-4
tone_on_bin,Gowin FPGA,30,-2,1
tone_on_bin,Gowin FPGA,31,-4,-3
tone_on_bin,Gowin FPGA,32,-2,-3
tone_on_bin,Gowin FPGA,33,-6,-6
tone_on_bin,Gowin FPGA,34,-1,-4
tone_on_bin,Gowin FPGA,35,-7,1
tone_on_bin,Gowin FPGA,36,-3,-2
tone_on_bin,Gowin FPGA,37,8196,-1
tone_on_bin,Gowin FPGA,38,-3,1
tone_on_bin,Gowin FPGA,39,-8,-2
tone_on_bin,Gowin FPGA,40,-4,1
tone_on_bin,Gowin FPGA,41,-6,-2
tone_on_bin,Gowin FPGA,42,-2,-1
tone_on_bin,Gowin FPGA,43,-5,-2
tone_on_bin,Gowin FPGA,44,-2,-1
tone_on_bin,Gowin FPGA,45,-4,1
tone_on_bin,Gowin FPGA,46,-2,-1
tone_on_bin,Gowin FPGA,47,-3,0
tone_on_bin,Gowin FPGA,48,-3,-3
tone_on_bin,Gowin FPGA,49,-2,3
tone_on_bin,Gowin FPGA,50,-5,-1
tone_on_bin,Gowin FPGA,51,-4,0
tone_on_bin,Gowin FPGA,52,-4,1
tone_on_bin,Gowin FPGA,53,-1,1
tone_on_bin,Gowin FPGA,54,-2,1
tone_on_bin,Gowin FPGA,55,-4,0
tone_on_bin,Gowin FPGA,56,-2,-1
tone_on_bin,Gowin FPGA,57,-5,-2
tone_on_bin,Gowin FPGA,58,-1,-2
tone_on_bin,Gowin FPGA,59,-6,0
tone_on_bin,Gowin FPGA,60,-4,-3
tone_on_bin,Gowin FPGA,61,-4,1
tone_on_bin,Gowin FPGA,62,-5,0
tone_on_bin,Gowin FPGA,63,-4,2
tone_on_bin,Gowin FPGA,64,-4,1
tone_on_bin,Gowin FPGA,65,-3,-2
tone_on_bin,Gowin FPGA,66,-2,2
tone_on_bin,Gowin FPGA,67,-3,-2
tone_on_bin,Gowin FPGA,68,-2,1
tone_on_bin,Gowin FPGA,69,-5,-5
tone_on_bin,Gowin FPGA,70,-1,-2
tone_on_bin,Gowin FPGA,71,-3,-4
tone_on_bin,Gowin FPGA,72,-4,-2
tone_on_bin,Gowin FPGA,73,-5,-4
tone_on_bin,Gowin FPGA,74,-4,-3
tone_on_bin,Gowin FPGA,75,-2,-2
tone_on_bin,Gowin FPGA,76,-3,0
tone_on_bin,Gowin FPGA,77,-7,-2
tone_on_bin,Gowin FPGA,78,-3,2
tone_on_bin,Gowin FPGA,79,1,-2
tone_on_bin,Gowin FPGA,80,-2,0
tone_on_bin,Gowin FPGA,81,-3,0
tone_on_bin,Gowin FPGA,82,-1,-3
tone_on_bin,Gowin FPGA,83,-4,-3
tone_on_bin,Gowin FPGA,84,-3,-2
tone_on_bin,Gowin FPGA,85,-3,-1
tone_on_bin,Gowin FPGA,86,-4,-3
tone_on_bin,Gowin FPGA,87,-4,-2
tone_on_bin,Gowin FPGA,88,-3,1
tone_on_bin,Gowin FPGA,89,-3,1
tone_on_bin,Gowin FPGA,90,-2,2
tone_on_bin,Gowin FPGA,91,-5,1
tone_on_bin,Gowin FPGA,92,-2,1
tone_on_bin,Gowin FPGA,93,2,-3
tone_on_bin,Gowin FPGA,94,-2,-2
tone_on_bin,Gowin FPGA,95,-3,3
tone_on_bin,Gowin FPGA,96,-4,-1
tone_on_bin,Gowin FPGA,97,-2,0
tone_on_bin,Gowin FPGA,98,-5,-3
tone_on_bin,Gowin FPGA,99,-3,-5
tone_on_bin,Gowin FPGA,100,-2,-3
tone_on_bin,Gowin FPGA,101,-3,2
tone_on_bin,Gowin FPGA,102,-4,1
tone_on_bin,Gowin FPGA,103,-3,-2
tone_on_bin,Gowin FPGA,104,-2,1
tone_on_bin,Gowin FPGA,105,0,-1
tone_on_bin,Gowin FPGA,106,-2,-2
tone_on_bin,Gowin FPGA,107,-6,-2
tone_on_bin,Gowin FPGA,108,-2,-2
tone_on_bin,Gowin FPGA,109,-2,1
tone_on_bin,Gowin FPGA,110,-4,-1
tone_on_bin,Gowin FPGA,111,-2,-2
tone_on_bin,Gowin FPGA,112,-3,0
tone_on_bin,Gowin FPGA,113,-3,0
tone_on_bin,Gowin FPGA,114,-5,2
tone_on_bin,Gowin FPGA,115,-5,1
tone_on_bin,Gowin FPGA,116,-2,0
tone_on_bin,Gowin FPGA,117,-4,2
tone_on_bin,Gowin FPGA,118,-2,-2
tone_on_bin,Gowin FPGA,119,-3,0
tone_on_bin,Gowin FPGA,120,-3,-2
tone_on_bin,Gowin FPGA,121,-6,1
tone_on_bin,Gowin FPGA,122,-4,-3
tone_on_bin,Gowin FPGA,123,-4,2
tone_on_bin,Gowin FPGA,124,-3,-2
tone_on_bin,Gowin FPGA,125,2,1
tone_on_bin,Gowin FPGA,126,-3,1
tone_on_bin,Gowin FPGA,127,-5,-1
tone_on_bin,Gowin FPGA,128,-2,1
tone_on_bin,Gowin FPGA,129,-2,-3
tone_on_bin,Gowin FPGA,130,0,1
tone_on_bin,Gowin FPGA,131,-2,-2
tone_on_bin,Gowin FPGA,132,-2,-3
tone_on_bin,Gowin FPGA,133,-2,-4
tone_on_bin,Gowin FPGA,134,-3,-2
tone_on_bin,Gowin FPGA,135,-4,-3
tone_on_bin,Gowin FPGA,136,-4,0
tone_on_bin,Gowin FPGA,137,-2,-3
tone_on_bin,Gowin FPGA,138,-4,2
tone_on_bin,Gowin FPGA,139,-3,-3
tone_on_bin,Gowin FPGA,140,-1,1
tone_on_bin,Gowin FPGA,141,0,-2
tone_on_bin,Gowin FPGA,142,0,1
tone_on_bin,Gowin FPGA,143,-4,2
tone_on_bin,Gowin FPGA,144,-2,-3
tone_on_bin,Gowin FPGA,145,-3,2
tone_on_bin,Gowin FPGA,146,-2,-3
tone_on_bin,Gowin FPGA,147,-3,-2
tone_on_bin,Gowin FPGA,148,-5,1
tone_on_bin,Gowin FPGA,149,-3,-4
tone_on_bin,Gowin FPGA,150,-4,2
tone_on_bin,Gowin FPGA,151,0,-4
tone_on_bin,Gowin FPGA,152,-3,2
tone_on_bin,Gowin FPGA,153,-6,-2
tone_on_bin,Gowin FPGA,154,0,0
tone_on_bin,Gowin FPGA,155,-5,-4
tone_on_bin,Gowin FPGA,156,-2,-1
tone_on_bin,Gowin FPGA,157,2,-1
tone_on_bin,Gowin FPGA,158,-2,-3
tone_on_bin,Gowin FPGA,159,1,-2
tone_on_bin,Gowin FPGA,160,-3,-1
tone_on_bin,Gowin FPGA,161,-3,-3
tone_on_bin,Gowin FPGA,162,-5,1
tone_on_bin,Gowin FPGA,163,-2,-4
tone_on_bin,Gowin FPGA,164,-1,1
tone_on_bin,Gowin FPGA,165,-5,-2
tone_on_bin,Gowin FPGA,166,-2,-1
tone_on_bin,Gowin FPGA,167,1,0
tone_on_bin,Gowin FPGA,168,-2,-1
tone_on_bin,Gowin FPGA,169,2,-1
tone_on_bin,Gowin FPGA,170,-4,-1
tone_on_bin,Gowin FPGA,171,-4,-4
tone_on_bin,Gowin FPGA,172,-4,-3
tone_on_bin,Gowin FPGA,173,-3,-2
tone_on_bin,Gowin FPGA,174,-3,1
tone_on_bin,Gowin FPGA,175,0,2
tone_on_bin,Gowin FPGA,176,-2,1
tone_on_bin,Gowin FPGA,177,-1,-1
tone_on_bin,Gowin FPGA,178,-2,1
tone_on_bin,Gowin FPGA,179,-4,-2
tone_on_bin,Gowin FPGA,180,-2,-1
tone_on_bin,Gowin FPGA,181,-4,2
tone_on_bin,Gowin FPGA,182,-4,-1
tone_on_bin,Gowin FPGA,183,1,-2
tone_on_bin,Gowin FPGA,184,-4,-3
tone_on_bin,Gowin FPGA,185,1,-1
tone_on_bin,Gowin FPGA,186,-4,1
tone_on_bin,Gowin FPGA,187,-2,2
tone_on_bin,Gowin FPGA,188,-3,1
tone_on_bin,Gowin FPGA,189,-5,-3
tone_on_bin,Gowin FPGA,190,-2,1
tone_on_bin,Gowin FPGA,191,-3,-1
tone_on_bin,Gowin FPGA,192,-2,-2
tone_on_bin,Gowin FPGA,193,-2,-2
tone_on_bin,Gowin FPGA,194,0,-3
tone_on_bin,Gowin FPGA,195,1,-2
tone_on_bin,Gowin FPGA,196,-2,-1
tone_on_bin,Gowin FPGA,197,0,-2
tone_on_bin,Gowin FPGA,198,-4,1
tone_on_bin,Gowin FPGA,199,-3,-1
tone_on_bin,Gowin FPGA,200,-1,1
tone_on_bin,Gowin FPGA,201,-2,-1
tone_on_bin,Gowin FPGA,202,-2,2
tone_on_bin,Gowin FPGA,203,-3,-1
tone_on_bin,Gowin FPGA,204,-2,1
tone_on_bin,Gowin FPGA,205,-4,-3
tone_on_bin,Gowin FPGA,206,0,-1
tone_on_bin,Gowin FPGA,207,-4,1
tone_on_bin,Gowin FPGA,208,-2,-1
tone_on_bin,Gowin FPGA,209,-2,0
tone_on_bin,Gowin FPGA,210,-5,0
tone_on_bin,Gowin FPGA,211,3,0
tone_on_bin,Gowin FPGA,212,-3,2
tone_on_bin,Gowin FPGA,213,-4,-2
tone_on_bin,Gowin FPGA,214,-2,2
tone_on_bin,Gowin FPGA,215,-2,0
tone_on_bin,Gowin FPGA,216,0,-1
tone_on_bin,Gowin FPGA,217,-3,0
tone_on_bin,Gowin FPGA,218,-2,-1
tone_on_bin,Gowin FPGA,219,-3,1
tone_on_bin,Gowin FPGA,220,-3,-3
tone_on_bin,Gowin FPGA,221,1,0
tone_on_bin,Gowin FPGA,222,-5,1
tone_on_bin,Gowin FPGA,223,-2,-2
tone_on_bin,Gowin FPGA,224,-4,1
tone_on_bin,Gowin FPGA,225,0,-2
tone_on_bin,Gowin FPGA,226,-1,2
tone_on_bin,Gowin FPGA,227,1,1
tone_on_bin,Gowin FPGA,228,-2,1
tone_on_bin,Gowin FPGA,229,1,-1
tone_on_bin,Gowin FPGA,230,-2,-2
tone_on_bin,Gowin FPGA,231,-4,-1
tone_on_bin,Gowin FPGA,232,-3,-3
tone_on_bin,Gowin FPGA,233,1,-3
tone_on_bin,Gowin FPGA,234,-5,1
tone_on_bin,Gowin FPGA,235,1,-1
tone_on_bin,Gowin FPGA,236,-5,1
tone_on_bin,Gowin FPGA,237,-3,1
tone_on_bin,Gowin FPGA,238,-2,2
tone_on_bin,Gowin FPGA,239,-5,2
tone_on_bin,Gowin FPGA,240,-2,1
tone_on_bin,Gowin FPGA,241,-2,1
tone_on_bin,Gowin FPGA,242,0,0
tone_on_bin,Gowin FPGA,243,1,-2
tone_on_bin,Gowin FPGA,244,-2,-3
tone_on_bin,Gowin FPGA,245,0,0
tone_on_bin,Gowin FPGA,246,-2,-1
tone_on_bin,Gowin FPGA,247,1,1
tone_on_bin,Gowin FPGA,248,-5,1
tone_on_bin,Gowin FPGA,249,-4,-4
tone_on_bin,Gowin FPGA,250,-4,1
tone_on_bin,Gowin FPGA,251,0,-2
tone_on_bin,Gowin FPGA,252,-2,2
tone_on_bin,Gowin FPGA,253,-2,2
tone_on_bin,Gowin FPGA,254,-2,-2
tone_on_bin,Gowin FPGA,255,-3,-3
tone_on_bin,Gowin FPGA,256,-1,-2
tone_on_bin,Gowin FPGA,257,-3,-2
tone_on_bin,Gowin FPGA,258,-3,-1
tone_on_bin,Gowin FPGA,259,-2,-3
tone_on_bin,Gowin FPGA,260,-2,0
tone_on_bin,Gowin FPGA,261,0,0
tone_on_bin,Gowin FPGA,262,-2,1
tone_on_bin,Gowin FPGA,263,1,-3
tone_on_bin,Gowin FPGA,264,0,1
tone_on_bin,Gowin FPGA,265,2,-3
tone_on_bin,Gowin FPGA,266,0,-2
tone_on_bin,Gowin FPGA,267,1,-2
tone_on_bin,Gowin FPGA,268,-2,-2
tone_on_bin,Gowin FPGA,269,1,-2
tone_on_bin,Gowin FPGA,270,-3,-1
tone_on_bin,Gowin FPGA,271,-4,-3
tone_on_bin,Gowin FPGA,272,-2,0
tone_on_bin,Gowin FPGA,273,-3,3
tone_on_bin,Gowin FPGA,274,-2,1
tone_on_bin,Gowin FPGA,275,-3,-3
tone_on_bin,Gowin FPGA,276,0,1
tone_on_bin,Gowin FPGA,277,1,-1
tone_on_bin,Gowin FPGA,278,0,-3
tone_on_bin,Gowin FPGA,279,1,-2
tone_on_bin,Gowin FPGA,280,0,-2
tone_on_bin,Gowin FPGA,281,-1,-4
tone_on_bin,Gowin FPGA,282,-3,-1
tone_on_bin,Gowin FPGA,283,-2,0
tone_on_bin,Gowin FPGA,284,-4,-2
tone_on_bin,Gowin FPGA,285,-3,1
tone_on_bin,Gowin FPGA,286,-2,1
tone_on_bin,Gowin FPGA,287,-2,-4
tone_on_bin,Gowin FPGA,288,-2,1
tone_on_bin,Gowin FPGA,289,3,3
tone_on_bin,Gowin FPGA,290,0,1
tone_on_bin,Gowin FPGA,291,2,-2
tone_on_bin,Gowin FPGA,292,-2,-3
tone_on_bin,Gowin FPGA,293,-1,-3
tone_on_bin,Gowin FPGA,294,-3,-2
tone_on_bin,Gowin FPGA,295,3,0
tone_on_bin,Gowin FPGA,296,-4,-1
tone_on_bin,Gowin FPGA,297,3,-2
tone_on_bin,Gowin FPGA,298,-2,1
tone_on_bin,Gowin FPGA,299,-2,1
tone_on_bin,Gowin FPGA,300,-2,1
tone_on_bin,Gowin FPGA,301,0,-4
tone_on_bin,Gowin FPGA,302,0,-1
tone_on_bin,Gowin FPGA,303,-3,-4
tone_on_bin,Gowin FPGA,304,-2,-3
tone_on_bin,Gowin FPGA,305,-4,-1
tone_on_bin,Gowin FPGA,306,-1,-2
tone_on_bin,Gowin FPGA,307,-3,-3
tone_on_bin,Gowin FPGA,308,-2,-1
tone_on_bin,Gowin FPGA,309,-2,-3
tone_on_bin,Gowin FPGA,310,-4,2
tone_on_bin,Gowin FPGA,311,3,1
tone_on_bin,Gowin FPGA,312,-2,1
tone_on_bin,Gowin FPGA,313,-2,-3
tone_on_bin,Gowin FPGA,314,0,1
tone_on_bin,Gowin FPGA,315,-1,-2
tone_on_bin,Gowin FPGA,316,0,-2
tone_on_bin,Gowin FPGA,317,2,-5
tone_on_bin,Gowin FPGA,318,-1,-2
tone_on_bin,Gowin FPGA,319,2,-2
tone_on_bin,Gowin FPGA,320,-3,-1
tone_on_bin,Gowin FPGA,321,-1,-5
tone_on_bin,Gowin FPGA,322,-3,-2
tone_on_bin,Gowin FPGA,323,0,0
tone_on_bin,Gowin FPGA,324,-4,2
tone_on_bin,Gowin FPGA,325,3,3
tone_on_bin,Gowin FPGA,326,0,1
tone_on_bin,Gowin FPGA,327,-1,-2
tone_on_bin,Gowin FPGA,328,-2,-1
tone_on_bin,Gowin FPGA,329,0,0
tone_on_bin,Gowin FPGA,330,-2,-3
tone_on_bin,Gowin FPGA,331,-4,-3
tone_on_bin,Gowin FPGA,332,-2,-2
tone_on_bin,Gowin FPGA,333,0,0
tone_on_bin,Gowin FPGA,334,-5,0
tone_on_bin,Gowin FPGA,335,-2,2
tone_on_bin,Gowin FPGA,336,-3,2
tone_on_bin,Gowin FPGA,337,-1,-3
tone_on_bin,Gowin FPGA,338,0,1
tone_on_bin,Gowin FPGA,339,-1,2
tone_on_bin,Gowin FPGA,340,-2,-1
tone_on_bin,Gowin FPGA,341,1,-5
tone_on_bin,Gowin FPGA,342,-2,-3
tone_on_bin,Gowin FPGA,343,0,0
tone_on_bin,Gowin FPGA,344,-4,-2
tone_on_bin,Gowin FPGA,345,-3,1
tone_on_bin,Gowin FPGA,346,-3,-1
tone_on_bin,Gowin FPGA,347,2,1
tone_on_bin,Gowin FPGA,348,-3,1
tone_on_bin,Gowin FPGA,349,-5,3
tone_on_bin,Gowin FPGA,350,0,1
tone_on_bin,Gowin FPGA,351,-2,1
tone_on_bin,Gowin FPGA,352,-2,-2
tone_on_bin,Gowin FPGA,353,-3,1
tone_on_bin,Gowin FPGA,354,-2,-1
tone_on_bin,Gowin FPGA,355,-1,-3
tone_on_bin,Gowin FPGA,356,-1,-3
tone_on_bin,Gowin FPGA,357,-2,-1
tone_on_bin,Gowin FPGA,358,-4,-1
tone_on_bin,Gowin FPGA,359,2,0
tone_on_bin,Gowin FPGA,360,-3,1
tone_on_bin,Gowin FPGA,361,-1,-1
tone_on_bin,Gowin FPGA,362,0,1
tone_on_bin,Gowin FPGA,363,2,0
tone_on_bin,Gowin FPGA,364,0,1
tone_on_bin,Gowin FPGA,365,-1,-1
tone_on_bin,Gowin FPGA,366,-2,-2
tone_on_bin,Gowin FPGA,367,-2,1
tone_on_bin,Gowin FPGA,368,-1,-3
tone_on_bin,Gowin FPGA,369,1,2
tone_on_bin,Gowin FPGA,370,-2,-2
tone_on_bin,Gowin FPGA,371,-1,-1
tone_on_bin,Gowin FPGA,372,-2,1
tone_on_bin,Gowin FPGA,373,-3,-4
tone_on_bin,Gowin FPGA,374,-2,1
tone_on_bin,Gowin FPGA,375,-3,3
tone_on_bin,Gowin FPGA,376,0,1
tone_on_bin,Gowin FPGA,377,-3,-1
tone_on_bin,Gowin FPGA,378,-2,-2
tone_on_bin,Gowin FPGA,379,-5,2
tone_on_bin,Gowin FPGA,380,-2,-2
tone_on_bin,Gowin FPGA,381,1,-1
tone_on_bin,Gowin FPGA,382,-3,-2
tone_on_bin,Gowin FPGA,383,-2,-2
tone_on_bin,Gowin FPGA,384,-4,1
tone_on_bin,Gowin FPGA,385,2,1
tone_on_bin,Gowin FPGA,386,-3,2
tone_on_bin,Gowin FPGA,387,0,-2
tone_on_bin,Gowin FPGA,388,0,1
tone_on_bin,Gowin FPGA,389,2,1
tone_on_bin,Gowin FPGA,390,-2,-3
tone_on_bin,Gowin FPGA,391,-7,2
tone_on_bin,Gowin FPGA,392,-3,-2
tone_on_bin,Gowin FPGA,393,-3,2
tone_on_bin,Gowin FPGA,394,-4,0
tone_on_bin,Gowin FPGA,395,2,-3
tone_on_bin,Gowin FPGA,396,-3,1
tone_on_bin,Gowin FPGA,397,3,-2
tone_on_bin,Gowin FPGA,398,-2,2
tone_on_bin,Gowin FPGA,399,-2,-2
tone_on_bin,Gowin FPGA,400,0,0
tone_on_bin,Gowin FPGA,401,1,2
tone_on_bin,Gowin FPGA,402,1,-1
tone_on_bin,Gowin FPGA,403,-4,-2
tone_on_bin,Gowin FPGA,404,-3,-2
tone_on_bin,Gowin FPGA,405,-2,-2
tone_on_bin,Gowin FPGA,406,-4,0
tone_on_bin,Gowin FPGA,407,1,-2
tone_on_bin,Gowin FPGA,408,-3,-1
tone_on_bin,Gowin FPGA,409,0,-1
tone_on_bin,Gowin FPGA,410,-2,2
tone_on_bin,Gowin FPGA,411,-2,-2
tone_on_bin,Gowin FPGA,412,-1,1
tone_on_bin,Gowin FPGA,413,1,3
tone_on_bin,Gowin FPGA,414,1,-2
tone_on_bin,Gowin FPGA,415,-1,-2
tone_on_bin,Gowin FPGA,416,-2,-3
tone_on_bin,Gowin FPGA,417,0,-2
tone_on_bin,Gowin FPGA,418,-4,-1
tone_on_bin,Gowin FPGA,419,1,0
tone_on_bin,Gowin FPGA,420,-2,1
tone_on_bin,Gowin FPGA,421,1,-3
tone_on_bin,Gowin FPGA,422,-2,1
tone_on_bin,Gowin FPGA,423,-1,-2
tone_on_bin,Gowin FPGA,424,-2,1
tone_on_bin,Gowin FPGA,425,2,-2
tone_on_bin,Gowin FPGA,426,-2,-1
tone_on_bin,Gowin FPGA,427,2,0
tone_on_bin,Gowin FPGA,428,-2,-1
tone_on_bin,Gowin FPGA,429,-3,2
tone_on_bin,Gowin FPGA,430,-2,-2
tone_on_bin,Gowin FPGA,431,-2,-1
tone_on_bin,Gowin FPGA,432,-2,1
tone_on_bin,Gowin FPGA,433,-3,-2
tone_on_bin,Gowin FPGA,434,-3,1
tone_on_bin,Gowin FPGA,435,-3,-2
tone_on_bin,Gowin FPGA,436,-2,1
tone_on_bin,Gowin FPGA,437,-2,-2
tone_on_bin,Gowin FPGA,438,0,-1
tone_on_bin,Gowin FPGA,439,-3,1
tone_on_bin,Gowin FPGA,440,-2,-1
tone_on_bin,Gowin FPGA,441,3,1
tone_on_bin,Gowin FPGA,442,-2,-3
tone_on_bin,Gowin FPGA,443,-4,-4
tone_on_bin,Gowin FPGA,444,-4,-1
tone_on_bin,Gowin FPGA,445,0,1
tone_on_bin,Gowin FPGA,446,-3,1
tone_on_bin,Gowin FPGA,447,0,-4
tone_on_bin,Gowin FPGA,448,-2,2
tone_on_bin,Gowin FPGA,449,-2,1
tone_on_bin,Gowin FPGA,450,0,2
tone_on_bin,Gowin FPGA,451,3,2
tone_on_bin,Gowin FPGA,452,0,-1
tone_on_bin,Gowin FPGA,453,-3,-1
tone_on_bin,Gowin FPGA,454,-3,-3
tone_on_bin,Gowin FPGA,455,-1,-4
tone_on_bin,Gowin FPGA,456,-4,1
tone_on_bin,Gowin FPGA,457,2,2
tone_on_bin,Gowin FPGA,458,-4,1
tone_on_bin,Gowin FPGA,459,2,1
tone_on_bin,Gowin FPGA,460,-4,1
tone_on_bin,Gowin FPGA,461,1,1
tone_on_bin,Gowin FPGA,462,0,2
tone_on_bin,Gowin FPGA,463,-2,-1
tone_on_bin,Gowin FPGA,464,0,-1
tone_on_bin,Gowin FPGA,465,1,1
tone_on_bin,Gowin FPGA,466,-2,-2
tone_on_bin,Gowin FPGA,467,0,2
tone_on_bin,Gowin FPGA,468,-2,-2
tone_on_bin,Gowin FPGA,469,-1,2
tone_on_bin,Gowin FPGA,470,-4,1
tone_on_bin,Gowin FPGA,471,0,0
tone_on_bin,Gowin FPGA,472,-2,2
tone_on_bin,Gowin FPGA,473,-4,-2
tone_on_bin,Gowin FPGA,474,0,2
tone_on_bin,Gowin FPGA,475,-2,0
tone_on_bin,Gowin FPGA,476,-2,-2
tone_on_bin,Gowin FPGA,477,2,-1
tone_on_bin,Gowin FPGA,478,-3,-2
tone_on_bin,Gowin FPGA,479,1,0
tone_on_bin,Gowin FPGA,480,-3,-3
tone_on_bin,Gowin FPGA,481,-2,-2
tone_on_bin,Gowin FPGA,482,-3,1
tone_on_bin,Gowin FPGA,483,-4,-2
tone_on_bin,Gowin FPGA,484,-4,1
tone_on_bin,Gowin FPGA,485,3,-2
tone_on_bin,Gowin FPGA,486,-2,1
tone_on_bin,Gowin FPGA,487,1,1
tone_on_bin,Gowin FPGA,488,-2,-2
tone_on_bin,Gowin FPGA,489,-2,-2
tone_on_bin,Gowin FPGA,490,-3,-2
tone_on_bin,Gowin FPGA,491,0,1
tone_on_bin,Gowin FPGA,492,-3,-2
tone_on_bin,Gowin FPGA,493,1,-2
tone_on_bin,Gowin FPGA,494,-3,1
tone_on_bin,Gowin FPGA,495,-4,1
tone_on_bin,Gowin FPGA,496,-4,1
tone_on_bin,Gowin FPGA,497,-1,-3
tone_on_bin,Gowin FPGA,498,-2,2
tone_on_bin,Gowin FPGA,499,0,-2
tone_on_bin,Gowin FPGA,500,-2,-2
tone_on_bin,Gowin FPGA,501,-2,-1
tone_on_bin,Gowin FPGA,502,-1,-2
tone_on_bin,Gowin FPGA,503,-5,-2
tone_on_bin,Gowin FPGA,504,-3,-2
tone_on_bin,Gowin FPGA,505,1,-1
tone_on_bin,Gowin FPGA,506,-3,-3
tone_on_bin,Gowin FPGA,507,0,-2
tone_on_bin,Gowin FPGA,508,-3,1
tone_on_bin,Gowin FPGA,509,-2,-5
tone_on_bin,Gowin FPGA,510,-2,1
tone_on_bin,Gowin FPGA,511,1,0
tone_on_bin,Gowin FPGA,512,0,0
tone_on_bin,Gowin FPGA,513,2,-2
tone_on_bin,Gowin FPGA,514,1,-2
tone_on_bin,Gowin FPGA,515,2,1
tone_on_bin,Gowin FPGA,516,-1,-2
tone_on_bin,Gowin FPGA,517,2,-2
tone_on_bin,Gowin FPGA,518,-3,2
tone_on_bin,Gowin FPGA,519,-2,-3
tone_on_bin,Gowin FPGA,520,-3,2
tone_on_bin,Gowin FPGA,521,-2,-1
tone_on_bin,Gowin FPGA,522,2,2
tone_on_bin,Gowin FPGA,523,2,2
tone_on_bin,Gowin FPGA,524,2,1
tone_on_bin,Gowin FPGA,525,3,2
tone_on_bin,Gowin FPGA,526,1,-2
tone_on_bin,Gowin FPGA,527,0,-1
tone_on_bin,Gowin FPGA,528,-1,-2
tone_on_bin,Gowin FPGA,529,-2,2
tone_on_bin,Gowin FPGA,530,-3,-2
tone_on_bin,Gowin FPGA,531,2,-1
tone_on_bin,Gowin FPGA,532,-3,3
tone_on_bin,Gowin FPGA,533,1,1
tone_on_bin,Gowin FPGA,534,1,2
tone_on_bin,Gowin FPGA,535,1,1
tone_on_bin,Gowin FPGA,536,1,2
tone_on_bin,Gowin FPGA,537,0,1
tone_on_bin,Gowin FPGA,538,1,-2
tone_on_bin,Gowin FPGA,539,0,-2
tone_on_bin,Gowin FPGA,540,-2,-2
tone_on_bin,Gowin FPGA,541,0,-2
tone_on_bin,Gowin FPGA,542,-3,-2
tone_on_bin,Gowin FPGA,543,2,3
tone_on_bin,Gowin FPGA,544,-3,2
tone_on_bin,Gowin FPGA,545,1,-3
tone_on_bin,Gowin FPGA,546,-1,3
tone_on_bin,Gowin FPGA,547,2,0
tone_on_bin,Gowin FPGA,548,1,1
tone_on_bin,Gowin FPGA,549,1,-1
tone_on_bin,Gowin FPGA,550,-2,-2
tone_on_bin,Gowin FPGA,551,1,1
tone_on_bin,Gowin FPGA,552,1,-1
tone_on_bin,Gowin FPGA,553,3,1
tone_on_bin,Gowin FPGA,554,-3,1
tone_on_bin,Gowin FPGA,555,-1,-3
tone_on_bin,Gowin FPGA,556,-3,1
tone_on_bin,Gowin FPGA,557,1,-4
tone_on_bin,Gowin FPGA,558,0,1
tone_on_bin,Gowin FPGA,559,3,-1
tone_on_bin,Gowin FPGA,560,1,2
tone_on_bin,Gowin FPGA,561,1,-1
tone_on_bin,Gowin FPGA,562,2,1
tone_on_bin,Gowin FPGA,563,0,2
tone_on_bin,Gowin FPGA,564,1,-1
tone_on_bin,Gowin FPGA,565,1,0
tone_on_bin,Gowin FPGA,566,-3,-2
tone_on_bin,Gowin FPGA,567,2,-3
tone_on_bin,Gowin FPGA,568,-3,1
tone_on_bin,Gowin FPGA,569,4,2
tone_on_bin,Gowin FPGA,570,-1,2
tone_on_bin,Gowin FPGA,571,1,-2
tone_on_bin,Gowin FPGA,572,1,2
tone_on_bin,Gowin FPGA,573,3,1
tone_on_bin,Gowin FPGA,574,2,0
tone_on_bin,Gowin FPGA,575,2,1
tone_on_bin,Gowin FPGA,576,1,-1
tone_on_bin,Gowin FPGA,577,1,-3
tone_on_bin,Gowin FPGA,578,0,-3
tone_on_bin,Gowin FPGA,579,-3,4
tone_on_bin,Gowin FPGA,580,-3,-2
tone_on_bin,Gowin FPGA,581,-2,-2
tone_on_bin,Gowin FPGA,582,-1,2
tone_on_bin,Gowin FPGA,583,2,-2
tone_on_bin,Gowin FPGA,584,1,1
tone_on_bin,Gowin FPGA,585,-1,1
tone_on_bin,Gowin FPGA,586,2,2
tone_on_bin,Gowin FPGA,587,-3,1
tone_on_bin,Gowin FPGA,588,1,0
tone_on_bin,Gowin FPGA,589,2,2
tone_on_bin,Gowin FPGA,590,-2,-3
tone_on_bin,Gowin FPGA,591,1,-3
tone_on_bin,Gowin FPGA,592,-3,0
tone_on_bin,Gowin FPGA,593,-2,0
tone_on_bin,Gowin FPGA,594,-1,2
tone_on_bin,Gowin FPGA,595,-3,-3
tone_on_bin,Gowin FPGA,596,1,2
tone_on_bin,Gowin FPGA,597,1,-2
tone_on_bin,Gowin FPGA,598,2,2
tone_on_bin,Gowin FPGA,599,-3,3
tone_on_bin,Gowin FPGA,600,1,-1
tone_on_bin,Gowin FPGA,601,0,2
tone_on_bin,Gowin FPGA,602,0,-3
tone_on_bin,Gowin FPGA,603,-2,-3
tone_on_bin,Gowin FPGA,604,-3,-2
tone_on_bin,Gowin FPGA,605,1,0
tone_on_bin,Gowin FPGA,606,0,2
tone_on_bin,Gowin FPGA,607,-1,-3
tone_on_bin,Gowin FPGA,608,1,1
tone_on_bin,Gowin FPGA,609,2,-1
tone_on_bin,Gowin FPGA,610,2,2
tone_on_bin,Gowin FPGA,611,4,-2
tone_on_bin,Gowin FPGA,612,0,2
tone_on_bin,Gowin FPGA,613,-3,0
tone_on_bin,Gowin FPGA,614,1,-1
tone_on_bin,Gowin FPGA,615,0,2
tone_on_bin,Gowin FPGA,616,-3,-2
tone_on_bin,Gowin FPGA,617,2,3
tone_on_bin,Gowin FPGA,618,0,2
tone_on_bin,Gowin FPGA,619,2,-1
tone_on_bin,Gowin FPGA,620,0,2
tone_on_bin,Gowin FPGA,621,-4,0
tone_on_bin,Gowin FPGA,622,1,1
tone_on_bin,Gowin FPGA,623,3,-4
tone_on_bin,Gowin FPGA,624,1,0
tone_on_bin,Gowin FPGA,625,-4,-2
tone_on_bin,Gowin FPGA,626,2,-3
tone_on_bin,Gowin FPGA,627,-1,1
tone_on_bin,Gowin FPGA,628,-3,0
tone_on_bin,Gowin FPGA,629,3,-1
tone_on_bin,Gowin FPGA,630,-3,1
tone_on_bin,Gowin FPGA,631,-4,-1
tone_on_bin,Gowin FPGA,632,-2,2
tone_on_bin,Gowin FPGA,633,-2,2
tone_on_bin,Gowin FPGA,634,1,2
tone_on_bin,Gowin FPGA,635,1,-1
tone_on_bin,Gowin FPGA,636,1,1
tone_on_bin,Gowin FPGA,637,-1,-2
tone_on_bin,Gowin FPGA,638,-2,-1
tone_on_bin,Gowin FPGA,639,1,3
tone_on_bin,Gowin FPGA,640,-3,-2
tone_on_bin,Gowin FPGA,641,3,0
tone_on_bin,Gowin FPGA,642,-2,-2
tone_on_bin,Gowin FPGA,643,-3,-3
tone_on_bin,Gowin FPGA,644,0,2
tone_on_bin,Gowin FPGA,645,-1,2
tone_on_bin,Gowin FPGA,646,1,1
tone_on_bin,Gowin FPGA,647,2,0
tone_on_bin,Gowin FPGA,648,1,0
tone_on_bin,Gowin FPGA,649,-3,-2
tone_on_bin,Gowin FPGA,650,1,-3
tone_on_bin,Gowin FPGA,651,1,2
tone_on_bin,Gowin FPGA,652,-1,-2
tone_on_bin,Gowin FPGA,653,1,-1
tone_on_bin,Gowin FPGA,654,-2,-2
tone_on_bin,Gowin FPGA,655,4,-2
tone_on_bin,Gowin FPGA,656,0,2
tone_on_bin,Gowin FPGA,657,0,-2
tone_on_bin,Gowin FPGA,658,0,2
tone_on_bin,Gowin FPGA,659,3,-4
tone_on_bin,Gowin FPGA,660,2,-2
tone_on_bin,Gowin FPGA,661,2,1
tone_on_bin,Gowin FPGA,662,1,-3
tone_on_bin,Gowin FPGA,663,2,1
tone_on_bin,Gowin FPGA,664,-2,-3
tone_on_bin,Gowin FPGA,665,2,-1
tone_on_bin,Gowin FPGA,666,-2,0
tone_on_bin,Gowin FPGA,667,-3,1
tone_on_bin,Gowin FPGA,668,-3,1
tone_on_bin,Gowin FPGA,669,-1,0
tone_on_bin,Gowin FPGA,670,0,2
tone_on_bin,Gowin FPGA,671,-4,-3
tone_on_bin,Gowin FPGA,672,1,1
tone_on_bin,Gowin FPGA,673,2,-4
tone_on_bin,Gowin FPGA,674,2,-2
tone_on_bin,Gowin FPGA,675,2,-2
tone_on_bin,Gowin FPGA,676,-1,-2
tone_on_bin,Gowin FPGA,677,2,-3
tone_on_bin,Gowin FPGA,678,-3,1
tone_on_bin,Gowin FPGA,679,2,-3
tone_on_bin,Gowin FPGA,680,-3,1
tone_on_bin,Gowin FPGA,681,-2,3
tone_on_bin,Gowin FPGA,682,1,1
tone_on_bin,Gowin FPGA,683,0,2
tone_on_bin,Gowin FPGA,684,1,2
tone_on_bin,Gowin FPGA,685,4,-5
tone_on_bin,Gowin FPGA,686,-2,-1
tone_on_bin,Gowin FPGA,687,0,1
tone_on_bin,Gowin FPGA,688,0,-1
tone_on_bin,Gowin FPGA,689,2,-1
tone_on_bin,Gowin FPGA,690,-3,-1
tone_on_bin,Gowin FPGA,691,2,0
tone_on_bin,Gowin FPGA,692,-3,1
tone_on_bin,Gowin FPGA,693,2,-3
tone_on_bin,Gowin FPGA,694,1,1
tone_on_bin,Gowin FPGA,695,0,2
tone_on_bin,Gowin FPGA,696,1,2
tone_on_bin,Gowin FPGA,697,-1,1
tone_on_bin,Gowin FPGA,698,1,-2
tone_on_bin,Gowin FPGA,699,1,-1
tone_on_bin,Gowin FPGA,700,1,-1
tone_on_bin,Gowin FPGA,701,1,-3
tone_on_bin,Gowin FPGA,702,-3,-1
tone_on_bin,Gowin FPGA,703,2,2
tone_on_bin,Gowin FPGA,704,-3,1
tone_on_bin,Gowin FPGA,705,-3,-3
tone_on_bin,Gowin FPGA,706,-2,2
tone_on_bin,Gowin FPGA,707,1,-1
tone_on_bin,Gowin FPGA,708,0,1
tone_on_bin,Gowin FPGA,709,1,1
tone_on_bin,Gowin FPGA,710,1,-2
tone_on_bin,Gowin FPGA,711,2,-3
tone_on_bin,Gowin FPGA,712,-1,-1
tone_on_bin,Gowin FPGA,713,2,2
tone_on_bin,Gowin FPGA,714,-3,-3
tone_on_bin,Gowin FPGA,715,1,2
tone_on_bin,Gowin FPGA,716,-3,-2
tone_on_bin,Gowin FPGA,717,1,-2
tone_on_bin,Gowin FPGA,718,-2,1
tone_on_bin,Gowin FPGA,719,4,-2
tone_on_bin,Gowin FPGA,720,0,1
tone_on_bin,Gowin FPGA,721,0,-4
tone_on_bin,Gowin FPGA,722,2,0
tone_on_bin,Gowin FPGA,723,-2,-1
tone_on_bin,Gowin FPGA,724,-2,-3
tone_on_bin,Gowin FPGA,725,1,-4
tone_on_bin,Gowin FPGA,726,-3,-3
tone_on_bin,Gowin FPGA,727,2,-2
tone_on_bin,Gowin FPGA,728,-2,1
tone_on_bin,Gowin FPGA,729,0,-2
tone_on_bin,Gowin FPGA,730,-3,1
tone_on_bin,Gowin FPGA,731,1,-1
tone_on_bin,Gowin FPGA,732,-2,2
tone_on_bin,Gowin FPGA,733,-1,2
tone_on_bin,Gowin FPGA,734,2,-2
tone_on_bin,Gowin FPGA,735,0,0
tone_on_bin,Gowin FPGA,736,1,-1
tone_on_bin,Gowin FPGA,737,2,2
tone_on_bin,Gowin FPGA,738,-1,-3
tone_on_bin,Gowin FPGA,739,1,2
tone_on_bin,Gowin FPGA,740,-3,-1
tone_on_bin,Gowin FPGA,741,-2,0
tone_on_bin,Gowin FPGA,742,-3,1
tone_on_bin,Gowin FPGA,743,3,-2
tone_on_bin,Gowin FPGA,744,-2,2
tone_on_bin,Gowin FPGA,745,-2,-5
tone_on_bin,Gowin FPGA,746,2,-1
tone_on_bin,Gowin FPGA,747,-4,-2
tone_on_bin,Gowin FPGA,748,2,-1
tone_on_bin,Gowin FPGA,749,2,-2
tone_on_bin,Gowin FPGA,750,-3,-3
tone_on_bin,Gowin FPGA,751,1,-2
tone_on_bin,Gowin FPGA,752,-3,-2
tone_on_bin,Gowin FPGA,753,3,-4
tone_on_bin,Gowin FPGA,754,-2,0
tone_on_bin,Gowin FPGA,755,0,-2
tone_on_bin,Gowin FPGA,756,0,2
tone_on_bin,Gowin FPGA,757,2,2
tone_on_bin,Gowin FPGA,758,0,1
tone_on_bin,Gowin FPGA,759,-1,1
tone_on_bin,Gowin FPGA,760,2,-1
tone_on_bin,Gowin FPGA,761,1,2
tone_on_bin,Gowin FPGA,762,1,-1
tone_on_bin,Gowin FPGA,763,1,0
tone_on_bin,Gowin FPGA,764,-3,-3
tone_on_bin,Gowin FPGA,765,1,1
tone_on_bin,Gowin FPGA,766,-3,1
tone_on_bin,Gowin FPGA,767,1,4
tone_on_bin,Gowin FPGA,768,-1,1
tone_on_bin,Gowin FPGA,769,3,0
tone_on_bin,Gowin FPGA,770,1,1
tone_on_bin,Gowin FPGA,771,2,-2
tone_on_bin,Gowin FPGA,772,0,0
tone_on_bin,Gowin FPGA,773,2,2
tone_on_bin,Gowin FPGA,774,-3,-1
tone_on_bin,Gowin FPGA,775,1,-3
tone_on_bin,Gowin FPGA,776,-2,-1
tone_on_bin,Gowin FPGA,777,0,1
tone_on_bin,Gowin FPGA,778,-2,2
tone_on_bin,Gowin FPGA,779,0,3
tone_on_bin,Gowin FPGA,780,-3,2
tone_on_bin,Gowin FPGA,781,0,3
tone_on_bin,Gowin FPGA,782,1,1
tone_on_bin,Gowin FPGA,783,1,-2
tone_on_bin,Gowin FPGA,784,0,0
tone_on_bin,Gowin FPGA,785,-2,1
tone_on_bin,Gowin FPGA,786,0,-1
tone_on_bin,Gowin FPGA,787,5,-2
tone_on_bin,Gowin FPGA,788,-2,-1
tone_on_bin,Gowin FPGA,789,2,-1
tone_on_bin,Gowin FPGA,790,-2,2
tone_on_bin,Gowin FPGA,791,3,2
tone_on_bin,Gowin FPGA,792,-2,2
tone_on_bin,Gowin FPGA,793,-2,3
tone_on_bin,Gowin FPGA,794,1,1
tone_on_bin,Gowin FPGA,795,3,2
tone_on_bin,Gowin FPGA,796,1,1
tone_on_bin,Gowin FPGA,797,-1,3
tone_on_bin,Gowin FPGA,798,0,-1
tone_on_bin,Gowin FPGA,799,-3,1
tone_on_bin,Gowin FPGA,800,-3,-1
tone_on_bin,Gowin FPGA,801,-2,-1
tone_on_bin,Gowin FPGA,802,-2,-1
tone_on_bin,Gowin FPGA,803,1,2
tone_on_bin,Gowin FPGA,804,-3,2
tone_on_bin,Gowin FPGA,805,-1,-3
tone_on_bin,Gowin FPGA,806,1,1
tone_on_bin,Gowin FPGA,807,-2,2
tone_on_bin,Gowin FPGA,808,1,1
tone_on_bin,Gowin FPGA,809,1,3
tone_on_bin,Gowin FPGA,810,-3,-1
tone_on_bin,Gowin FPGA,811,3,3
tone_on_bin,Gowin FPGA,812,-3,-1
tone_on_bin,Gowin FPGA,813,1,-4
tone_on_bin,Gowin FPGA,814,-2,1
tone_on_bin,Gowin FPGA,815,1,2
tone_on_bin,Gowin FPGA,816,-3,2
tone_on_bin,Gowin FPGA,817,2,1
tone_on_bin,Gowin FPGA,818,-1,2
tone_on_bin,Gowin FPGA,819,1,1
tone_on_bin,Gowin FPGA,820,0,1
tone_on_bin,Gowin FPGA,821,1,-3
tone_on_bin,Gowin FPGA,822,1,-3
tone_on_bin,Gowin FPGA,823,0,0
tone_on_bin,Gowin FPGA,824,-3,-1
tone_on_bin,Gowin FPGA,825,-4,1
tone_on_bin,Gowin FPGA,826,-2,-1
tone_on_bin,Gowin FPGA,827,4,5
tone_on_bin,Gowin FPGA,828,-2,1
tone_on_bin,Gowin FPGA,829,1,-2
tone_on_bin,Gowin FPGA,830,-1,2
tone_on_bin,Gowin FPGA,831,-2,-4
tone_on_bin,Gowin FPGA,832,1,1
tone_on_bin,Gowin FPGA,833,3,1
tone_on_bin,Gowin FPGA,834,1,1
tone_on_bin,Gowin FPGA,835,3,-2
tone_on_bin,Gowin FPGA,836,1,-3
tone_on_bin,Gowin FPGA,837,-2,1
tone_on_bin,Gowin FPGA,838,-2,-2
tone_on_bin,Gowin FPGA,839,2,1
tone_on_bin,Gowin FPGA,840,-3,1
tone_on_bin,Gowin FPGA,841,1,0
tone_on_bin,Gowin FPGA,842,-3,2
tone_on_bin,Gowin FPGA,843,3,-3
tone_on_bin,Gowin FPGA,844,0,2
tone_on_bin,Gowin FPGA,845,-2,-1
tone_on_bin,Gowin FPGA,846,2,0
tone_on_bin,Gowin FPGA,847,-3,0
tone_on_bin,Gowin FPGA,848,-2,-3
tone_on_bin,Gowin FPGA,849,2,0
tone_on_bin,Gowin FPGA,850,-2,-2
tone_on_bin,Gowin FPGA,851,3,1
tone_on_bin,Gowin FPGA,852,-3,1
tone_on_bin,Gowin FPGA,853,0,3
tone_on_bin,Gowin FPGA,854,-3,2
tone_on_bin,Gowin FPGA,855,-2,-3
tone_on_bin,Gowin FPGA,856,1,1
tone_on_bin,Gowin FPGA,857,4,-2
tone_on_bin,Gowin FPGA,858,1,1
tone_on_bin,Gowin FPGA,859,0,-3
tone_on_bin,Gowin FPGA,860,-2,-2
tone_on_bin,Gowin FPGA,861,2,-3
tone_on_bin,Gowin FPGA,862,-2,-2
tone_on_bin,Gowin FPGA,863,0,-3
tone_on_bin,Gowin FPGA,864,-3,1
tone_on_bin,Gowin FPGA,865,1,1
tone_on_bin,Gowin FPGA,866,-3,1
tone_on_bin,Gowin FPGA,867,1,1
tone_on_bin,Gowin FPGA,868,-1,2
tone_on_bin,Gowin FPGA,869,2,-2
tone_on_bin,Gowin FPGA,870,1,1
tone_on_bin,Gowin FPGA,871,-3,-2
tone_on_bin,Gowin FPGA,872,-2,-2
tone_on_bin,Gowin FPGA,873,1,-4
tone_on_bin,Gowin FPGA,874,-2,-2
tone_on_bin,Gowin FPGA,875,1,-4
tone_on_bin,Gowin FPGA,876,-2,-2
tone_on_bin,Gowin FPGA,877,2,1
tone_on_bin,Gowin FPGA,878,-3,2
tone_on_bin,Gowin FPGA,879,2,-2
tone_on_bin,Gowin FPGA,880,-1,2
tone_on_bin,Gowin FPGA,881,-2,0
tone_on_bin,Gowin FPGA,882,0,2
tone_on_bin,Gowin FPGA,883,4,2
tone_on_bin,Gowin FPGA,884,-3,-1
tone_on_bin,Gowin FPGA,885,1,-3
tone_on_bin,Gowin FPGA,886,-3,-2
tone_on_bin,Gowin FPGA,887,-2,-2
tone_on_bin,Gowin FPGA,888,-2,-2
tone_on_bin,Gowin FPGA,889,1,0
tone_on_bin,Gowin FPGA,890,-3,1
tone_on_bin,Gowin FPGA,891,1,1
tone_on_bin,Gowin FPGA,892,-3,2
tone_on_bin,Gowin FPGA,893,-2,-2
tone_on_bin,Gowin FPGA,894,1,1
tone_on_bin,Gowin FPGA,895,-2,3
tone_on_bin,Gowin FPGA,896,1,-2
tone_on_bin,Gowin FPGA,897,-2,0
tone_on_bin,Gowin FPGA,898,-2,-2
tone_on_bin,Gowin FPGA,899,2,3
tone_on_bin,Gowin FPGA,900,-2,-2
tone_on_bin,Gowin FPGA,901,0,-2
tone_on_bin,Gowin FPGA,902,0,2
tone_on_bin,Gowin FPGA,903,1,2
tone_on_bin,Gowin FPGA,904,-2,2
tone_on_bin,Gowin FPGA,905,0,1
tone_on_bin,Gowin FPGA,906,1,0
tone_on_bin,Gowin FPGA,907,1,-2
tone_on_bin,Gowin FPGA,908,1,-2
tone_on_bin,Gowin FPGA,909,1,-1
tone_on_bin,Gowin FPGA,910,0,-2
tone_on_bin,Gowin FPGA,911,1,1
tone_on_bin,Gowin FPGA,912,-2,0
tone_on_bin,Gowin FPGA,913,4,2
tone_on_bin,Gowin FPGA,914,-4,1
tone_on_bin,Gowin FPGA,915,1,3
tone_on_bin,Gowin FPGA,916,-2,2
tone_on_bin,Gowin FPGA,917,-3,3
tone_on_bin,Gowin FPGA,918,1,0
tone_on_bin,Gowin FPGA,919,-1,2
tone_on_bin,Gowin FPGA,920,1,1
tone_on_bin,Gowin FPGA,921,3,-1
tone_on_bin,Gowin FPGA,922,0,-2
tone_on_bin,Gowin FPGA,923,3,0
tone_on_bin,Gowin FPGA,924,-1,-2
tone_on_bin,Gowin FPGA,925,-2,-2
tone_on_bin,Gowin FPGA,926,-4,1
tone_on_bin,Gowin FPGA,927,-2,0
tone_on_bin,Gowin FPGA,928,0,2
tone_on_bin,Gowin FPGA,929,3,0
tone_on_bin,Gowin FPGA,930,1,1
tone_on_bin,Gowin FPGA,931,-3,-1
tone_on_bin,Gowin FPGA,932,0,-2
tone_on_bin,Gowin FPGA,933,2,2
tone_on_bin,Gowin FPGA,934,-3,-1
tone_on_bin,Gowin FPGA,935,3,2
tone_on_bin,Gowin FPGA,936,0,-1
tone_on_bin,Gowin FPGA,937,1,-3
tone_on_bin,Gowin FPGA,938,-3,1
tone_on_bin,Gowin FPGA,939,3,2
tone_on_bin,Gowin FPGA,940,-3,1
tone_on_bin,Gowin FPGA,941,3,-2
tone_on_bin,Gowin FPGA,942,0,1
tone_on_bin,Gowin FPGA,943,4,1
tone_on_bin,Gowin FPGA,944,0,-2
tone_on_bin,Gowin FPGA,945,5,2
tone_on_bin,Gowin FPGA,946,1,-1
tone_on_bin,Gowin FPGA,947,-4,2
tone_on_bin,Gowin FPGA,948,0,-1
tone_on_bin,Gowin FPGA,949,3,4
tone_on_bin,Gowin FPGA,950,-2,1
tone_on_bin,Gowin FPGA,951,-4,1
tone_on_bin,Gowin FPGA,952,-3,1
tone_on_bin,Gowin FPGA,953,2,-4
tone_on_bin,Gowin FPGA,954,0,2
tone_on_bin,Gowin FPGA,955,3,-2
tone_on_bin,Gowin FPGA,956,1,1
tone_on_bin,Gowin FPGA,957,2,0
tone_on_bin,Gowin FPGA,958,1,-1
tone_on_bin,Gowin FPGA,959,-2,0
tone_on_bin,Gowin FPGA,960,-3,-3
tone_on_bin,Gowin FPGA,961,3,3
tone_on_bin,Gowin FPGA,962,-2,-3
tone_on_bin,Gowin FPGA,963,-2,2
tone_on_bin,Gowin FPGA,964,-2,1
tone_on_bin,Gowin FPGA,965,1,2
tone_on_bin,Gowin FPGA,966,-2,2
tone_on_bin,Gowin FPGA,967,-1,1
tone_on_bin,Gowin FPGA,968,1,-2
tone_on_bin,Gowin FPGA,969,1,-1
tone_on_bin,Gowin FPGA,970,1,-1
tone_on_bin,Gowin FPGA,971,1,0
tone_on_bin,Gowin FPGA,972,1,-2
tone_on_bin,Gowin FPGA,973,3,2
tone_on_bin,Gowin FPGA,974,-2,-3
tone_on_bin,Gowin FPGA,975,4,-1
tone_on_bin,Gowin FPGA,976,-2,1
tone_on_bin,Gowin FPGA,977,2,3
tone_on_bin,Gowin FPGA,978,0,2
tone_on_bin,Gowin FPGA,979,1,-1
tone_on_bin,Gowin FPGA,980,0,1
tone_on_bin,Gowin FPGA,981,-1,2
tone_on_bin,Gowin FPGA,982,1,-1
tone_on_bin,Gowin FPGA,983,3,-3
tone_on_bin,Gowin FPGA,984,-3,-3
tone_on_bin,Gowin FPGA,985,4,3
tone_on_bin,Gowin FPGA,986,-2,-3
tone_on_bin,Gowin FPGA,987,8200,-1
tone_on_bin,Gowin FPGA,988,-3,1
tone_on_bin,Gowin FPGA,989,-1,1
tone_on_bin,Gowin FPGA,990,-2,2
tone_on_bin,Gowin FPGA,991,2,3
tone_on_bin,Gowin FPGA,992,-2,2
tone_on_bin,Gowin FPGA,993,2,3
tone_on_bin,Gowin FPGA,994,1,-1
tone_on_bin,Gowin FPGA,995,1,3
tone_on_bin,Gowin FPGA,996,1,-2
tone_on_bin,Gowin FPGA,997,1,1
tone_on_bin,Gowin FPGA,998,-3,-1
tone_on_bin,Gowin FPGA,999,3,3
tone_on_bin,Gowin FPGA,1000,-3,1
tone_on_bin,Gowin FPGA,1001,2,2
tone_on_bin,Gowin FPGA,1002,-2,2
tone_on_bin,Gowin FPGA,1003,3,3
tone_on_bin,Gowin FPGA,1004,-2,2
tone_on_bin,Gowin FPGA,1005,2,3
tone_on_bin,Gowin FPGA,1006,1,-2
tone_on_bin,Gowin FPGA,1007,5,-1
tone_on_bin,Gowin FPGA,1008,1,-1
tone_on_bin,Gowin FPGA,1009,2,3
tone_on_bin,Gowin FPGA,1010,0,-3
tone_on_bin,Gowin FPGA,1011,3,4
tone_on_bin,Gowin FPGA,1012,-3,1
tone_on_bin,Gowin FPGA,1013,1,3
tone_on_bin,Gowin FPGA,1014,-1,1
tone_on_bin,Gowin FPGA,1015,1,2
tone_on_bin,Gowin FPGA,1016,-2,2
tone_on_bin,Gowin FPGA,1017,2,4
tone_on_bin,Gowin FPGA,1018,-2,2
tone_on_bin,Gowin FPGA,1019,2,3
tone_on_bin,Gowin FPGA,1020,1,-1
tone_on_bin,Gowin FPGA,1021,3,1
tone_on_bin,Gowin FPGA,1022,-3,-2
tone_on_bin,Gowin FPGA,1023,4,-2
tone_on_bin,ESP32 SIMD,0,-2,0
tone_on_bin,ESP32 SIMD,1,-8,-2
tone_on_bin,ESP32 SIMD,2,-1,0
tone_on_bin,ESP32 SIMD,3,-8,-2
tone_on_bin,ESP32 SIMD,4,0,0
tone_on_bin,ESP32 SIMD,5,-7,-2
tone_on_bin,ESP32 SIMD,6,-1,0
tone_on_bin,ESP32 SIMD,7,-6,-2
tone_on_bin,ESP32 SIMD,8,0,0
tone_on_bin,ESP32 SIMD,9,-5,-2
tone_on_bin,ESP32 SIMD,10,-1,0
tone_on_bin,ESP32 SIMD,11,-6,-2
tone_on_bin,ESP32 SIMD,12,0,0
tone_on_bin,ESP32 SIMD,13,-4,-2
tone_on_bin,ESP32 SIMD,14,-1,0
tone_on_bin,ESP32 SIMD,15,-5,-2
tone_on_bin,ESP32 SIMD,16,0,0
tone_on_bin,ESP32 SIMD,17,-4,-2
tone_on_bin,ESP32 SIMD,18,-1,0
tone_on_bin,ESP32 SIMD,19,-5,-2
tone_on_bin,ESP32 SIMD,20,0,0
tone_on_bin,ESP32 SIMD,21,-4,-2
tone_on_bin,ESP32 SIMD,22,-1,0
tone_on_bin,ESP32 SIMD,23,-4,-2
tone_on_bin,ESP32 SIMD,24,0,0
tone_on_bin,ESP32 SIMD,25,-4,-2
tone_on_bin,ESP32 SIMD,26,-1,0
tone_on_bin,ESP32 SIMD,27,-5,0
tone_on_bin,ESP32 SIMD,28,0,0
tone_on_bin,ESP32 SIMD,29,-3,-2
tone_on_bin,ESP32 SIMD,30,-1,0
tone_on_bin,ESP32 SIMD,31,-3,-2
tone_on_bin,ESP32 SIMD,32,0,0
tone_on_bin,ESP32 SIMD,33,-3,-2
tone_on_bin,ESP32 SIMD,34,-1,0
tone_on_bin,ESP32 SIMD,35,-2,-1
tone_on_bin,ESP32 SIMD,36,0,0
tone_on_bin,ESP32 SIMD,37,8182,-2
tone_on_bin,ESP32 SIMD,38,-1,0
tone_on_bin,ESP32 SIMD,39,-4,-1
tone_on_bin,ESP32 SIMD,40,0,0
tone_on_bin,ESP32 SIMD,41,-4,-2
tone_on_bin,ESP32 SIMD,42,-1,0
tone_on_bin,ESP32 SIMD,43,-4,-2
tone_on_bin,ESP32 SIMD,44,0,0
tone_on_bin,ESP32 SIMD,45,-2,-2
tone_on_bin,ESP32 SIMD,46,-1,0
tone_on_bin,ESP32 SIMD,47,-3,-2
tone_on_bin,ESP32 SIMD,48,0,0
tone_on_bin,ESP32 SIMD,49,-4,-1
tone_on_bin,ESP32 SIMD,50,-1,0
tone_on_bin,ESP32 SIMD,51,-4,-1
tone_on_bin,ESP32 SIMD,52,0,0
tone_on_bin,ESP32 SIMD,53,-3,0
tone_on_bin,ESP32 SIMD,54,-1,0
tone_on_bin,ESP32 SIMD,55,-3,-2
tone_on_bin,ESP32 SIMD,56,0,0
tone_on_bin,ESP32 SIMD,57,-2,0
tone_on_bin,ESP32 SIMD,58,-1,0
tone_on_bin,ESP32 SIMD,59,-4,-1
tone_on_bin,ESP32 SIMD,60,0,0
tone_on_bin,ESP32 SIMD,61,-2,-1
tone_on_bin,ESP32 SIMD,62,-1,0
tone_on_bin,ESP32 SIMD,63,-3,-2
tone_on_bin,ESP32 SIMD,64,0,0
tone_on_bin,ESP32 SIMD,65,-2,-1
tone_on_bin,ESP32 SIMD,66,-1,0
tone_on_bin,ESP32 SIMD,67,-3,-2
tone_on_bin,ESP32 SIMD,68,0,0
tone_on_bin,ESP32 SIMD,69,-1,0
tone_on_bin,ESP32 SIMD,70,-1,0
tone_on_bin,ESP32 SIMD,71,-2,-1
tone_on_bin,ESP32 SIMD,72,0,0
tone_on_bin,ESP32 SIMD,73,-1,0
tone_on_bin,ESP32 SIMD,74,-1,0
tone_on_bin,ESP32 SIMD,75,-3,-2
tone_on_bin,ESP32 SIMD,76,0,0
tone_on_bin,ESP32 SIMD,77,-3,-1
tone_on_bin,ESP32 SIMD,78,-1,0
tone_on_bin,ESP32 SIMD,79,-2,-2
tone_on_bin,ESP32 SIMD,80,0,0
tone_on_bin,ESP32 SIMD,81,-3,-1
tone_on_bin,ESP32 SIMD,82,-1,0
tone_on_bin,ESP32 SIMD,83,-2,0
tone_on_bin,ESP32 SIMD,84,0,0
tone_on_bin,ESP32 SIMD,85,-2,0
tone_on_bin,ESP32 SIMD,86,-1,0
tone_on_bin,ESP32 SIMD,87,-2,-1
tone_on_bin,ESP32 SIMD,88,0,0
tone_on_bin,ESP32 SIMD,89,-4,-1
tone_on_bin,ESP32 SIMD,90,-1,0
tone_on_bin,ESP32 SIMD,91,-2,0
tone_on_bin,ESP32 SIMD,92,0,0
tone_on_bin,ESP32 SIMD,93,-2,-1
tone_on_bin,ESP32 SIMD,94,-1,0
tone_on_bin,ESP32 SIMD,95,-1,0
tone_on_bin,ESP32 SIMD,96,0,0
tone_on_bin,ESP32 SIMD,97,-1,0
tone_on_bin,ESP32 SIMD,98,-1,0
tone_on_bin,ESP32 SIMD,99,-3,-1
tone_on_bin,ESP32 SIMD,100,0,0
tone_on_bin,ESP32 SIMD,101,-3,-1
tone_on_bin,ESP32 SIMD,102,-1,0
tone_on_bin,ESP32 SIMD,103,-3,-1
tone_on_bin,ESP32 SIMD,104,0,0
tone_on_bin,ESP32 SIMD,105,-3,-2
tone_on_bin,ESP32 SIMD,106,-1,0
tone_on_bin,ESP32 SIMD,107,-2,0
tone_on_bin,ESP32 SIMD,108,0,0
tone_on_bin,ESP32 SIMD,109,-2,-1
tone_on_bin,ESP32 SIMD,110,-1,0
tone_on_bin,ESP32 SIMD,111,-2,-1
tone_on_bin,ESP32 SIMD,112,0,0
tone_on_bin,ESP32 SIMD,113,-2,-2
tone_on_bin,ESP32 SIMD,114,-1,0
tone_on_bin,ESP32 SIMD,115,-3,-2
tone_on_bin,ESP32 SIMD,116,0,0
tone_on_bin,ESP32 SIMD,117,-3,-1
tone_on_bin,ESP32 SIMD,118,-1,0
tone_on_bin,ESP32 SIMD,119,-2,-2
tone_on_bin,ESP32 SIMD,120,0,0
tone_on_bin,ESP32 SIMD,121,-1,-1
tone_on_bin,ESP32 SIMD,122,-1,0
tone_on_bin,ESP32 SIMD,123,-2,-1
tone_on_bin,ESP32 SIMD,124,0,0
tone_on_bin,ESP32 SIMD,125,-2,-1
tone_on_bin,ESP32 SIMD,126,-1,0
tone_on_bin,ESP32 SIMD,127,-2,-1
tone_on_bin,ESP32 SIMD,128,0,0
tone_on_bin,ESP32 SIMD,129,-1,0
tone_on_bin,ESP32 SIMD,130,-1,0
tone_on_bin,ESP32 SIMD,131,0,0
tone_on_bin,ESP32 SIMD,132,0,0
tone_on_bin,ESP32 SIMD,133,-1,-1
tone_on_bin,ESP32 SIMD,134,-1,0
tone_on_bin,ESP32 SIMD,135,-2,-2
tone_on_bin,ESP32 SIMD,136,0,0
tone_on_bin,ESP32 SIMD,137,-1,0
tone_on_bin,ESP32 SIMD,138,-1,0
tone_on_bin,ESP32 SIMD,139,0,0
tone_on_bin,ESP32 SIMD,140,0,0
tone_on_bin,ESP32 SIMD,141,-1,-1
tone_on_bin,ESP32 SIMD,142,-1,0
tone_on_bin,ESP32 SIMD,143,-1,-1
tone_on_bin,ESP32 SIMD,144,0,0
tone_on_bin,ESP32 SIMD,145,-1,-1
tone_on_bin,ESP32 SIMD,146,-1,0
tone_on_bin,ESP32 SIMD,147,-2,-1
tone_on_bin,ESP32 SIMD,148,0,0
tone_on_bin,ESP32 SIMD,149,-2,-2
tone_on_bin,ESP32 SIMD,150,-1,0
tone_on_bin,ESP32 SIMD,151,-1,-1
tone_on_bin,ESP32 SIMD,152,0,0
tone_on_bin,ESP32 SIMD,153,-1,0
tone_on_bin,ESP32 SIMD,154,-1,0
tone_on_bin,ESP32 SIMD,155,-2,0
tone_on_bin,ESP32 SIMD,156,0,0
tone_on_bin,ESP32 SIMD,157,-1,-1
tone_on_bin,ESP32 SIMD,158,-1,0
tone_on_bin,ESP32 SIMD,159,-1,-1
tone_on_bin,ESP32 SIMD,160,0,0
tone_on_bin,ESP32 SIMD,161,-3,-1
tone_on_bin,ESP32 SIMD,162,-1,0
tone_on_bin,ESP32 SIMD,163,-1,-1
tone_on_bin,ESP32 SIMD,164,0,0
tone_on_bin,ESP32 SIMD,165,-2,-2
tone_on_bin,ESP32 SIMD,166,-1,0
tone_on_bin,ESP32 SIMD,167,-1,-1
tone_on_bin,ESP32 SIMD,168,0,0
tone_on_bin,ESP32 SIMD,169,-2,0
tone_on_bin,ESP32 SIMD,170,-1,0
tone_on_bin,ESP32 SIMD,171,-2,-1
tone_on_bin,ESP32 SIMD,172,0,0
tone_on_bin,ESP32 SIMD,173,-2,-2
tone_on_bin,ESP32 SIMD,174,-1,0
tone_on_bin,ESP32 SIMD,175,-1,0
tone_on_bin,ESP32 SIMD,176,0,0
tone_on_bin,ESP32 SIMD,177,-2,0
tone_on_bin,ESP32 SIMD,178,-1,0
tone_on_bin,ESP32 SIMD,179,-2,-1
tone_on_bin,ESP32 SIMD,180,0,0
tone_on_bin,ESP32 SIMD,181,-1,0
tone_on_bin,ESP32 SIMD,182,-1,0
tone_on_bin,ESP32 SIMD,183,-2,-1
tone_on_bin,ESP32 SIMD,184,0,0
tone_on_bin,ESP32 SIMD,185,-1,0
tone_on_bin,ESP32 SIMD,186,-1,0
tone_on_bin,ESP32 SIMD,187,-1,0
tone_on_bin,ESP32 SIMD,188,0,0
tone_on_bin,ESP32 SIMD,189,-1,-1
tone_on_bin,ESP32 SIMD,190,-1,0
tone_on_bin,ESP32 SIMD,191,-2,-1
tone_on_bin,ESP32 SIMD,192,0,0
tone_on_bin,ESP32 SIMD,193,-1,-1
tone_on_bin,ESP32 SIMD,194,-1,0
tone_on_bin,ESP32 SIMD,195,-2,-1
tone_on_bin,ESP32 SIMD,196,0,0
tone_on_bin,ESP32 SIMD,197,-1,-1
tone_on_bin,ESP32 SIMD,198,-1,0
tone_on_bin,ESP32 SIMD,199,0,0
tone_on_bin,ESP32 SIMD,200,0,0
tone_on_bin,ESP32 SIMD,201,-1,-1
tone_on_bin,ESP32 SIMD,202,-1,0
tone_on_bin,ESP32 SIMD,203,-2,-1
tone_on_bin,ESP32 SIMD,204,0,0
tone_on_bin,ESP32 SIMD,205,0,0
tone_on_bin,ESP32 SIMD,206,-1,0
tone_on_bin,ESP32 SIMD,207,0,0
tone_on_bin,ESP32 SIMD,208,0,0
tone_on_bin,ESP32 SIMD,209,-2,-1
tone_on_bin,ESP32 SIMD,210,-1,0
tone_on_bin,ESP32 SIMD,211,-2,0
tone_on_bin,ESP32 SIMD,212,0,0
tone_on_bin,ESP32 SIMD,213,-2,-1
tone_on_bin,ESP32 SIMD,214,-1,0
tone_on_bin,ESP32 SIMD,215,-1,0
tone_on_bin,ESP32 SIMD,216,0,0
tone_on_bin,ESP32 SIMD,217,-2,-2
tone_on_bin,ESP32 SIMD,218,-1,0
tone_on_bin,ESP32 SIMD,219,-2,0
tone_on_bin,ESP32 SIMD,220,0,0
tone_on_bin,ESP32 SIMD,221,-1,0
tone_on_bin,ESP32 SIMD,222,-1,0
tone_on_bin,ESP32 SIMD,223,-1,0
tone_on_bin,ESP32 SIMD,224,0,0
tone_on_bin,ESP32 SIMD,225,-1,0
tone_on_bin,ESP32 SIMD,226,-1,0
tone_on_bin,ESP32 SIMD,227,-1,0
tone_on_bin,ESP32 SIMD,228,0,0
tone_on_bin,ESP32 SIMD,229,-3,0
tone_on_bin,ESP32 SIMD,230,-1,0
tone_on_bin,ESP32 SIMD,231,-1,-1
tone_on_bin,ESP32 SIMD,232,0,0
tone_on_bin,ESP32 SIMD,233,-2,-1
tone_on_bin,ESP32 SIMD,234,-1,0
tone_on_bin,ESP32 SIMD,235,-2,-1
tone_on_bin,ESP32 SIMD,236,0,0
tone_on_bin,ESP32 SIMD,237,0,-1
tone_on_bin,ESP32 SIMD,238,-1,0
tone_on_bin,ESP32 SIMD,239,0,0
tone_on_bin,ESP32 SIMD,240,0,0
tone_on_bin,ESP32 SIMD,241,-1,-1
tone_on_bin,ESP32 SIMD,242,-1,0
tone_on_bin,ESP32 SIMD,243,-2,-2
tone_on_bin,ESP32 SIMD,244,0,0
tone_on_bin,ESP32 SIMD,245,-2,-1
tone_on_bin,ESP32 SIMD,246,-1,0
tone_on_bin,ESP32 SIMD,247,0,-1
tone_on_bin,ESP32 SIMD,248,0,0
tone_on_bin,ESP32 SIMD,249,-1,-1
tone_on_bin,ESP32 SIMD,250,-1,0
tone_on_bin,ESP32 SIMD,251,-2,0
tone_on_bin,ESP32 SIMD,252,0,0
tone_on_bin,ESP32 SIMD,253,0,-1
tone_on_bin,ESP32 SIMD,254,-1,0
tone_on_bin,ESP32 SIMD,255,-1,0
tone_on_bin,ESP32 SIMD,256,0,0
tone_on_bin,ESP32 SIMD,257,-1,-1
tone_on_bin,ESP32 SIMD,258,-1,0
tone_on_bin,ESP32 SIMD,259,-1,-1
tone_on_bin,ESP32 SIMD,260,0,0
tone_on_bin,ESP32 SIMD,261,-1,-1
tone_on_bin,ESP32 SIMD,262,-1,0
tone_on_bin,ESP32 SIMD,263,0,0
tone_on_bin,ESP32 SIMD,264,0,0
tone_on_bin,ESP32 SIMD,265,0,0
tone_on_bin,ESP32 SIMD,266,-1,0
tone_on_bin,ESP32 SIMD,267,-1,-1
tone_on_bin,ESP32 SIMD,268,0,0
tone_on_bin,ESP32 SIMD,269,-1,0
tone_on_bin,ESP32 SIMD,270,-1,0
tone_on_bin,ESP32 SIMD,271,0,-1
tone_on_bin,ESP32 SIMD,272,0,0
tone_on_bin,ESP32 SIMD,273,0,0
tone_on_bin,ESP32 SIMD,274,-1,0
tone_on_bin,ESP32 SIMD,275,-1,-1
tone_on_bin,ESP32 SIMD,276,0,0
tone_on_bin,ESP32 SIMD,277,-1,-1
tone_on_bin,ESP32 SIMD,278,-1,0
tone_on_bin,ESP32 SIMD,279,-2,-1
tone_on_bin,ESP32 SIMD,280,0,0
tone_on_bin,ESP32 SIMD,281,0,0
tone_on_bin,ESP32 SIMD,282,-1,0
tone_on_bin,ESP32 SIMD,283,0,0
tone_on_bin,ESP32 SIMD,284,0,0
tone_on_bin,ESP32 SIMD,285,-1,0
tone_on_bin,ESP32 SIMD,286,-1,0
tone_on_bin,ESP32 SIMD,287,0,-2
tone_on_bin,ESP32 SIMD,288,0,0
tone_on_bin,ESP32 SIMD,289,-2,-1
tone_on_bin,ESP32 SIMD,290,-1,0
tone_on_bin,ESP32 SIMD,291,-1,-1
tone_on_bin,ESP32 SIMD,292,0,0
tone_on_bin,ESP32 SIMD,293,-1,-1
tone_on_bin,ESP32 SIMD,294,-1,0
tone_on_bin,ESP32 SIMD,295,-1,-2
tone_on_bin,ESP32 SIMD,296,0,0
tone_on_bin,ESP32 SIMD,297,0,-2
tone_on_bin,ESP32 SIMD,298,-1,0
tone_on_bin,ESP32 SIMD,299,-1,-2
tone_on_bin,ESP32 SIMD,300,0,0
tone_on_bin,ESP32 SIMD,301,-1,-1
tone_on_bin,ESP32 SIMD,302,-1,0
tone_on_bin,ESP32 SIMD,303,-1,-2
tone_on_bin,ESP32 SIMD,304,0,0
tone_on_bin,ESP32 SIMD,305,0,-1
tone_on_bin,ESP32 SIMD,306,-1,0
tone_on_bin,ESP32 SIMD,307,-1,-1
tone_on_bin,ESP32 SIMD,308,0,0
tone_on_bin,ESP32 SIMD,309,-1,-1
tone_on_bin,ESP32 SIMD,310,-1,0
tone_on_bin,ESP32 SIMD,311,0,-2
tone_on_bin,ESP32 SIMD,312,0,0
tone_on_bin,ESP32 SIMD,313,0,0
tone_on_bin,ESP32 SIMD,314,-1,0
tone_on_bin,ESP32 SIMD,315,-1,-1
tone_on_bin,ESP32 SIMD,316,0,0
tone_on_bin,ESP32 SIMD,317,-1,0
tone_on_bin,ESP32 SIMD,318,-1,0
tone_on_bin,ESP32 SIMD,319,0,-2
tone_on_bin,ESP32 SIMD,320,0,0
tone_on_bin,ESP32 SIMD,321,-1,0
tone_on_bin,ESP32 SIMD,322,-1,0
tone_on_bin,ESP32 SIMD,323,-1,-1
tone_on_bin,ESP32 SIMD,324,0,0
tone_on_bin,ESP32 SIMD,325,0,0
tone_on_bin,ESP32 SIMD,326,-1,0
tone_on_bin,ESP32 SIMD,327,-2,0
tone_on_bin,ESP32 SIMD,328,0,0
tone_on_bin,ESP32 SIMD,329,0,0
tone_on_bin,ESP32 SIMD,330,-1,0
tone_on_bin,ESP32 SIMD,331,-1,-2
tone_on_bin,ESP32 SIMD,332,0,0
tone_on_bin,ESP32 SIMD,333,-1,-1
tone_on_bin,ESP32 SIMD,334,-1,0
tone_on_bin,ESP32 SIMD,335,-2,-1
tone_on_bin,ESP32 SIMD,336,0,0
tone_on_bin,ESP32 SIMD,337,0,-2
tone_on_bin,ESP32 SIMD,338,-1,0
tone_on_bin,ESP32 SIMD,339,0,0
tone_on_bin,ESP32 SIMD,340,0,0
tone_on_bin,ESP32 SIMD,341,-1,-1
tone_on_bin,ESP32 SIMD,342,-1,0
tone_on_bin,ESP32 SIMD,343,-2,0
tone_on_bin,ESP32 SIMD,344,0,0
tone_on_bin,ESP32 SIMD,345,-1,0
tone_on_bin,ESP32 SIMD,346,-1,0
tone_on_bin,ESP32 SIMD,347,0,0
tone_on_bin,ESP32 SIMD,348,0,0
tone_on_bin,ESP32 SIMD,349,0,0
tone_on_bin,ESP32 SIMD,350,-1,0
tone_on_bin,ESP32 SIMD,351,-1,-1
tone_on_bin,ESP32 SIMD,352,0,0
tone_on_bin,ESP32 SIMD,353,-1,-1
tone_on_bin,ESP32 SIMD,354,-1,0
tone_on_bin,ESP32 SIMD,355,-2,-1
tone_on_bin,ESP32 SIMD,356,0,0
tone_on_bin,ESP32 SIMD,357,-1,-1
tone_on_bin,ESP32 SIMD,358,-1,0
tone_on_bin,ESP32 SIMD,359,-1,0
tone_on_bin,ESP32 SIMD,360,0,0
tone_on_bin,ESP32 SIMD,361,0,-2
tone_on_bin,ESP32 SIMD,362,-1,0
tone_on_bin,ESP32 SIMD,363,0,0
tone_on_bin,ESP32 SIMD,364,0,0
tone_on_bin,ESP32 SIMD,365,0,0
tone_on_bin,ESP32 SIMD,366,-1,0
tone_on_bin,ESP32 SIMD,367,-1,-1
tone_on_bin,ESP32 SIMD,368,0,0
tone_on_bin,ESP32 SIMD,369,-1,-1
tone_on_bin,ESP32 SIMD,370,-1,0
tone_on_bin,ESP32 SIMD,371,0,-1
tone_on_bin,ESP32 SIMD,372,0,0
tone_on_bin,ESP32 SIMD,373,-1,-1
tone_on_bin,ESP32 SIMD,374,-1,0
tone_on_bin,ESP32 SIMD,375,-1,0
tone_on_bin,ESP32 SIMD,376,0,0
tone_on_bin,ESP32 SIMD,377,0,-1
tone_on_bin,ESP32 SIMD,378,-1,0
tone_on_bin,ESP32 SIMD,379,-1,-2
tone_on_bin,ESP32 SIMD,380,0,0
tone_on_bin,ESP32 SIMD,381,0,0
tone_on_bin,ESP32 SIMD,382,-1,0
tone_on_bin,ESP32 SIMD,383,-2,-2
tone_on_bin,ESP32 SIMD,384,0,0
tone_on_bin,ESP32 SIMD,385,-1,-1
tone_on_bin,ESP32 SIMD,386,-1,0
tone_on_bin,ESP32 SIMD,387,0,0
tone_on_bin,ESP32 SIMD,388,0,0
tone_on_bin,ESP32 SIMD,389,0,0
tone_on_bin,ESP32 SIMD,390,-1,0
tone_on_bin,ESP32 SIMD,391,0,-1
tone_on_bin,ESP32 SIMD,392,0,0
tone_on_bin,ESP32 SIMD,393,-1,0
tone_on_bin,ESP32 SIMD,394,-1,0
tone_on_bin,ESP32 SIMD,395,0,0
tone_on_bin,ESP32 SIMD,396,0,0
tone_on_bin,ESP32 SIMD,397,0,0
tone_on_bin,ESP32 SIMD,398,-1,0
tone_on_bin,ESP32 SIMD,399,-1,-2
tone_on_bin,ESP32 SIMD,400,0,0
tone_on_bin,ESP32 SIMD,401,-1,-1
tone_on_bin,ESP32 SIMD,402,-1,0
tone_on_bin,ESP32 SIMD,403,-1,0
tone_on_bin,ESP32 SIMD,404,0,0
tone_on_bin,ESP32 SIMD,405,-1,-2
tone_on_bin,ESP32 SIMD,406,-1,0
tone_on_bin,ESP32 SIMD,407,0,0
tone_on_bin,ESP32 SIMD,408,0,0
tone_on_bin,ESP32 SIMD,409,-1,-1
tone_on_bin,ESP32 SIMD,410,-1,0
tone_on_bin,ESP32 SIMD,411,-1,-1
tone_on_bin,ESP32 SIMD,412,0,0
tone_on_bin,ESP32 SIMD,413,0,0
tone_on_bin,ESP32 SIMD,414,-1,0
tone_on_bin,ESP32 SIMD,415,-1,-2
tone_on_bin,ESP32 SIMD,416,0,0
tone_on_bin,ESP32 SIMD,417,-1,-1
tone_on_bin,ESP32 SIMD,418,-1,0
tone_on_bin,ESP32 SIMD,419,-1,-2
tone_on_bin,ESP32 SIMD,420,0,0
tone_on_bin,ESP32 SIMD,421,-1,-1
tone_on_bin,ESP32 SIMD,422,-1,0
tone_on_bin,ESP32 SIMD,423,-1,-1
tone_on_bin,ESP32 SIMD,424,0,0
tone_on_bin,ESP32 SIMD,425,0,0
tone_on_bin,ESP32 SIMD,426,-1,0
tone_on_bin,ESP32 SIMD,427,-1,-1
tone_on_bin,ESP32 SIMD,428,0,0
tone_on_bin,ESP32 SIMD,429,-1,0
tone_on_bin,ESP32 SIMD,430,-1,0
tone_on_bin,ESP32 SIMD,431,-1,0
tone_on_bin,ESP32 SIMD,432,0,0
tone_on_bin,ESP32 SIMD,433,-1,-1
tone_on_bin,ESP32 SIMD,434,-1,0
tone_on_bin,ESP32 SIMD,435,-1,0
tone_on_bin,ESP32 SIMD,436,0,0
tone_on_bin,ESP32 SIMD,437,-1,-1
tone_on_bin,ESP32 SIMD,438,-1,0
tone_on_bin,ESP32 SIMD,439,-1,-1
tone_on_bin,ESP32 SIMD,440,0,0
tone_on_bin,ESP32 SIMD,441,0,0
tone_on_bin,ESP32 SIMD,442,-1,0
tone_on_bin,ESP32 SIMD,443,0,-1
tone_on_bin,ESP32 SIMD,444,0,0
tone_on_bin,ESP32 SIMD,445,0,0
tone_on_bin,ESP32 SIMD,446,-1,0
tone_on_bin,ESP32 SIMD,447,-1,-1
tone_on_bin,ESP32 SIMD,448,0,0
tone_on_bin,ESP32 SIMD,449,0,0
tone_on_bin,ESP32 SIMD,450,-1,0
tone_on_bin,ESP32 SIMD,451,-1,-1
tone_on_bin,ESP32 SIMD,452,0,0
tone_on_bin,ESP32 SIMD,453,0,0
tone_on_bin,ESP32 SIMD,454,-1,0
tone_on_bin,ESP32 SIMD,455,0,0
tone_on_bin,ESP32 SIMD,456,0,0
tone_on_bin,ESP32 SIMD,457,0,0
tone_on_bin,ESP32 SIMD,458,-1,0
tone_on_bin,ESP32 SIMD,459,-1,-1
tone_on_bin,ESP32 SIMD,460,0,0
tone_on_bin,ESP32 SIMD,461,0,0
tone_on_bin,ESP32 SIMD,462,-1,0
tone_on_bin,ESP32 SIMD,463,0,0
tone_on_bin,ESP32 SIMD,464,0,0
tone_on_bin,ESP32 SIMD,465,-1,-1
tone_on_bin,ESP32 SIMD,466,-1,0
tone_on_bin,ESP32 SIMD,467,-1,-1
tone_on_bin,ESP32 SIMD,468,0,0
tone_on_bin,ESP32 SIMD,469,-1,-1
tone_on_bin,ESP32 SIMD,470,-1,0
tone_on_bin,ESP32 SIMD,471,0,0
tone_on_bin,ESP32 SIMD,472,0,0
tone_on_bin,ESP32 SIMD,473,-1,0
tone_on_bin,ESP32 SIMD,474,-1,0
tone_on_bin,ESP32 SIMD,475,0,0
tone_on_bin,ESP32 SIMD,476,0,0
tone_on_bin,ESP32 SIMD,477,0,0
tone_on_bin,ESP32 SIMD,478,-1,0
tone_on_bin,ESP32 SIMD,479,-1,-1
tone_on_bin,ESP32 SIMD,480,0,0
tone_on_bin,ESP32 SIMD,481,-1,-1
tone_on_bin,ESP32 SIMD,482,-1,0
tone_on_bin,ESP32 SIMD,483,-1,-1
tone_on_bin,ESP32 SIMD,484,0,0
tone_on_bin,ESP32 SIMD,485,-1,-1
tone_on_bin,ESP32 SIMD,486,-1,0
tone_on_bin,ESP32 SIMD,487,-1,-1
tone_on_bin,ESP32 SIMD,488,0,0
tone_on_bin,ESP32 SIMD,489,-1,-1
tone_on_bin,ESP32 SIMD,490,-1,0
tone_on_bin,ESP32 SIMD,491,-1,-1
tone_on_bin,ESP32 SIMD,492,0,0
tone_on_bin,ESP32 SIMD,493,0,0
tone_on_bin,ESP32 SIMD,494,-1,0
tone_on_bin,ESP32 SIMD,495,0,0
tone_on_bin,ESP32 SIMD,496,0,0
tone_on_bin,ESP32 SIMD,497,0,0
tone_on_bin,ESP32 SIMD,498,-1,0
tone_on_bin,ESP32 SIMD,499,0,-1
tone_on_bin,ESP32 SIMD,500,0,0
tone_on_bin,ESP32 SIMD,501,-1,-1
tone_on_bin,ESP32 SIMD,502,-1,0
tone_on_bin,ESP32 SIMD,503,0,0
tone_on_bin,ESP32 SIMD,504,0,0
tone_on_bin,ESP32 SIMD,505,0,0
tone_on_bin,ESP32 SIMD,506,-1,0
tone_on_bin,ESP32 SIMD,507,-1,-1
tone_on_bin,ESP32 SIMD,508,0,0
tone_on_bin,ESP32 SIMD,509,0,0
tone_on_bin,ESP32 SIMD,510,-1,0
tone_on_bin,ESP32 SIMD,511,-1,0
tone_on_bin,ESP32 SIMD,512,0,0
tone_on_bin,ESP32 SIMD,513,0,0
tone_on_bin,ESP32 SIMD,514,-1,0
tone_on_bin,ESP32 SIMD,515,0,0
tone_on_bin,ESP32 SIMD,516,0,0
tone_on_bin,ESP32 SIMD,517,1,0
tone_on_bin,ESP32 SIMD,518,-1,0
tone_on_bin,ESP32 SIMD,519,0,0
tone_on_bin,ESP32 SIMD,520,0,0
tone_on_bin,ESP32 SIMD,521,-1,0
tone_on_bin,ESP32 SIMD,522,-1,0
tone_on_bin,ESP32 SIMD,523,0,0
tone_on_bin,ESP32 SIMD,524,0,0
tone_on_bin,ESP32 SIMD,525,0,0
tone_on_bin,ESP32 SIMD,526,-1,0
tone_on_bin,ESP32 SIMD,527,1,0
tone_on_bin,ESP32 SIMD,528,0,0
tone_on_bin,ESP32 SIMD,529,0,0
tone_on_bin,ESP32 SIMD,530,-1,0
tone_on_bin,ESP32 SIMD,531,1,0
tone_on_bin,ESP32 SIMD,532,0,0
tone_on_bin,ESP32 SIMD,533,0,0
tone_on_bin,ESP32 SIMD,534,-1,0
tone_on_bin,ESP32 SIMD,535,0,0
tone_on_bin,ESP32 SIMD,536,0,0
tone_on_bin,ESP32 SIMD,537,0,0
tone_on_bin,ESP32 SIMD,538,-1,0
tone_on_bin,ESP32 SIMD,539,-1,0
tone_on_bin,ESP32 SIMD,540,0,0
tone_on_bin,ESP32 SIMD,541,1,0
tone_on_bin,ESP32 SIMD,542,-1,0
tone_on_bin,ESP32 SIMD,543,1,0
tone_on_bin,ESP32 SIMD,544,0,0
tone_on_bin,ESP32 SIMD,545,1,0
tone_on_bin,ESP32 SIMD,546,-1,0
tone_on_bin,ESP32 SIMD,547,0,-1
tone_on_bin,ESP32 SIMD,548,0,0
tone_on_bin,ESP32 SIMD,549,0,0
tone_on_bin,ESP32 SIMD,550,-1,0
tone_on_bin,ESP32 SIMD,551,0,-1
tone_on_bin,ESP32 SIMD,552,0,0
tone_on_bin,ESP32 SIMD,553,0,0
tone_on_bin,ESP32 SIMD,554,-1,0
tone_on_bin,ESP32 SIMD,555,0,0
tone_on_bin,ESP32 SIMD,556,0,0
tone_on_bin,ESP32 SIMD,557,0,0
tone_on_bin,ESP32 SIMD,558,-1,0
tone_on_bin,ESP32 SIMD,559,1,0
tone_on_bin,ESP32 SIMD,560,0,0
tone_on_bin,ESP32 SIMD,561,0,1
tone_on_bin,ESP32 SIMD,562,-1,0
tone_on_bin,ESP32 SIMD,563,0,1
tone_on_bin,ESP32 SIMD,564,0,0
tone_on_bin,ESP32 SIMD,565,1,0
tone_on_bin,ESP32 SIMD,566,-1,0
tone_on_bin,ESP32 SIMD,567,1,0
tone_on_bin,ESP32 SIMD,568,0,0
tone_on_bin,ESP32 SIMD,569,-2,0
tone_on_bin,ESP32 SIMD,570,-1,0
tone_on_bin,ESP32 SIMD,571,0,-1
tone_on_bin,ESP32 SIMD,572,0,0
tone_on_bin,ESP32 SIMD,573,0,1
tone_on_bin,ESP32 SIMD,574,-1,0
tone_on_bin,ESP32 SIMD,575,1,0
tone_on_bin,ESP32 SIMD,576,0,0
tone_on_bin,ESP32 SIMD,577,0,1
tone_on_bin,ESP32 SIMD,578,-1,0
tone_on_bin,ESP32 SIMD,579,1,0
tone_on_bin,ESP32 SIMD,580,0,0
tone_on_bin,ESP32 SIMD,581,-1,0
tone_on_bin,ESP32 SIMD,582,-1,0
tone_on_bin,ESP32 SIMD,583,0,1
tone_on_bin,ESP32 SIMD,584,0,0
tone_on_bin,ESP32 SIMD,585,-1,0
tone_on_bin,ESP32 SIMD,586,-1,0
tone_on_bin,ESP32 SIMD,587,1,0
tone_on_bin,ESP32 SIMD,588,0,0
tone_on_bin,ESP32 SIMD,589,-1,-1
tone_on_bin,ESP32 SIMD,590,-1,0
tone_on_bin,ESP32 SIMD,591,0,0
tone_on_bin,ESP32 SIMD,592,0,0
tone_on_bin,ESP32 SIMD,593,1,-1
tone_on_bin,ESP32 SIMD,594,-1,0
tone_on_bin,ESP32 SIMD,595,0,0
tone_on_bin,ESP32 SIMD,596,0,0
tone_on_bin,ESP32 SIMD,597,0,0
tone_on_bin,ESP32 SIMD,598,-1,0
tone_on_bin,ESP32 SIMD,599,0,1
tone_on_bin,ESP32 SIMD,600,0,0
tone_on_bin,ESP32 SIMD,601,0,-1
tone_on_bin,ESP32 SIMD,602,-1,0
tone_on_bin,ESP32 SIMD,603,0,0
tone_on_bin,ESP32 SIMD,604,0,0
tone_on_bin,ESP32 SIMD,605,0,-1
tone_on_bin,ESP32 SIMD,606,-1,0
tone_on_bin,ESP32 SIMD,607,1,0
tone_on_bin,ESP32 SIMD,608,0,0
tone_on_bin,ESP32 SIMD,609,1,0
tone_on_bin,ESP32 SIMD,610,-1,0
tone_on_bin,ESP32 SIMD,611,1,-1
tone_on_bin,ESP32 SIMD,612,0,0
tone_on_bin,ESP32 SIMD,613,1,-1
tone_on_bin,ESP32 SIMD,614,-1,0
tone_on_bin,ESP32 SIMD,615,1,-1
tone_on_bin,ESP32 SIMD,616,0,0
tone_on_bin,ESP32 SIMD,617,-1,0
tone_on_bin,ESP32 SIMD,618,-1,0
tone_on_bin,ESP32 SIMD,619,0,0
tone_on_bin,ESP32 SIMD,620,0,0
tone_on_bin,ESP32 SIMD,621,0,-1
tone_on_bin,ESP32 SIMD,622,-1,0
tone_on_bin,ESP32 SIMD,623,2,-1
tone_on_bin,ESP32 SIMD,624,0,0
tone_on_bin,ESP32 SIMD,625,0,0
tone_on_bin,ESP32 SIMD,626,-1,0
tone_on_bin,ESP32 SIMD,627,1,0
tone_on_bin,ESP32 SIMD,628,0,0
tone_on_bin,ESP32 SIMD,629,1,-1
tone_on_bin,ESP32 SIMD,630,-1,0
tone_on_bin,ESP32 SIMD,631,0,0
tone_on_bin,ESP32 SIMD,632,0,0
tone_on_bin,ESP32 SIMD,633,-1,-1
tone_on_bin,ESP32 SIMD,634,-1,0
tone_on_bin,ESP32 SIMD,635,0,-1
tone_on_bin,ESP32 SIMD,636,0,0
tone_on_bin,ESP32 SIMD,637,0,-1
tone_on_bin,ESP32 SIMD,638,-1,0
tone_on_bin,ESP32 SIMD,639,0,-1
tone_on_bin,ESP32 SIMD,640,0,0
tone_on_bin,ESP32 SIMD,641,1,0
tone_on_bin,ESP32 SIMD,642,-1,0
tone_on_bin,ESP32 SIMD,643,0,0
tone_on_bin,ESP32 SIMD,644,0,0
tone_on_bin,ESP32 SIMD,645,-1,-1
tone_on_bin,ESP32 SIMD,646,-1,0
tone_on_bin,ESP32 SIMD,647,0,0
tone_on_bin,ESP32 SIMD,648,0,0
tone_on_bin,ESP32 SIMD,649,1,0
tone_on_bin,ESP32 SIMD,650,-1,0
tone_on_bin,ESP32 SIMD,651,0,0
tone_on_bin,ESP32 SIMD,652,0,0
tone_on_bin,ESP32 SIMD,653,-1,-1
tone_on_bin,ESP32 SIMD,654,-1,0
tone_on_bin,ESP32 SIMD,655,1,-1
tone_on_bin,ESP32 SIMD,656,0,0
tone_on_bin,ESP32 SIMD,657,1,-1
tone_on_bin,ESP32 SIMD,658,-1,0
tone_on_bin,ESP32 SIMD,659,0,-1
tone_on_bin,ESP32 SIMD,660,0,0
tone_on_bin,ESP32 SIMD,661,2,0
tone_on_bin,ESP32 SIMD,662,-1,0
tone_on_bin,ESP32 SIMD,663,-1,-1
tone_on_bin,ESP32 SIMD,664,0,0
tone_on_bin,ESP32 SIMD,665,1,0
tone_on_bin,ESP32 SIMD,666,-1,0
tone_on_bin,ESP32 SIMD,667,0,0
tone_on_bin,ESP32 SIMD,668,0,0
tone_on_bin,ESP32 SIMD,669,-1,-1
tone_on_bin,ESP32 SIMD,670,-1,0
tone_on_bin,ESP32 SIMD,671,1,-1
tone_on_bin,ESP32 SIMD,672,0,0
tone_on_bin,ESP32 SIMD,673,1,-1
tone_on_bin,ESP32 SIMD,674,-1,0
tone_on_bin,ESP32 SIMD,675,1,-1
tone_on_bin,ESP32 SIMD,676,0,0
tone_on_bin,ESP32 SIMD,677,0,0
tone_on_bin,ESP32 SIMD,678,-1,0
tone_on_bin,ESP32 SIMD,679,1,-1
tone_on_bin,ESP32 SIMD,680,0,0
tone_on_bin,ESP32 SIMD,681,0,0
tone_on_bin,ESP32 SIMD,682,-1,0
tone_on_bin,ESP32 SIMD,683,0,-1
tone_on_bin,ESP32 SIMD,684,0,0
tone_on_bin,ESP32 SIMD,685,0,0
tone_on_bin,ESP32 SIMD,686,-1,0
tone_on_bin,ESP32 SIMD,687,1,0
tone_on_bin,ESP32 SIMD,688,0,0
tone_on_bin,ESP32 SIMD,689,0,0
tone_on_bin,ESP32 SIMD,690,-1,0
tone_on_bin,ESP32 SIMD,691,0,1
tone_on_bin,ESP32 SIMD,692,0,0
tone_on_bin,ESP32 SIMD,693,1,0
tone_on_bin,ESP32 SIMD,694,-1,0
tone_on_bin,ESP32 SIMD,695,0,-1
tone_on_bin,ESP32 SIMD,696,0,0
tone_on_bin,ESP32 SIMD,697,-1,0
tone_on_bin,ESP32 SIMD,698,-1,0
tone_on_bin,ESP32 SIMD,699,1,0
tone_on_bin,ESP32 SIMD,700,0,0
tone_on_bin,ESP32 SIMD,701,-1,-1
tone_on_bin,ESP32 SIMD,702,-1,0
tone_on_bin,ESP32 SIMD,703,0,-1
tone_on_bin,ESP32 SIMD,704,0,0
tone_on_bin,ESP32 SIMD,705,-1,-1
tone_on_bin,ESP32 SIMD,706,-1,0
tone_on_bin,ESP32 SIMD,707,0,-1
tone_on_bin,ESP32 SIMD,708,0,0
tone_on_bin,ESP32 SIMD,709,-1,-1
tone_on_bin,ESP32 SIMD,710,-1,0
tone_on_bin,ESP32 SIMD,711,0,0
tone_on_bin,ESP32 SIMD,712,0,0
tone_on_bin,ESP32 SIMD,713,-1,-1
tone_on_bin,ESP32 SIMD,714,-1,0
tone_on_bin,ESP32 SIMD,715,0,-1
tone_on_bin,ESP32 SIMD,716,0,0
tone_on_bin,ESP32 SIMD,717,0,0
tone_on_bin,ESP32 SIMD,718,-1,0
tone_on_bin,ESP32 SIMD,719,0,0
tone_on_bin,ESP32 SIMD,720,0,0
tone_on_bin,ESP32 SIMD,721,0,-1
tone_on_bin,ESP32 SIMD,722,-1,0
tone_on_bin,ESP32 SIMD,723,0,0
tone_on_bin,ESP32 SIMD,724,0,0
tone_on_bin,ESP32 SIMD,725,0,-1
tone_on_bin,ESP32 SIMD,726,-1,0
tone_on_bin,ESP32 SIMD,727,1,0
tone_on_bin,ESP32 SIMD,728,0,0
tone_on_bin,ESP32 SIMD,729,0,0
tone_on_bin,ESP32 SIMD,730,-1,0
tone_on_bin,ESP32 SIMD,731,0,0
tone_on_bin,ESP32 SIMD,732,0,0
tone_on_bin,ESP32 SIMD,733,-1,0
tone_on_bin,ESP32 SIMD,734,-1,0
tone_on_bin,ESP32 SIMD,735,1,0
tone_on_bin,ESP32 SIMD,736,0,0
tone_on_bin,ESP32 SIMD,737,1,0
tone_on_bin,ESP32 SIMD,738,-1,0
tone_on_bin,ESP32 SIMD,739,1,0
tone_on_bin,ESP32 SIMD,740,0,0
tone_on_bin,ESP32 SIMD,741,1,0
tone_on_bin,ESP32 SIMD,742,-1,0
tone_on_bin,ESP32 SIMD,743,1,-1
tone_on_bin,ESP32 SIMD,744,0,0
tone_on_bin,ESP32 SIMD,745,0,-1
tone_on_bin,ESP32 SIMD,746,-1,0
tone_on_bin,ESP32 SIMD,747,0,-1
tone_on_bin,ESP32 SIMD,748,0,0
tone_on_bin,ESP32 SIMD,749,0,-1
tone_on_bin,ESP32 SIMD,750,-1,0
tone_on_bin,ESP32 SIMD,751,0,0
tone_on_bin,ESP32 SIMD,752,0,0
tone_on_bin,ESP32 SIMD,753,-1,-1
tone_on_bin,ESP32 SIMD,754,-1,0
tone_on_bin,ESP32 SIMD,755,0,0
tone_on_bin,ESP32 SIMD,756,0,0
tone_on_bin,ESP32 SIMD,757,0,-1
tone_on_bin,ESP32 SIMD,758,-1,0
tone_on_bin,ESP32 SIMD,759,0,-1
tone_on_bin,ESP32 SIMD,760,0,0
tone_on_bin,ESP32 SIMD,761,-1,-1
tone_on_bin,ESP32 SIMD,762,-1,0
tone_on_bin,ESP32 SIMD,763,0,0
tone_on_bin,ESP32 SIMD,764,0,0
tone_on_bin,ESP32 SIMD,765,0,-1
tone_on_bin,ESP32 SIMD,766,-1,0
tone_on_bin,ESP32 SIMD,767,-1,0
tone_on_bin,ESP32 SIMD,768,0,0
tone_on_bin,ESP32 SIMD,769,1,1
tone_on_bin,ESP32 SIMD,770,-1,0
tone_on_bin,ESP32 SIMD,771,1,1
tone_on_bin,ESP32 SIMD,772,0,0
tone_on_bin,ESP32 SIMD,773,1,1
tone_on_bin,ESP32 SIMD,774,-1,0
tone_on_bin,ESP32 SIMD,775,0,0
tone_on_bin,ESP32 SIMD,776,0,0
tone_on_bin,ESP32 SIMD,777,0,0
tone_on_bin,ESP32 SIMD,778,-1,0
tone_on_bin,ESP32 SIMD,779,1,1
tone_on_bin,ESP32 SIMD,780,0,0
tone_on_bin,ESP32 SIMD,781,1,0
tone_on_bin,ESP32 SIMD,782,-1,0
tone_on_bin,ESP32 SIMD,783,0,-1
tone_on_bin,ESP32 SIMD,784,0,0
tone_on_bin,ESP32 SIMD,785,0,0
tone_on_bin,ESP32 SIMD,786,-1,0
tone_on_bin,ESP32 SIMD,787,1,1
tone_on_bin,ESP32 SIMD,788,0,0
tone_on_bin,ESP32 SIMD,789,1,1
tone_on_bin,ESP32 SIMD,790,-1,0
tone_on_bin,ESP32 SIMD,791,0,-1
tone_on_bin,ESP32 SIMD,792,0,0
tone_on_bin,ESP32 SIMD,793,0,0
tone_on_bin,ESP32 SIMD,794,-1,0
tone_on_bin,ESP32 SIMD,795,0,0
tone_on_bin,ESP32 SIMD,796,0,0
tone_on_bin,ESP32 SIMD,797,1,0
tone_on_bin,ESP32 SIMD,798,-1,0
tone_on_bin,ESP32 SIMD,799,0,0
tone_on_bin,ESP32 SIMD,800,0,0
tone_on_bin,ESP32 SIMD,801,0,-1
tone_on_bin,ESP32 SIMD,802,-1,0
tone_on_bin,ESP32 SIMD,803,-1,-1
tone_on_bin,ESP32 SIMD,804,0,0
tone_on_bin,ESP32 SIMD,805,1,-1
tone_on_bin,ESP32 SIMD,806,-1,0
tone_on_bin,ESP32 SIMD,807,1,0
tone_on_bin,ESP32 SIMD,808,0,0
tone_on_bin,ESP32 SIMD,809,0,0
tone_on_bin,ESP32 SIMD,810,-1,0
tone_on_bin,ESP32 SIMD,811,1,0
tone_on_bin,ESP32 SIMD,812,0,0
tone_on_bin,ESP32 SIMD,813,1,-1
tone_on_bin,ESP32 SIMD,814,-1,0
tone_on_bin,ESP32 SIMD,815,1,0
tone_on_bin,ESP32 SIMD,816,0,0
tone_on_bin,ESP32 SIMD,817,0,1
tone_on_bin,ESP32 SIMD,818,-1,0
tone_on_bin,ESP32 SIMD,819,1,1
tone_on_bin,ESP32 SIMD,820,0,0
tone_on_bin,ESP32 SIMD,821,1,1
tone_on_bin,ESP32 SIMD,822,-1,0
tone_on_bin,ESP32 SIMD,823,0,0
tone_on_bin,ESP32 SIMD,824,0,0
tone_on_bin,ESP32 SIMD,825,0,0
tone_on_bin,ESP32 SIMD,826,-1,0
tone_on_bin,ESP32 SIMD,827,1,1
tone_on_bin,ESP32 SIMD,828,0,0
tone_on_bin,ESP32 SIMD,829,1,0
tone_on_bin,ESP32 SIMD,830,-1,0
tone_on_bin,ESP32 SIMD,831,0,0
tone_on_bin,ESP32 SIMD,832,0,0
tone_on_bin,ESP32 SIMD,833,1,0
tone_on_bin,ESP32 SIMD,834,-1,0
tone_on_bin,ESP32 SIMD,835,1,-1
tone_on_bin,ESP32 SIMD,836,0,0
tone_on_bin,ESP32 SIMD,837,0,0
tone_on_bin,ESP32 SIMD,838,-1,0
tone_on_bin,ESP32 SIMD,839,0,0
tone_on_bin,ESP32 SIMD,840,0,0
tone_on_bin,ESP32 SIMD,841,0,0
tone_on_bin,ESP32 SIMD,842,-1,0
tone_on_bin,ESP32 SIMD,843,1,0
tone_on_bin,ESP32 SIMD,844,0,0
tone_on_bin,ESP32 SIMD,845,1,1
tone_on_bin,ESP32 SIMD,846,-1,0
tone_on_bin,ESP32 SIMD,847,0,-1
tone_on_bin,ESP32 SIMD,848,0,0
tone_on_bin,ESP32 SIMD,849,0,0
tone_on_bin,ESP32 SIMD,850,-1,0
tone_on_bin,ESP32 SIMD,851,0,0
tone_on_bin,ESP32 SIMD,852,0,0
tone_on_bin,ESP32 SIMD,853,1,1
tone_on_bin,ESP32 SIMD,854,-1,0
tone_on_bin,ESP32 SIMD,855,0,0
tone_on_bin,ESP32 SIMD,856,0,0
tone_on_bin,ESP32 SIMD,857,1,0
tone_on_bin,ESP32 SIMD,858,-1,0
tone_on_bin,ESP32 SIMD,859,0,0
tone_on_bin,ESP32 SIMD,860,0,0
tone_on_bin,ESP32 SIMD,861,0,0
tone_on_bin,ESP32 SIMD,862,-1,0
tone_on_bin,ESP32 SIMD,863,1,1
tone_on_bin,ESP32 SIMD,864,0,0
tone_on_bin,ESP32 SIMD,865,1,1
tone_on_bin,ESP32 SIMD,866,-1,0
tone_on_bin,ESP32 SIMD,867,0,-1
tone_on_bin,ESP32 SIMD,868,0,0
tone_on_bin,ESP32 SIMD,869,1,1
tone_on_bin,ESP32 SIMD,870,-1,0
tone_on_bin,ESP32 SIMD,871,1,0
tone_on_bin,ESP32 SIMD,872,0,0
tone_on_bin,ESP32 SIMD,873,0,0
tone_on_bin,ESP32 SIMD,874,-1,0
tone_on_bin,ESP32 SIMD,875,0,0
tone_on_bin,ESP32 SIMD,876,0,0
tone_on_bin,ESP32 SIMD,877,0,0
tone_on_bin,ESP32 SIMD,878,-1,0
tone_on_bin,ESP32 SIMD,879,1,-1
tone_on_bin,ESP32 SIMD,880,0,0
tone_on_bin,ESP32 SIMD,881,1,-1
tone_on_bin,ESP32 SIMD,882,-1,0
tone_on_bin,ESP32 SIMD,883,0,-1
tone_on_bin,ESP32 SIMD,884,0,0
tone_on_bin,ESP32 SIMD,885,1,-1
tone_on_bin,ESP32 SIMD,886,-1,0
tone_on_bin,ESP32 SIMD,887,1,0
tone_on_bin,ESP32 SIMD,888,0,0
tone_on_bin,ESP32 SIMD,889,0,-1
tone_on_bin,ESP32 SIMD,890,-1,0
tone_on_bin,ESP32 SIMD,891,1,0
tone_on_bin,ESP32 SIMD,892,0,0
tone_on_bin,ESP32 SIMD,893,0,0
tone_on_bin,ESP32 SIMD,894,-1,0
tone_on_bin,ESP32 SIMD,895,0,0
tone_on_bin,ESP32 SIMD,896,0,0
tone_on_bin,ESP32 SIMD,897,1,1
tone_on_bin,ESP32 SIMD,898,-1,0
tone_on_bin,ESP32 SIMD,899,0,0
tone_on_bin,ESP32 SIMD,900,0,0
tone_on_bin,ESP32 SIMD,901,0,0
tone_on_bin,ESP32 SIMD,902,-1,0
tone_on_bin,ESP32 SIMD,903,0,1
tone_on_bin,ESP32 SIMD,904,0,0
tone_on_bin,ESP32 SIMD,905,1,0
tone_on_bin,ESP32 SIMD,906,-1,0
tone_on_bin,ESP32 SIMD,907,0,0
tone_on_bin,ESP32 SIMD,908,0,0
tone_on_bin,ESP32 SIMD,909,0,0
tone_on_bin,ESP32 SIMD,910,-1,0
tone_on_bin,ESP32 SIMD,911,1,0
tone_on_bin,ESP32 SIMD,912,0,0
tone_on_bin,ESP32 SIMD,913,1,1
tone_on_bin,ESP32 SIMD,914,-1,0
tone_on_bin,ESP32 SIMD,915,1,0
tone_on_bin,ESP32 SIMD,916,0,0
tone_on_bin,ESP32 SIMD,917,1,0
tone_on_bin,ESP32 SIMD,918,-1,0
tone_on_bin,ESP32 SIMD,919,0,0
tone_on_bin,ESP32 SIMD,920,0,0
tone_on_bin,ESP32 SIMD,921,1,1
tone_on_bin,ESP32 SIMD,922,-1,0
tone_on_bin,ESP32 SIMD,923,1,1
tone_on_bin,ESP32 SIMD,924,0,0
tone_on_bin,ESP32 SIMD,925,0,0
tone_on_bin,ESP32 SIMD,926,-1,0
tone_on_bin,ESP32 SIMD,927,1,0
tone_on_bin,ESP32 SIMD,928,0,0
tone_on_bin,ESP32 SIMD,929,-1,-1
tone_on_bin,ESP32 SIMD,930,-1,0
tone_on_bin,ESP32 SIMD,931,1,0
tone_on_bin,ESP32 SIMD,932,0,0
tone_on_bin,ESP32 SIMD,933,1,-1
tone_on_bin,ESP32 SIMD,934,-1,0
tone_on_bin,ESP32 SIMD,935,1,1
tone_on_bin,ESP32 SIMD,936,0,0
tone_on_bin,ESP32 SIMD,937,0,0
tone_on_bin,ESP32 SIMD,938,-1,0
tone_on_bin,ESP32 SIMD,939,1,-1
tone_on_bin,ESP32 SIMD,940,0,0
tone_on_bin,ESP32 SIMD,941,1,0
tone_on_bin,ESP32 SIMD,942,-1,0
tone_on_bin,ESP32 SIMD,943,1,0
tone_on_bin,ESP32 SIMD,944,0,0
tone_on_bin,ESP32 SIMD,945,1,1
tone_on_bin,ESP32 SIMD,946,-1,0
tone_on_bin,ESP32 SIMD,947,1,0
tone_on_bin,ESP32 SIMD,948,0,0
tone_on_bin,ESP32 SIMD,949,1,1
tone_on_bin,ESP32 SIMD,950,-1,0
tone_on_bin,ESP32 SIMD,951,1,1
tone_on_bin,ESP32 SIMD,952,0,0
tone_on_bin,ESP32 SIMD,953,0,0
tone_on_bin,ESP32 SIMD,954,-1,0
tone_on_bin,ESP32 SIMD,955,0,1
tone_on_bin,ESP32 SIMD,956,0,0
tone_on_bin,ESP32 SIMD,957,0,0
tone_on_bin,ESP32 SIMD,958,-1,0
tone_on_bin,ESP32 SIMD,959,1,1
tone_on_bin,ESP32 SIMD,960,0,0
tone_on_bin,ESP32 SIMD,961,0,0
tone_on_bin,ESP32 SIMD,962,-1,0
tone_on_bin,ESP32 SIMD,963,1,1
tone_on_bin,ESP32 SIMD,964,0,0
tone_on_bin,ESP32 SIMD,965,0,0
tone_on_bin,ESP32 SIMD,966,-1,0
tone_on_bin,ESP32 SIMD,967,0,0
tone_on_bin,ESP32 SIMD,968,0,0
tone_on_bin,ESP32 SIMD,969,0,0
tone_on_bin,ESP32 SIMD,970,-1,0
tone_on_bin,ESP32 SIMD,971,1,1
tone_on_bin,ESP32 SIMD,972,0,0
tone_on_bin,ESP32 SIMD,973,0,0
tone_on_bin,ESP32 SIMD,974,-1,0
tone_on_bin,ESP32 SIMD,975,0,0
tone_on_bin,ESP32 SIMD,976,0,0
tone_on_bin,ESP32 SIMD,977,1,1
tone_on_bin,ESP32 SIMD,978,-1,0
tone_on_bin,ESP32 SIMD,979,1,1
tone_on_bin,ESP32 SIMD,980,0,0
tone_on_bin,ESP32 SIMD,981,1,1
tone_on_bin,ESP32 SIMD,982,-1,0
tone_on_bin,ESP32 SIMD,983,0,0
tone_on_bin,ESP32 SIMD,984,0,0
tone_on_bin,ESP32 SIMD,985,1,0
tone_on_bin,ESP32 SIMD,986,-1,0
tone_on_bin,ESP32 SIMD,987,8188,0
tone_on_bin,ESP32 SIMD,988,0,0
tone_on_bin,ESP32 SIMD,989,0,0
tone_on_bin,ESP32 SIMD,990,-1,0
tone_on_bin,ESP32 SIMD,991,1,1
tone_on_bin,ESP32 SIMD,992,0,0
tone_on_bin,ESP32 SIMD,993,1,1
tone_on_bin,ESP32 SIMD,994,-1,0
tone_on_bin,ESP32 SIMD,995,1,1
tone_on_bin,ESP32 SIMD,996,0,0
tone_on_bin,ESP32 SIMD,997,1,1
tone_on_bin,ESP32 SIMD,998,-1,0
tone_on_bin,ESP32 SIMD,999,1,1
tone_on_bin,ESP32 SIMD,1000,0,0
tone_on_bin,ESP32 SIMD,1001,1,1
tone_on_bin,ESP32 SIMD,1002,-1,0
tone_on_bin,ESP32 SIMD,1003,1,1
tone_on_bin,ESP32 SIMD,1004,0,0
tone_on_bin,ESP32 SIMD,1005,0,0
tone_on_bin,ESP32 SIMD,1006,-1,0
tone_on_bin,ESP32 SIMD,1007,0,0
tone_on_bin,ESP32 SIMD,1008,0,0
tone_on_bin,ESP32 SIMD,1009,0,0
tone_on_bin,ESP32 SIMD,1010,-1,0
tone_on_bin,ESP32 SIMD,1011,0,1
tone_on_bin,ESP32 SIMD,1012,0,0
tone_on_bin,ESP32 SIMD,1013,1,1
tone_on_bin,ESP32 SIMD,1014,-1,0
tone_on_bin,ESP32 SIMD,1015,0,0
tone_on_bin,ESP32 SIMD,1016,0,0
tone_on_bin,ESP32 SIMD,1017,0,0
tone_on_bin,ESP32 SIMD,1018,-1,0
tone_on_bin,ESP32 SIMD,1019,1,1
tone_on_bin,ESP32 SIMD,1020,0,0
tone_on_bin,ESP32 SIMD,1021,0,0
tone_on_bin,ESP32 SIMD,1022,-1,0
tone_on_bin,ESP32 SIMD,1023,-1,0
tone_on_bin,ESP32 plain C,0,0,0
tone_on_bin,ESP32 plain C,1,0,0
tone_on_bin,ESP32 plain C,2,0,0
tone_on_bin,ESP32 plain C,3,0,0
tone_on_bin,ESP32 plain C,4,0,0
tone_on_bin,ESP32 plain C,5,0,0
tone_on_bin,ESP32 plain C,6,0,0
tone_on_bin,ESP32 plain C,7,0,0
tone_on_bin,ESP32 plain C,8,0,0
tone_on_bin,ESP32 plain C,9,0,0
tone_on_bin,ESP32 plain C,10,0,0
tone_on_bin,ESP32 plain C,11,0,0
tone_on_bin,ESP32 plain C,12,0,0
tone_on_bin,ESP32 plain C,13,0,0
tone_on_bin,ESP32 plain C,14,0,0
tone_on_bin,ESP32 plain C,15,0,0
tone_on_bin,ESP32 plain C,16,0,0
tone_on_bin,ESP32 plain C,17,0,0
tone_on_bin,ESP32 plain C,18,0,0
tone_on_bin,ESP32 plain C,19,0,0
tone_on_bin,ESP32 plain C,20,0,0
tone_on_bin,ESP32 plain C,21,0,0
tone_on_bin,ESP32 plain C,22,0,0
tone_on_bin,ESP32 plain C,23,0,0
tone_on_bin,ESP32 plain C,24,0,0
tone_on_bin,ESP32 plain C,25,0,0
tone_on_bin,ESP32 plain C,26,0,0
tone_on_bin,ESP32 plain C,27,0,0
tone_on_bin,ESP32 plain C,28,0,0
tone_on_bin,ESP32 plain C,29,0,0
tone_on_bin,ESP32 plain C,30,0,0
tone_on_bin,ESP32 plain C,31,0,0
tone_on_bin,ESP32 plain C,32,0,0
tone_on_bin,ESP32 plain C,33,0,0
tone_on_bin,ESP32 plain C,34,0,0
tone_on_bin,ESP32 plain C,35,0,0
tone_on_bin,ESP32 plain C,36,0,0
tone_on_bin,ESP32 plain C,37,8190,0
tone_on_bin,ESP32 plain C,38,0,0
tone_on_bin,ESP32 plain C,39,0,0
tone_on_bin,ESP32 plain C,40,0,0
tone_on_bin,ESP32 plain C,41,0,0
tone_on_bin,ESP32 plain C,42,0,0
tone_on_bin,ESP32 plain C,43,0,0
tone_on_bin,ESP32 plain C,44,0,0
tone_on_bin,ESP32 plain C,45,0,0
tone_on_bin,ESP32 plain C,46,0,0
tone_on_bin,ESP32 plain C,47,0,0
tone_on_bin,ESP32 plain C,48,0,0
tone_on_bin,ESP32 plain C,49,0,0
tone_on_bin,ESP32 plain C,50,0,0
tone_on_bin,ESP32 plain C,51,0,0
tone_on_bin,ESP32 plain C,52,0,0
tone_on_bin,ESP32 plain C,53,0,0
tone_on_bin,ESP32 plain C,54,0,0
tone_on_bin,ESP32 plain C,55,0,0
tone_on_bin,ESP32 plain C,56,0,0
tone_on_bin,ESP32 plain C,57,0,0
tone_on_bin,ESP32 plain C,58,0,0
tone_on_bin,ESP32 plain C,59,0,0
tone_on_bin,ESP32 plain C,60,0,0
tone_on_bin,ESP32 plain C,61,0,0
tone_on_bin,ESP32 plain C,62,0,0
tone_on_bin,ESP32 plain C,63,0,0
tone_on_bin,ESP32 plain C,64,0,0
tone_on_bin,ESP32 plain C,65,0,0
tone_on_bin,ESP32 plain C,66,0,0
tone_on_bin,ESP32 plain C,67,0,0
tone_on_bin,ESP32 plain C,68,0,0
tone_on_bin,ESP32 plain C,69,0,0
tone_on_bin,ESP32 plain C,70,0,0
tone_on_bin,ESP32 plain C,71,0,0
tone_on_bin,ESP32 plain C,72,0,0
tone_on_bin,ESP32 plain C,73,0,0
tone_on_bin,ESP32 plain C,74,0,0
tone_on_bin,ESP32 plain C,75,0,0
tone_on_bin,ESP32 plain C,76,0,0
tone_on_bin,ESP32 plain C,77,0,0
tone_on_bin,ESP32 plain C,78,0,0
tone_on_bin,ESP32 plain C,79,0,0
tone_on_bin,ESP32 plain C,80,0,0
tone_on_bin,ESP32 plain C,81,0,0
tone_on_bin,ESP32 plain C,82,0,0
tone_on_bin,ESP32 plain C,83,0,0
tone_on_bin,ESP32 plain C,84,0,0
tone_on_bin,ESP32 plain C,85,0,0
tone_on_bin,ESP32 plain C,86,0,0
tone_on_bin,ESP32 plain C,87,0,0
tone_on_bin,ESP32 plain C,88,0,0
tone_on_bin,ESP32 plain C,89,0,0
tone_on_bin,ESP32 plain C,90,0,0
tone_on_bin,ESP32 plain C,91,0,0
tone_on_bin,ESP32 plain C,92,0,0
tone_on_bin,ESP32 plain C,93,0,0
tone_on_bin,ESP32 plain C,94,0,0
tone_on_bin,ESP32 plain C,95,0,0
tone_on_bin,ESP32 plain C,96,0,0
tone_on_bin,ESP32 plain C,97,0,0
tone_on_bin,ESP32 plain C,98,0,0
tone_on_bin,ESP32 plain C,99,0,0
tone_on_bin,ESP32 plain C,100,0,0
tone_on_bin,ESP32 plain C,101,0,0
tone_on_bin,ESP32 plain C,102,0,0
tone_on_bin,ESP32 plain C,103,0,0
tone_on_bin,ESP32 plain C,104,0,0
tone_on_bin,ESP32 plain C,105,0,0
tone_on_bin,ESP32 plain C,106,0,0
tone_on_bin,ESP32 plain C,107,0,0
tone_on_bin,ESP32 plain C,108,0,0
tone_on_bin,ESP32 plain C,109,0,0
tone_on_bin,ESP32 plain C,110,0,0
tone_on_bin,ESP32 plain C,111,0,0
tone_on_bin,ESP32 plain C,112,0,0
tone_on_bin,ESP32 plain C,113,0,0
tone_on_bin,ESP32 plain C,114,0,0
tone_on_bin,ESP32 plain C,115,0,0
tone_on_bin,ESP32 plain C,116,0,0
tone_on_bin,ESP32 plain C,117,0,0
tone_on_bin,ESP32 plain C,118,0,0
tone_on_bin,ESP32 plain C,119,0,0
tone_on_bin,ESP32 plain C,120,0,0
tone_on_bin,ESP32 plain C,121,0,0
tone_on_bin,ESP32 plain C,122,0,0
tone_on_bin,ESP32 plain C,123,0,0
tone_on_bin,ESP32 plain C,124,0,0
tone_on_bin,ESP32 plain C,125,0,0
tone_on_bin,ESP32 plain C,126,0,0
tone_on_bin,ESP32 plain C,127,0,0
tone_on_bin,ESP32 plain C,128,0,0
tone_on_bin,ESP32 plain C,129,0,0
tone_on_bin,ESP32 plain C,130,0,0
tone_on_bin,ESP32 plain C,131,0,0
tone_on_bin,ESP32 plain C,132,0,0
tone_on_bin,ESP32 plain C,133,0,0
tone_on_bin,ESP32 plain C,134,0,0
tone_on_bin,ESP32 plain C,135,0,0
tone_on_bin,ESP32 plain C,136,0,0
tone_on_bin,ESP32 plain C,137,0,0
tone_on_bin,ESP32 plain C,138,0,0
tone_on_bin,ESP32 plain C,139,0,0
tone_on_bin,ESP32 plain C,140,0,0
tone_on_bin,ESP32 plain C,141,0,0
tone_on_bin,ESP32 plain C,142,0,0
tone_on_bin,ESP32 plain C,143,0,0
tone_on_bin,ESP32 plain C,144,0,0
tone_on_bin,ESP32 plain C,145,0,0
tone_on_bin,ESP32 plain C,146,0,0
tone_on_bin,ESP32 plain C,147,0,0
tone_on_bin,ESP32 plain C,148,0,0
tone_on_bin,ESP32 plain C,149,0,0
tone_on_bin,ESP32 plain C,150,0,0
tone_on_bin,ESP32 plain C,151,0,0
tone_on_bin,ESP32 plain C,152,0,0
tone_on_bin,ESP32 plain C,153,0,0
tone_on_bin,ESP32 plain C,154,0,0
tone_on_bin,ESP32 plain C,155,0,0
tone_on_bin,ESP32 plain C,156,0,0
tone_on_bin,ESP32 plain C,157,0,0
tone_on_bin,ESP32 plain C,158,0,0
tone_on_bin,ESP32 plain C,159,0,0
tone_on_bin,ESP32 plain C,160,0,0
tone_on_bin,ESP32 plain C,161,0,0
tone_on_bin,ESP32 plain C,162,0,0
tone_on_bin,ESP32 plain C,163,0,0
tone_on_bin,ESP32 plain C,164,0,0
tone_on_bin,ESP32 plain C,165,0,0
tone_on_bin,ESP32 plain C,166,0,0
tone_on_bin,ESP32 plain C,167,0,0
tone_on_bin,ESP32 plain C,168,0,0
tone_on_bin,ESP32 plain C,169,0,0
tone_on_bin,ESP32 plain C,170,0,0
tone_on_bin,ESP32 plain C,171,0,0
tone_on_bin,ESP32 plain C,172,0,0
tone_on_bin,ESP32 plain C,173,0,0
tone_on_bin,ESP32 plain C,174,0,0
tone_on_bin,ESP32 plain C,175,0,0
tone_on_bin,ESP32 plain C,176,0,0
tone_on_bin,ESP32 plain C,177,0,0
tone_on_bin,ESP32 plain C,178,0,0
tone_on_bin,ESP32 plain C,179,0,0
tone_on_bin,ESP32 plain C,180,0,0
tone_on_bin,ESP32 plain C,181,0,0
tone_on_bin,ESP32 plain C,182,0,0
tone_on_bin,ESP32 plain C,183,0,0
tone_on_bin,ESP32 plain C,184,0,0
tone_on_bin,ESP32 plain C,185,0,0
tone_on_bin,ESP32 plain C,186,0,0
tone_on_bin,ESP32 plain C,187,0,0
tone_on_bin,ESP32 plain C,188,0,0
tone_on_bin,ESP32 plain C,189,0,0
tone_on_bin,ESP32 plain C,190,0,0
tone_on_bin,ESP32 plain C,191,0,0
tone_on_bin,ESP32 plain C,192,0,0
tone_on_bin,ESP32 plain C,193,0,0
tone_on_bin,ESP32 plain C,194,0,0
tone_on_bin,ESP32 plain C,195,0,0
tone_on_bin,ESP32 plain C,196,0,0
tone_on_bin,ESP32 plain C,197,0,0
tone_on_bin,ESP32 plain C,198,0,0
tone_on_bin,ESP32 plain C,199,0,0
tone_on_bin,ESP32 plain C,200,0,0
tone_on_bin,ESP32 plain C,201,0,0
tone_on_bin,ESP32 plain C,202,0,0
tone_on_bin,ESP32 plain C,203,0,0
tone_on_bin,ESP32 plain C,204,0,0
tone_on_bin,ESP32 plain C,205,0,0
tone_on_bin,ESP32 plain C,206,0,0
tone_on_bin,ESP32 plain C,207,0,0
tone_on_bin,ESP32 plain C,208,0,0
tone_on_bin,ESP32 plain C,209,0,0
tone_on_bin,ESP32 plain C,210,0,0
tone_on_bin,ESP32 plain C,211,0,0
tone_on_bin,ESP32 plain C,212,0,0
tone_on_bin,ESP32 plain C,213,0,0
tone_on_bin,ESP32 plain C,214,0,0
tone_on_bin,ESP32 plain C,215,0,0
tone_on_bin,ESP32 plain C,216,0,0
tone_on_bin,ESP32 plain C,217,0,0
tone_on_bin,ESP32 plain C,218,0,0
tone_on_bin,ESP32 plain C,219,0,0
tone_on_bin,ESP32 plain C,220,0,0
tone_on_bin,ESP32 plain C,221,0,0
tone_on_bin,ESP32 plain C,222,0,0
tone_on_bin,ESP32 plain C,223,0,0
tone_on_bin,ESP32 plain C,224,0,0
tone_on_bin,ESP32 plain C,225,0,0
tone_on_bin,ESP32 plain C,226,0,0
tone_on_bin,ESP32 plain C,227,0,0
tone_on_bin,ESP32 plain C,228,0,0
tone_on_bin,ESP32 plain C,229,0,0
tone_on_bin,ESP32 plain C,230,0,0
tone_on_bin,ESP32 plain C,231,0,0
tone_on_bin,ESP32 plain C,232,0,0
tone_on_bin,ESP32 plain C,233,0,0
tone_on_bin,ESP32 plain C,234,0,0
tone_on_bin,ESP32 plain C,235,0,0
tone_on_bin,ESP32 plain C,236,0,0
tone_on_bin,ESP32 plain C,237,0,0
tone_on_bin,ESP32 plain C,238,0,0
tone_on_bin,ESP32 plain C,239,0,0
tone_on_bin,ESP32 plain C,240,0,0
tone_on_bin,ESP32 plain C,241,0,0
tone_on_bin,ESP32 plain C,242,0,0
tone_on_bin,ESP32 plain C,243,0,0
tone_on_bin,ESP32 plain C,244,0,0
tone_on_bin,ESP32 plain C,245,0,0
tone_on_bin,ESP32 plain C,246,0,0
tone_on_bin,ESP32 plain C,247,0,0
tone_on_bin,ESP32 plain C,248,0,0
tone_on_bin,ESP32 plain C,249,0,0
tone_on_bin,ESP32 plain C,250,0,0
tone_on_bin,ESP32 plain C,251,0,0
tone_on_bin,ESP32 plain C,252,0,0
tone_on_bin,ESP32 plain C,253,0,0
tone_on_bin,ESP32 plain C,254,0,0
tone_on_bin,ESP32 plain C,255,0,0
tone_on_bin,ESP32 plain C,256,0,0
tone_on_bin,ESP32 plain C,257,0,0
tone_on_bin,ESP32 plain C,258,0,0
tone_on_bin,ESP32 plain C,259,0,0
tone_on_bin,ESP32 plain C,260,0,0
tone_on_bin,ESP32 plain C,261,0,0
tone_on_bin,ESP32 plain C,262,0,0
tone_on_bin,ESP32 plain C,263,0,0
tone_on_bin,ESP32 plain C,264,0,0
tone_on_bin,ESP32 plain C,265,0,0
tone_on_bin,ESP32 plain C,266,0,0
tone_on_bin,ESP32 plain C,267,0,0
tone_on_bin,ESP32 plain C,268,0,0
tone_on_bin,ESP32 plain C,269,0,0
tone_on_bin,ESP32 plain C,270,0,0
tone_on_bin,ESP32 plain C,271,0,0
tone_on_bin,ESP32 plain C,272,0,0
tone_on_bin,ESP32 plain C,273,0,0
tone_on_bin,ESP32 plain C,274,0,0
tone_on_bin,ESP32 plain C,275,0,0
tone_on_bin,ESP32 plain C,276,0,0
tone_on_bin,ESP32 plain C,277,0,0
tone_on_bin,ESP32 plain C,278,0,0
tone_on_bin,ESP32 plain C,279,0,0
tone_on_bin,ESP32 plain C,280,0,0
tone_on_bin,ESP32 plain C,281,0,0
tone_on_bin,ESP32 plain C,282,0,0
tone_on_bin,ESP32 plain C,283,0,0
tone_on_bin,ESP32 plain C,284,0,0
tone_on_bin,ESP32 plain C,285,0,0
tone_on_bin,ESP32 plain C,286,0,0
tone_on_bin,ESP32 plain C,287,0,0
tone_on_bin,ESP32 plain C,288,0,0
tone_on_bin,ESP32 plain C,289,0,0
tone_on_bin,ESP32 plain C,290,0,0
tone_on_bin,ESP32 plain C,291,0,0
tone_on_bin,ESP32 plain C,292,0,0
tone_on_bin,ESP32 plain C,293,0,0
tone_on_bin,ESP32 plain C,294,0,0
tone_on_bin,ESP32 plain C,295,0,0
tone_on_bin,ESP32 plain C,296,0,0
tone_on_bin,ESP32 plain C,297,0,0
tone_on_bin,ESP32 plain C,298,0,0
tone_on_bin,ESP32 plain C,299,0,0
tone_on_bin,ESP32 plain C,300,0,0
tone_on_bin,ESP32 plain C,301,0,0
tone_on_bin,ESP32 plain C,302,0,0
tone_on_bin,ESP32 plain C,303,0,0
tone_on_bin,ESP32 plain C,304,0,0
tone_on_bin,ESP32 plain C,305,0,0
tone_on_bin,ESP32 plain C,306,0,0
tone_on_bin,ESP32 plain C,307,0,0
tone_on_bin,ESP32 plain C,308,0,0
tone_on_bin,ESP32 plain C,309,0,0
tone_on_bin,ESP32 plain C,310,0,0
tone_on_bin,ESP32 plain C,311,0,0
tone_on_bin,ESP32 plain C,312,0,0
tone_on_bin,ESP32 plain C,313,0,0
tone_on_bin,ESP32 plain C,314,0,0
tone_on_bin,ESP32 plain C,315,0,0
tone_on_bin,ESP32 plain C,316,0,0
tone_on_bin,ESP32 plain C,317,0,0
tone_on_bin,ESP32 plain C,318,0,0
tone_on_bin,ESP32 plain C,319,0,0
tone_on_bin,ESP32 plain C,320,0,0
tone_on_bin,ESP32 plain C,321,0,0
tone_on_bin,ESP32 plain C,322,0,0
tone_on_bin,ESP32 plain C,323,0,0
tone_on_bin,ESP32 plain C,324,0,0
tone_on_bin,ESP32 plain C,325,0,0
tone_on_bin,ESP32 plain C,326,0,0
tone_on_bin,ESP32 plain C,327,0,0
tone_on_bin,ESP32 plain C,328,0,0
tone_on_bin,ESP32 plain C,329,0,0
tone_on_bin,ESP32 plain C,330,0,0
tone_on_bin,ESP32 plain C,331,0,0
tone_on_bin,ESP32 plain C,332,0,0
tone_on_bin,ESP32 plain C,333,0,0
tone_on_bin,ESP32 plain C,334,0,0
tone_on_bin,ESP32 plain C,335,0,0
tone_on_bin,ESP32 plain C,336,0,0
tone_on_bin,ESP32 plain C,337,0,0
tone_on_bin,ESP32 plain C,338,0,0
tone_on_bin,ESP32 plain C,339,0,0
tone_on_bin,ESP32 plain C,340,0,0
tone_on_bin,ESP32 plain C,341,0,0
tone_on_bin,ESP32 plain C,342,0,0
tone_on_bin,ESP32 plain C,343,0,0
tone_on_bin,ESP32 plain C,344,0,0
tone_on_bin,ESP32 plain C,345,0,0
tone_on_bin,ESP32 plain C,346,0,0
tone_on_bin,ESP32 plain C,347,0,0
tone_on_bin,ESP32 plain C,348,0,0
tone_on_bin,ESP32 plain C,349,0,0
tone_on_bin,ESP32 plain C,350,0,0
tone_on_bin,ESP32 plain C,351,0,0
tone_on_bin,ESP32 plain C,352,0,0
tone_on_bin,ESP32 plain C,353,0,0
tone_on_bin,ESP32 plain C,354,0,0
tone_on_bin,ESP32 plain C,355,0,0
tone_on_bin,ESP32 plain C,356,0,0
tone_on_bin,ESP32 plain C,357,0,0
tone_on_bin,ESP32 plain C,358,0,0
tone_on_bin,ESP32 plain C,359,0,0
tone_on_bin,ESP32 plain C,360,0,0
tone_on_bin,ESP32 plain C,361,0,0
tone_on_bin,ESP32 plain C,362,0,0
tone_on_bin,ESP32 plain C,363,0,0
tone_on_bin,ESP32 plain C,364,0,0
tone_on_bin,ESP32 plain C,365,0,0
tone_on_bin,ESP32 plain C,366,0,0
tone_on_bin,ESP32 plain C,367,0,0
tone_on_bin,ESP32 plain C,368,0,0
tone_on_bin,ESP32 plain C,369,0,0
tone_on_bin,ESP32 plain C,370,0,0
tone_on_bin,ESP32 plain C,371,0,0
tone_on_bin,ESP32 plain C,372,0,0
tone_on_bin,ESP32 plain C,373,0,0
tone_on_bin,ESP32 plain C,374,0,0
tone_on_bin,ESP32 plain C,375,0,0
tone_on_bin,ESP32 plain C,376,0,0
tone_on_bin,ESP32 plain C,377,0,0
tone_on_bin,ESP32 plain C,378,0,0
tone_on_bin,ESP32 plain C,379,0,0
tone_on_bin,ESP32 plain C,380,0,0
tone_on_bin,ESP32 plain C,381,0,0
tone_on_bin,ESP32 plain C,382,0,0
tone_on_bin,ESP32 plain C,383,0,0
tone_on_bin,ESP32 plain C,384,0,0
tone_on_bin,ESP32 plain C,385,0,0
tone_on_bin,ESP32 plain C,386,0,0
tone_on_bin,ESP32 plain C,387,0,0
tone_on_bin,ESP32 plain C,388,0,0
tone_on_bin,ESP32 plain C,389,0,0
tone_on_bin,ESP32 plain C,390,0,0
tone_on_bin,ESP32 plain C,391,0,0
tone_on_bin,ESP32 plain C,392,0,0
tone_on_bin,ESP32 plain C,393,0,0
tone_on_bin,ESP32 plain C,394,0,0
tone_on_bin,ESP32 plain C,395,0,0
tone_on_bin,ESP32 plain C,396,0,0
tone_on_bin,ESP32 plain C,397,0,0
tone_on_bin,ESP32 plain C,398,0,0
tone_on_bin,ESP32 plain C,399,0,0
tone_on_bin,ESP32 plain C,400,0,0
tone_on_bin,ESP32 plain C,401,0,0
tone_on_bin,ESP32 plain C,402,0,0
tone_on_bin,ESP32 plain C,403,0,0
tone_on_bin,ESP32 plain C,404,0,0
tone_on_bin,ESP32 plain C,405,0,0
tone_on_bin,ESP32 plain C,406,0,0
tone_on_bin,ESP32 plain C,407,0,0
tone_on_bin,ESP32 plain C,408,0,0
tone_on_bin,ESP32 plain C,409,0,0
tone_on_bin,ESP32 plain C,410,0,0
tone_on_bin,ESP32 plain C,411,0,0
tone_on_bin,ESP32 plain C,412,0,0
tone_on_bin,ESP32 plain C,413,0,0
tone_on_bin,ESP32 plain C,414,0,0
tone_on_bin,ESP32 plain C,415,0,0
tone_on_bin,ESP32 plain C,416,0,0
tone_on_bin,ESP32 plain C,417,0,0
tone_on_bin,ESP32 plain C,418,0,0
tone_on_bin,ESP32 plain C,419,0,0
tone_on_bin,ESP32 plain C,420,0,0
tone_on_bin,ESP32 plain C,421,0,0
tone_on_bin,ESP32 plain C,422,0,0
tone_on_bin,ESP32 plain C,423,0,0
tone_on_bin,ESP32 plain C,424,0,0
tone_on_bin,ESP32 plain C,425,0,0
tone_on_bin,ESP32 plain C,426,0,0
tone_on_bin,ESP32 plain C,427,0,0
tone_on_bin,ESP32 plain C,428,0,0
tone_on_bin,ESP32 plain C,429,0,0
tone_on_bin,ESP32 plain C,430,0,0
tone_on_bin,ESP32 plain C,431,0,0
tone_on_bin,ESP32 plain C,432,0,0
tone_on_bin,ESP32 plain C,433,0,0
tone_on_bin,ESP32 plain C,434,0,0
tone_on_bin,ESP32 plain C,435,0,0
tone_on_bin,ESP32 plain C,436,0,0
tone_on_bin,ESP32 plain C,437,0,0
tone_on_bin,ESP32 plain C,438,0,0
tone_on_bin,ESP32 plain C,439,0,0
tone_on_bin,ESP32 plain C,440,0,0
tone_on_bin,ESP32 plain C,441,0,0
tone_on_bin,ESP32 plain C,442,0,0
tone_on_bin,ESP32 plain C,443,0,0
tone_on_bin,ESP32 plain C,444,0,0
tone_on_bin,ESP32 plain C,445,0,0
tone_on_bin,ESP32 plain C,446,0,0
tone_on_bin,ESP32 plain C,447,0,0
tone_on_bin,ESP32 plain C,448,0,0
tone_on_bin,ESP32 plain C,449,0,0
tone_on_bin,ESP32 plain C,450,0,0
tone_on_bin,ESP32 plain C,451,0,0
tone_on_bin,ESP32 plain C,452,0,0
tone_on_bin,ESP32 plain C,453,0,0
tone_on_bin,ESP32 plain C,454,0,0
tone_on_bin,ESP32 plain C,455,0,0
tone_on_bin,ESP32 plain C,456,0,0
tone_on_bin,ESP32 plain C,457,0,0
tone_on_bin,ESP32 plain C,458,0,0
tone_on_bin,ESP32 plain C,459,0,0
tone_on_bin,ESP32 plain C,460,0,0
tone_on_bin,ESP32 plain C,461,0,0
tone_on_bin,ESP32 plain C,462,0,0
tone_on_bin,ESP32 plain C,463,0,0
tone_on_bin,ESP32 plain C,464,0,0
tone_on_bin,ESP32 plain C,465,0,0
tone_on_bin,ESP32 plain C,466,0,0
tone_on_bin,ESP32 plain C,467,0,0
tone_on_bin,ESP32 plain C,468,0,0
tone_on_bin,ESP32 plain C,469,0,0
tone_on_bin,ESP32 plain C,470,0,0
tone_on_bin,ESP32 plain C,471,0,0
tone_on_bin,ESP32 plain C,472,0,0
tone_on_bin,ESP32 plain C,473,0,0
tone_on_bin,ESP32 plain C,474,0,0
tone_on_bin,ESP32 plain C,475,0,0
tone_on_bin,ESP32 plain C,476,0,0
tone_on_bin,ESP32 plain C,477,0,0
tone_on_bin,ESP32 plain C,478,0,0
tone_on_bin,ESP32 plain C,479,0,0
tone_on_bin,ESP32 plain C,480,0,0
tone_on_bin,ESP32 plain C,481,0,0
tone_on_bin,ESP32 plain C,482,0,0
tone_on_bin,ESP32 plain C,483,0,0
tone_on_bin,ESP32 plain C,484,0,0
tone_on_bin,ESP32 plain C,485,0,0
tone_on_bin,ESP32 plain C,486,0,0
tone_on_bin,ESP32 plain C,487,0,0
tone_on_bin,ESP32 plain C,488,0,0
tone_on_bin,ESP32 plain C,489,0,0
tone_on_bin,ESP32 plain C,490,0,0
tone_on_bin,ESP32 plain C,491,0,0
tone_on_bin,ESP32 plain C,492,0,0
tone_on_bin,ESP32 plain C,493,0,0
tone_on_bin,ESP32 plain C,494,0,0
tone_on_bin,ESP32 plain C,495,0,0
tone_on_bin,ESP32 plain C,496,0,0
tone_on_bin,ESP32 plain C,497,0,0
tone_on_bin,ESP32 plain C,498,0,0
tone_on_bin,ESP32 plain C,499,0,0
tone_on_bin,ESP32 plain C,500,0,0
tone_on_bin,ESP32 plain C,501,0,0
tone_on_bin,ESP32 plain C,502,0,0
tone_on_bin,ESP32 plain C,503,0,0
tone_on_bin,ESP32 plain C,504,0,0
tone_on_bin,ESP32 plain C,505,0,0
tone_on_bin,ESP32 plain C,506,0,0
tone_on_bin,ESP32 plain C,507,0,0
tone_on_bin,ESP32 plain C,508,0,0
tone_on_bin,ESP32 plain C,509,0,0
tone_on_bin,ESP32 plain C,510,0,0
tone_on_bin,ESP32 plain C,511,0,0
tone_on_bin,ESP32 plain C,512,0,0
tone_on_bin,ESP32 plain C,513,0,0
tone_on_bin,ESP32 plain C,514,0,0
tone_on_bin,ESP32 plain C,515,0,0
tone_on_bin,ESP32 plain C,516,0,0
tone_on_bin,ESP32 plain C,517,0,0
tone_on_bin,ESP32 plain C,518,0,0
tone_on_bin,ESP32 plain C,519,0,0
tone_on_bin,ESP32 plain C,520,0,0
tone_on_bin,ESP32 plain C,521,0,0
tone_on_bin,ESP32 plain C,522,0,0
tone_on_bin,ESP32 plain C,523,0,0
tone_on_bin,ESP32 plain C,524,0,0
tone_on_bin,ESP32 plain C,525,0,0
tone_on_bin,ESP32 plain C,526,0,0
tone_on_bin,ESP32 plain C,527,0,0
tone_on_bin,ESP32 plain C,528,0,0
tone_on_bin,ESP32 plain C,529,0,0
tone_on_bin,ESP32 plain C,530,0,0
tone_on_bin,ESP32 plain C,531,0,0
tone_on_bin,ESP32 plain C,532,0,0
tone_on_bin,ESP32 plain C,533,0,0
tone_on_bin,ESP32 plain C,534,0,0
tone_on_bin,ESP32 plain C,535,0,0
tone_on_bin,ESP32 plain C,536,0,0
tone_on_bin,ESP32 plain C,537,0,0
tone_on_bin,ESP32 plain C,538,0,0
tone_on_bin,ESP32 plain C,539,0,0
tone_on_bin,ESP32 plain C,540,0,0
tone_on_bin,ESP32 plain C,541,0,0
tone_on_bin,ESP32 plain C,542,0,0
tone_on_bin,ESP32 plain C,543,0,0
tone_on_bin,ESP32 plain C,544,0,0
tone_on_bin,ESP32 plain C,545,0,0
tone_on_bin,ESP32 plain C,546,0,0
tone_on_bin,ESP32 plain C,547,0,0
tone_on_bin,ESP32 plain C,548,0,0
tone_on_bin,ESP32 plain C,549,0,0
tone_on_bin,ESP32 plain C,550,0,0
tone_on_bin,ESP32 plain C,551,0,0
tone_on_bin,ESP32 plain C,552,0,0
tone_on_bin,ESP32 plain C,553,0,0
tone_on_bin,ESP32 plain C,554,0,0
tone_on_bin,ESP32 plain C,555,0,0
tone_on_bin,ESP32 plain C,556,0,0
tone_on_bin,ESP32 plain C,557,0,0
tone_on_bin,ESP32 plain C,558,0,0
tone_on_bin,ESP32 plain C,559,0,0
tone_on_bin,ESP32 plain C,560,0,0
tone_on_bin,ESP32 plain C,561,0,0
tone_on_bin,ESP32 plain C,562,0,0
tone_on_bin,ESP32 plain C,563,0,0
tone_on_bin,ESP32 plain C,564,0,0
tone_on_bin,ESP32 plain C,565,0,0
tone_on_bin,ESP32 plain C,566,0,0
tone_on_bin,ESP32 plain C,567,0,0
tone_on_bin,ESP32 plain C,568,0,0
tone_on_bin,ESP32 plain C,569,0,0
tone_on_bin,ESP32 plain C,570,0,0
tone_on_bin,ESP32 plain C,571,0,0
tone_on_bin,ESP32 plain C,572,0,0
tone_on_bin,ESP32 plain C,573,0,0
tone_on_bin,ESP32 plain C,574,0,0
tone_on_bin,ESP32 plain C,575,0,0
tone_on_bin,ESP32 plain C,576,0,0
tone_on_bin,ESP32 plain C,577,0,0
tone_on_bin,ESP32 plain C,578,0,0
tone_on_bin,ESP32 plain C,579,0,0
tone_on_bin,ESP32 plain C,580,0,0
tone_on_bin,ESP32 plain C,581,0,0
tone_on_bin,ESP32 plain C,582,0,0
tone_on_bin,ESP32 plain C,583,0,0
tone_on_bin,ESP32 plain C,584,0,0
tone_on_bin,ESP32 plain C,585,0,0
tone_on_bin,ESP32 plain C,586,0,0
tone_on_bin,ESP32 plain C,587,0,0
tone_on_bin,ESP32 plain C,588,0,0
tone_on_bin,ESP32 plain C,589,0,0
tone_on_bin,ESP32 plain C,590,0,0
tone_on_bin,ESP32 plain C,591,0,0
tone_on_bin,ESP32 plain C,592,0,0
tone_on_bin,ESP32 plain C,593,0,0
tone_on_bin,ESP32 plain C,594,0,0
tone_on_bin,ESP32 plain C,595,0,0
tone_on_bin,ESP32 plain C,596,0,0
tone_on_bin,ESP32 plain C,597,0,0
tone_on_bin,ESP32 plain C,598,0,0
tone_on_bin,ESP32 plain C,599,0,0
tone_on_bin,ESP32 plain C,600,0,0
tone_on_bin,ESP32 plain C,601,0,0
tone_on_bin,ESP32 plain C,602,0,0
tone_on_bin,ESP32 plain C,603,0,0
tone_on_bin,ESP32 plain C,604,0,0
tone_on_bin,ESP32 plain C,605,0,0
tone_on_bin,ESP32 plain C,606,0,0
tone_on_bin,ESP32 plain C,607,0,0
tone_on_bin,ESP32 plain C,608,0,0
tone_on_bin,ESP32 plain C,609,0,0
tone_on_bin,ESP32 plain C,610,0,0
tone_on_bin,ESP32 plain C,611,0,0
tone_on_bin,ESP32 plain C,612,0,0
tone_on_bin,ESP32 plain C,613,0,0
tone_on_bin,ESP32 plain C,614,0,0
tone_on_bin,ESP32 plain C,615,0,0
tone_on_bin,ESP32 plain C,616,0,0
tone_on_bin,ESP32 plain C,617,0,0
tone_on_bin,ESP32 plain C,618,0,0
tone_on_bin,ESP32 plain C,619,0,0
tone_on_bin,ESP32 plain C,620,0,0
tone_on_bin,ESP32 plain C,621,0,0
tone_on_bin,ESP32 plain C,622,0,0
tone_on_bin,ESP32 plain C,623,0,0
tone_on_bin,ESP32 plain C,624,0,0
tone_on_bin,ESP32 plain C,625,0,0
tone_on_bin,ESP32 plain C,626,0,0
tone_on_bin,ESP32 plain C,627,0,0
tone_on_bin,ESP32 plain C,628,0,0
tone_on_bin,ESP32 plain C,629,0,0
tone_on_bin,ESP32 plain C,630,0,0
tone_on_bin,ESP32 plain C,631,0,0
tone_on_bin,ESP32 plain C,632,0,0
tone_on_bin,ESP32 plain C,633,0,0
tone_on_bin,ESP32 plain C,634,0,0
tone_on_bin,ESP32 plain C,635,0,0
tone_on_bin,ESP32 plain C,636,0,0
tone_on_bin,ESP32 plain C,637,0,0
tone_on_bin,ESP32 plain C,638,0,0
tone_on_bin,ESP32 plain C,639,0,0
tone_on_bin,ESP32 plain C,640,0,0
tone_on_bin,ESP32 plain C,641,0,0
tone_on_bin,ESP32 plain C,642,0,0
tone_on_bin,ESP32 plain C,643,0,0
tone_on_bin,ESP32 plain C,644,0,0
tone_on_bin,ESP32 plain C,645,0,0
tone_on_bin,ESP32 plain C,646,0,0
tone_on_bin,ESP32 plain C,647,0,0
tone_on_bin,ESP32 plain C,648,0,0
tone_on_bin,ESP32 plain C,649,0,0
tone_on_bin,ESP32 plain C,650,0,0
tone_on_bin,ESP32 plain C,651,0,0
tone_on_bin,ESP32 plain C,652,0,0
tone_on_bin,ESP32 plain C,653,0,0
tone_on_bin,ESP32 plain C,654,0,0
tone_on_bin,ESP32 plain C,655,0,0
tone_on_bin,ESP32 plain C,656,0,0
tone_on_bin,ESP32 plain C,657,0,0
tone_on_bin,ESP32 plain C,658,0,0
tone_on_bin,ESP32 plain C,659,0,0
tone_on_bin,ESP32 plain C,660,0,0
tone_on_bin,ESP32 plain C,661,0,0
tone_on_bin,ESP32 plain C,662,0,0
tone_on_bin,ESP32 plain C,663,0,0
tone_on_bin,ESP32 plain C,664,0,0
tone_on_bin,ESP32 plain C,665,0,0
tone_on_bin,ESP32 plain C,666,0,0
tone_on_bin,ESP32 plain C,667,0,0
tone_on_bin,ESP32 plain C,668,0,0
tone_on_bin,ESP32 plain C,669,0,0
tone_on_bin,ESP32 plain C,670,0,0
tone_on_bin,ESP32 plain C,671,0,0
tone_on_bin,ESP32 plain C,672,0,0
tone_on_bin,ESP32 plain C,673,0,0
tone_on_bin,ESP32 plain C,674,0,0
tone_on_bin,ESP32 plain C,675,0,0
tone_on_bin,ESP32 plain C,676,0,0
tone_on_bin,ESP32 plain C,677,0,0
tone_on_bin,ESP32 plain C,678,0,0
tone_on_bin,ESP32 plain C,679,0,0
tone_on_bin,ESP32 plain C,680,0,0
tone_on_bin,ESP32 plain C,681,0,0
tone_on_bin,ESP32 plain C,682,0,0
tone_on_bin,ESP32 plain C,683,0,0
tone_on_bin,ESP32 plain C,684,0,0
tone_on_bin,ESP32 plain C,685,0,0
tone_on_bin,ESP32 plain C,686,0,0
tone_on_bin,ESP32 plain C,687,0,0
tone_on_bin,ESP32 plain C,688,0,0
tone_on_bin,ESP32 plain C,689,0,0
tone_on_bin,ESP32 plain C,690,0,0
tone_on_bin,ESP32 plain C,691,0,0
tone_on_bin,ESP32 plain C,692,0,0
tone_on_bin,ESP32 plain C,693,0,0
tone_on_bin,ESP32 plain C,694,0,0
tone_on_bin,ESP32 plain C,695,0,0
tone_on_bin,ESP32 plain C,696,0,0
tone_on_bin,ESP32 plain C,697,0,0
tone_on_bin,ESP32 plain C,698,0,0
tone_on_bin,ESP32 plain C,699,0,0
tone_on_bin,ESP32 plain C,700,0,0
tone_on_bin,ESP32 plain C,701,0,0
tone_on_bin,ESP32 plain C,702,0,0
tone_on_bin,ESP32 plain C,703,0,0
tone_on_bin,ESP32 plain C,704,0,0
tone_on_bin,ESP32 plain C,705,0,0
tone_on_bin,ESP32 plain C,706,0,0
tone_on_bin,ESP32 plain C,707,0,0
tone_on_bin,ESP32 plain C,708,0,0
tone_on_bin,ESP32 plain C,709,0,0
tone_on_bin,ESP32 plain C,710,0,0
tone_on_bin,ESP32 plain C,711,0,0
tone_on_bin,ESP32 plain C,712,0,0
tone_on_bin,ESP32 plain C,713,0,0
tone_on_bin,ESP32 plain C,714,0,0
tone_on_bin,ESP32 plain C,715,0,0
tone_on_bin,ESP32 plain C,716,0,0
tone_on_bin,ESP32 plain C,717,0,0
tone_on_bin,ESP32 plain C,718,0,0
tone_on_bin,ESP32 plain C,719,0,0
tone_on_bin,ESP32 plain C,720,0,0
tone_on_bin,ESP32 plain C,721,0,0
tone_on_bin,ESP32 plain C,722,0,0
tone_on_bin,ESP32 plain C,723,0,0
tone_on_bin,ESP32 plain C,724,0,0
tone_on_bin,ESP32 plain C,725,0,0
tone_on_bin,ESP32 plain C,726,0,0
tone_on_bin,ESP32 plain C,727,0,0
tone_on_bin,ESP32 plain C,728,0,0
tone_on_bin,ESP32 plain C,729,0,0
tone_on_bin,ESP32 plain C,730,0,0
tone_on_bin,ESP32 plain C,731,0,0
tone_on_bin,ESP32 plain C,732,0,0
tone_on_bin,ESP32 plain C,733,0,0
tone_on_bin,ESP32 plain C,734,0,0
tone_on_bin,ESP32 plain C,735,0,0
tone_on_bin,ESP32 plain C,736,0,0
tone_on_bin,ESP32 plain C,737,0,0
tone_on_bin,ESP32 plain C,738,0,0
tone_on_bin,ESP32 plain C,739,0,0
tone_on_bin,ESP32 plain C,740,0,0
tone_on_bin,ESP32 plain C,741,0,0
tone_on_bin,ESP32 plain C,742,0,0
tone_on_bin,ESP32 plain C,743,0,0
tone_on_bin,ESP32 plain C,744,0,0
tone_on_bin,ESP32 plain C,745,0,0
tone_on_bin,ESP32 plain C,746,0,0
tone_on_bin,ESP32 plain C,747,0,0
tone_on_bin,ESP32 plain C,748,0,0
tone_on_bin,ESP32 plain C,749,0,0
tone_on_bin,ESP32 plain C,750,0,0
tone_on_bin,ESP32 plain C,751,0,0
tone_on_bin,ESP32 plain C,752,0,0
tone_on_bin,ESP32 plain C,753,0,0
tone_on_bin,ESP32 plain C,754,0,0
tone_on_bin,ESP32 plain C,755,0,0
tone_on_bin,ESP32 plain C,756,0,0
tone_on_bin,ESP32 plain C,757,0,0
tone_on_bin,ESP32 plain C,758,0,0
tone_on_bin,ESP32 plain C,759,0,0
tone_on_bin,ESP32 plain C,760,0,0
tone_on_bin,ESP32 plain C,761,0,0
tone_on_bin,ESP32 plain C,762,0,0
tone_on_bin,ESP32 plain C,763,0,0
tone_on_bin,ESP32 plain C,764,0,0
tone_on_bin,ESP32 plain C,765,0,0
tone_on_bin,ESP32 plain C,766,0,0
tone_on_bin,ESP32 plain C,767,0,0
tone_on_bin,ESP32 plain C,768,0,0
tone_on_bin,ESP32 plain C,769,0,0
tone_on_bin,ESP32 plain C,770,0,0
tone_on_bin,ESP32 plain C,771,0,0
tone_on_bin,ESP32 plain C,772,0,0
tone_on_bin,ESP32 plain C,773,0,0
tone_on_bin,ESP32 plain C,774,0,0
tone_on_bin,ESP32 plain C,775,0,0
tone_on_bin,ESP32 plain C,776,0,0
tone_on_bin,ESP32 plain C,777,0,0
tone_on_bin,ESP32 plain C,778,0,0
tone_on_bin,ESP32 plain C,779,0,0
tone_on_bin,ESP32 plain C,780,0,0
tone_on_bin,ESP32 plain C,781,0,0
tone_on_bin,ESP32 plain C,782,0,0
tone_on_bin,ESP32 plain C,783,0,0
tone_on_bin,ESP32 plain C,784,0,0
tone_on_bin,ESP32 plain C,785,0,0
tone_on_bin,ESP32 plain C,786,0,0
tone_on_bin,ESP32 plain C,787,0,0
tone_on_bin,ESP32 plain C,788,0,0
tone_on_bin,ESP32 plain C,789,0,0
tone_on_bin,ESP32 plain C,790,0,0
tone_on_bin,ESP32 plain C,791,0,0
tone_on_bin,ESP32 plain C,792,0,0
tone_on_bin,ESP32 plain C,793,0,0
tone_on_bin,ESP32 plain C,794,0,0
tone_on_bin,ESP32 plain C,795,0,0
tone_on_bin,ESP32 plain C,796,0,0
tone_on_bin,ESP32 plain C,797,0,0
tone_on_bin,ESP32 plain C,798,0,0
tone_on_bin,ESP32 plain C,799,0,0
tone_on_bin,ESP32 plain C,800,0,0
tone_on_bin,ESP32 plain C,801,0,0
tone_on_bin,ESP32 plain C,802,0,0
tone_on_bin,ESP32 plain C,803,0,0
tone_on_bin,ESP32 plain C,804,0,0
tone_on_bin,ESP32 plain C,805,0,0
tone_on_bin,ESP32 plain C,806,0,0
tone_on_bin,ESP32 plain C,807,0,0
tone_on_bin,ESP32 plain C,808,0,0
tone_on_bin,ESP32 plain C,809,0,0
tone_on_bin,ESP32 plain C,810,0,0
tone_on_bin,ESP32 plain C,811,0,0
tone_on_bin,ESP32 plain C,812,0,0
tone_on_bin,ESP32 plain C,813,0,0
tone_on_bin,ESP32 plain C,814,0,0
tone_on_bin,ESP32 plain C,815,0,0
tone_on_bin,ESP32 plain C,816,0,0
tone_on_bin,ESP32 plain C,817,0,0
tone_on_bin,ESP32 plain C,818,0,0
tone_on_bin,ESP32 plain C,819,0,0
tone_on_bin,ESP32 plain C,820,0,0
tone_on_bin,ESP32 plain C,821,0,0
tone_on_bin,ESP32 plain C,822,0,0
tone_on_bin,ESP32 plain C,823,0,0
tone_on_bin,ESP32 plain C,824,0,0
tone_on_bin,ESP32 plain C,825,0,0
tone_on_bin,ESP32 plain C,826,0,0
tone_on_bin,ESP32 plain C,827,0,0
tone_on_bin,ESP32 plain C,828,0,0
tone_on_bin,ESP32 plain C,829,0,0
tone_on_bin,ESP32 plain C,830,0,0
tone_on_bin,ESP32 plain C,831,0,0
tone_on_bin,ESP32 plain C,832,0,0
tone_on_bin,ESP32 plain C,833,0,0
tone_on_bin,ESP32 plain C,834,0,0
tone_on_bin,ESP32 plain C,835,0,0
tone_on_bin,ESP32 plain C,836,0,0
tone_on_bin,ESP32 plain C,837,0,0
tone_on_bin,ESP32 plain C,838,0,0
tone_on_bin,ESP32 plain C,839,0,0
tone_on_bin,ESP32 plain C,840,0,0
tone_on_bin,ESP32 plain C,841,0,0
tone_on_bin,ESP32 plain C,842,0,0
tone_on_bin,ESP32 plain C,843,0,0
tone_on_bin,ESP32 plain C,844,0,0
tone_on_bin,ESP32 plain C,845,0,0
tone_on_bin,ESP32 plain C,846,0,0
tone_on_bin,ESP32 plain C,847,0,0
tone_on_bin,ESP32 plain C,848,0,0
tone_on_bin,ESP32 plain C,849,0,0
tone_on_bin,ESP32 plain C,850,0,0
tone_on_bin,ESP32 plain C,851,0,0
tone_on_bin,ESP32 plain C,852,0,0
tone_on_bin,ESP32 plain C,853,0,0
tone_on_bin,ESP32 plain C,854,0,0
tone_on_bin,ESP32 plain C,855,0,0
tone_on_bin,ESP32 plain C,856,0,0
tone_on_bin,ESP32 plain C,857,0,0
tone_on_bin,ESP32 plain C,858,0,0
tone_on_bin,ESP32 plain C,859,0,0
tone_on_bin,ESP32 plain C,860,0,0
tone_on_bin,ESP32 plain C,861,0,0
tone_on_bin,ESP32 plain C,862,0,0
tone_on_bin,ESP32 plain C,863,0,0
tone_on_bin,ESP32 plain C,864,0,0
tone_on_bin,ESP32 plain C,865,0,0
tone_on_bin,ESP32 plain C,866,0,0
tone_on_bin,ESP32 plain C,867,0,0
tone_on_bin,ESP32 plain C,868,0,0
tone_on_bin,ESP32 plain C,869,0,0
tone_on_bin,ESP32 plain C,870,0,0
tone_on_bin,ESP32 plain C,871,0,0
tone_on_bin,ESP32 plain C,872,0,0
tone_on_bin,ESP32 plain C,873,0,0
tone_on_bin,ESP32 plain C,874,0,0
tone_on_bin,ESP32 plain C,875,0,0
tone_on_bin,ESP32 plain C,876,0,0
tone_on_bin,ESP32 plain C,877,0,0
tone_on_bin,ESP32 plain C,878,0,0
tone_on_bin,ESP32 plain C,879,0,0
tone_on_bin,ESP32 plain C,880,0,0
tone_on_bin,ESP32 plain C,881,0,0
tone_on_bin,ESP32 plain C,882,0,0
tone_on_bin,ESP32 plain C,883,0,0
tone_on_bin,ESP32 plain C,884,0,0
tone_on_bin,ESP32 plain C,885,0,0
tone_on_bin,ESP32 plain C,886,0,0
tone_on_bin,ESP32 plain C,887,0,0
tone_on_bin,ESP32 plain C,888,0,0
tone_on_bin,ESP32 plain C,889,0,0
tone_on_bin,ESP32 plain C,890,0,0
tone_on_bin,ESP32 plain C,891,0,0
tone_on_bin,ESP32 plain C,892,0,0
tone_on_bin,ESP32 plain C,893,0,0
tone_on_bin,ESP32 plain C,894,0,0
tone_on_bin,ESP32 plain C,895,0,0
tone_on_bin,ESP32 plain C,896,0,0
tone_on_bin,ESP32 plain C,897,0,0
tone_on_bin,ESP32 plain C,898,0,0
tone_on_bin,ESP32 plain C,899,0,0
tone_on_bin,ESP32 plain C,900,0,0
tone_on_bin,ESP32 plain C,901,0,0
tone_on_bin,ESP32 plain C,902,0,0
tone_on_bin,ESP32 plain C,903,0,0
tone_on_bin,ESP32 plain C,904,0,0
tone_on_bin,ESP32 plain C,905,0,0
tone_on_bin,ESP32 plain C,906,0,0
tone_on_bin,ESP32 plain C,907,0,0
tone_on_bin,ESP32 plain C,908,0,0
tone_on_bin,ESP32 plain C,909,0,0
tone_on_bin,ESP32 plain C,910,0,0
tone_on_bin,ESP32 plain C,911,0,0
tone_on_bin,ESP32 plain C,912,0,0
tone_on_bin,ESP32 plain C,913,0,0
tone_on_bin,ESP32 plain C,914,0,0
tone_on_bin,ESP32 plain C,915,0,0
tone_on_bin,ESP32 plain C,916,0,0
tone_on_bin,ESP32 plain C,917,0,0
tone_on_bin,ESP32 plain C,918,0,0
tone_on_bin,ESP32 plain C,919,0,0
tone_on_bin,ESP32 plain C,920,0,0
tone_on_bin,ESP32 plain C,921,0,0
tone_on_bin,ESP32 plain C,922,0,0
tone_on_bin,ESP32 plain C,923,0,0
tone_on_bin,ESP32 plain C,924,0,0
tone_on_bin,ESP32 plain C,925,0,0
tone_on_bin,ESP32 plain C,926,0,0
tone_on_bin,ESP32 plain C,927,0,0
tone_on_bin,ESP32 plain C,928,0,0
tone_on_bin,ESP32 plain C,929,0,0
tone_on_bin,ESP32 plain C,930,0,0
tone_on_bin,ESP32 plain C,931,0,0
tone_on_bin,ESP32 plain C,932,0,0
tone_on_bin,ESP32 plain C,933,0,0
tone_on_bin,ESP32 plain C,934,0,0
tone_on_bin,ESP32 plain C,935,0,0
tone_on_bin,ESP32 plain C,936,0,0
tone_on_bin,ESP32 plain C,937,0,0
tone_on_bin,ESP32 plain C,938,0,0
tone_on_bin,ESP32 plain C,939,0,0
tone_on_bin,ESP32 plain C,940,0,0
tone_on_bin,ESP32 plain C,941,0,0
tone_on_bin,ESP32 plain C,942,0,0
tone_on_bin,ESP32 plain C,943,0,0
tone_on_bin,ESP32 plain C,944,0,0
tone_on_bin,ESP32 plain C,945,0,0
tone_on_bin,ESP32 plain C,946,0,0
tone_on_bin,ESP32 plain C,947,0,0
tone_on_bin,ESP32 plain C,948,0,0
tone_on_bin,ESP32 plain C,949,0,0
tone_on_bin,ESP32 plain C,950,0,0
tone_on_bin,ESP32 plain C,951,0,0
tone_on_bin,ESP32 plain C,952,0,0
tone_on_bin,ESP32 plain C,953,0,0
tone_on_bin,ESP32 plain C,954,0,0
tone_on_bin,ESP32 plain C,955,0,0
tone_on_bin,ESP32 plain C,956,0,0
tone_on_bin,ESP32 plain C,957,0,0
tone_on_bin,ESP32 plain C,958,0,0
tone_on_bin,ESP32 plain C,959,0,0
tone_on_bin,ESP32 plain C,960,0,0
tone_on_bin,ESP32 plain C,961,0,0
tone_on_bin,ESP32 plain C,962,0,0
tone_on_bin,ESP32 plain C,963,0,0
tone_on_bin,ESP32 plain C,964,0,0
tone_on_bin,ESP32 plain C,965,0,0
tone_on_bin,ESP32 plain C,966,0,0
tone_on_bin,ESP32 plain C,967,0,0
tone_on_bin,ESP32 plain C,968,0,0
tone_on_bin,ESP32 plain C,969,0,0
tone_on_bin,ESP32 plain C,970,0,0
tone_on_bin,ESP32 plain C,971,0,0
tone_on_bin,ESP32 plain C,972,0,0
tone_on_bin,ESP32 plain C,973,0,0
tone_on_bin,ESP32 plain C,974,0,0
tone_on_bin,ESP32 plain C,975,0,0
tone_on_bin,ESP32 plain C,976,0,0
tone_on_bin,ESP32 plain C,977,0,0
tone_on_bin,ESP32 plain C,978,0,0
tone_on_bin,ESP32 plain C,979,0,0
tone_on_bin,ESP32 plain C,980,0,0
tone_on_bin,ESP32 plain C,981,0,0
tone_on_bin,ESP32 plain C,982,0,0
tone_on_bin,ESP32 plain C,983,0,0
tone_on_bin,ESP32 plain C,984,0,0
tone_on_bin,ESP32 plain C,985,0,0
tone_on_bin,ESP32 plain C,986,0,0
tone_on_bin,ESP32 plain C,987,8190,0
tone_on_bin,ESP32 plain C,988,0,0
tone_on_bin,ESP32 plain C,989,0,0
tone_on_bin,ESP32 plain C,990,0,0
tone_on_bin,ESP32 plain C,991,0,0
tone_on_bin,ESP32 plain C,992,0,0
tone_on_bin,ESP32 plain C,993,0,0
tone_on_bin,ESP32 plain C,994,0,0
tone_on_bin,ESP32 plain C,995,0,0
tone_on_bin,ESP32 plain C,996,0,0
tone_on_bin,ESP32 plain C,997,0,0
tone_on_bin,ESP32 plain C,998,0,0
tone_on_bin,ESP32 plain C,999,0,0
tone_on_bin,ESP32 plain C,1000,0,0
tone_on_bin,ESP32 plain C,1001,0,0
tone_on_bin,ESP32 plain C,1002,0,0
tone_on_bin,ESP32 plain C,1003,0,0
tone_on_bin,ESP32 plain C,1004,0,0
tone_on_bin,ESP32 plain C,1005,0,0
tone_on_bin,ESP32 plain C,1006,0,0
tone_on_bin,ESP32 plain C,1007,0,0
tone_on_bin,ESP32 plain C,1008,0,0
tone_on_bin,ESP32 plain C,1009,0,0
tone_on_bin,ESP32 plain C,1010,0,0
tone_on_bin,ESP32 plain C,1011,0,0
tone_on_bin,ESP32 plain C,1012,0,0
tone_on_bin,ESP32 plain C,1013,0,0
tone_on_bin,ESP32 plain C,1014,0,0
tone_on_bin,ESP32 plain C,1015,0,0
tone_on_bin,ESP32 plain C,1016,0,0
tone_on_bin,ESP32 plain C,1017,0,0
tone_on_bin,ESP32 plain C,1018,0,0
tone_on_bin,ESP32 plain C,1019,0,0
tone_on_bin,ESP32 plain C,1020,0,0
tone_on_bin,ESP32 plain C,1021,0,0
tone_on_bin,ESP32 plain C,1022,0,0
tone_on_bin,ESP32 plain C,1023,0,0
noise,exact,0,102.2978515625,0.0
noise,exact,1,594.087196260237,-461.15405110992117
noise,exact,2,-205.81599262244333,96.27200744779242
noise,exact,3,198.13195677308426,-72.24947160590344
noise,exact,4,-321.45862698872236,-560.9582240599477
noise,exact,5,-321.67072127593065,1042.8745247958454
noise,exact,6,-631.3915346266257,651.8258425867816
noise,exact,7,620.9413557015546,-62.45221211843278
noise,exact,8,-644.1266418107288,-234.10363234704454
noise,exact,9,579.7194247028884,-439.8105246421554
noise,exact,10,249.7919424825255,127.51724519539515
noise,exact,11,-22.762264740228574,99.40158528388925
noise,exact,12,57.05012876094696,-4.642083575972961
noise,exact,13,352.3273990755934,764.7460001177774
noise,exact,14,-218.11510378825366,-98.75609129228486
noise,exact,15,872.8881759309487,-267.2824916071605
noise,exact,16,-309.7822972917635,250.86981058469615
noise,exact,17,-334.2508827967968,-83.53384421106466
noise,exact,18,-437.4319298972759,177.69823047574158
noise,exact,19,42.66688055712882,241.6721420858059
noise,exact,20,-351.7395392493536,-665.8908695683845
noise,exact,21,-250.21240904036864,-152.51337331891722
noise,exact,22,-225.82610622617625,-749.4093961530953
noise,exact,23,573.0092548218348,-306.0542053546348
noise,exact,24,168.35069527692622,134.72806036743629
noise,exact,25,-2.4864841811555323,-201.1304501639961
noise,exact,26,116.93792554427489,21.657670524099842
noise,exact,27,90.39374153023573,-410.40882112858674
noise,exact,28,-444.7693725449479,-168.65439549822386
noise,exact,29,40.31357818721375,135.57627061346238
noise,exact,30,209.30852726452127,488.47974356994905
noise,exact,31,490.8099571764072,-700.445097710755
noise,exact,32,-64.4466181630756,289.65097854798717
noise,exact,33,24.731814495711788,656.9082733644088
noise,exact,34,-78.30612397193815,410.94185329514755
noise,exact,35,361.48949734522375,-297.09741390347324
noise,exact,36,-817.5345194198862,307.6416394288848
noise,exact,37,297.55074517137007,8.500811948767364
noise,exact,38,439.7398300820489,142.08841036567952
noise,exact,39,557.3501079295922,151.72924841202638
noise,exact,40,-558.6369062547172,-216.93500094720198
noise,exact,41,171.44438382983466,745.1783857999407
noise,exact,42,66.63016566612487,-146.56955871845818
noise,exact,43,413.25041753288986,-316.74785486313976
noise,exact,44,-193.4173177574519,21.84051067064607
noise,exact,45,366.62187537663715,563.0136727743275
noise,exact,46,361.6830973831858,-871.4011910282234
noise,exact,47,-164.99656840023562,-186.42006205738107
noise,exact,48,339.4729410948549,514.146838635721
noise,exact,49,-783.3322473197663,78.2676538963579
noise,exact,50,-197.9925886392171,154.05159553738176
noise,exact,51,-301.10708831857403,-266.94574409329505
noise,exact,52,-464.6863134050451,137.45568780344905
noise,exact,53,-255.7661134612132,52.34143994125617
noise,exact,54,174.71773791248285,-408.2597611615948
noise,exact,55,-83.05539574725546,-113.78863947884915
noise,exact,56,-289.6653220462852,-165.18303966208015
noise,exact,57,197.86965939634558,410.50253150991205
noise,exact,58,-869.3489542095338,252.79129604721425
noise,exact,59,543.0195643525262,-78.98853270107912
noise,exact,60,293.23199022545,-261.6022278659933
noise,exact,61,-418.92569150219003,-575.4323688401769
noise,exact,62,46.939871642236,215.12877965202836
noise,exact,63,34.93181262939595,-637.5951190502069
noise,exact,64,-624.6465675589142,-1270.2982506211977
noise,exact,65,-91.18694670865392,-240.08826570182828
noise,exact,66,431.110468545615,634.6258806200545
noise,exact,67,16.747041848784875,-101.21934546212557
noise,exact,68,-239.90033898105614,-234.49444435732892
noise,exact,69,-111.16546477998739,-626.4730876093724
noise,exact,70,111.0004951076497,340.11696437552473
noise,exact,71,138.4082740910406,43.20541148597016
noise,exact,72,-423.101202720098,10.152878448849833
noise,exact,73,784.798881891943,-525.4375882937597
noise,exact,74,-503.93882279335963,574.642255537138
noise,exact,75,-429.40459955857517,-270.57566321045465
noise,exact,76,-315.8284931076938,358.32040450990803
noise,exact,77,-373.8756503987995,19.934417670930188
noise,exact,78,234.21513043007812,-333.69678825015677
noise,exact,79,-115.66240172384113,-132.98675931578796
noise,exact,80,958.8391645945412,192.70497930376825
noise,exact,81,51.971036805530034,-106.74227712456234
noise,exact,82,515.4136476482804,8.64720495787327
noise,exact,83,-62.363183687292945,301.6988975895049
noise,exact,84,-677.919660289795,259.50492986087556
noise,exact,85,16.89389267320209,83.20941129697991
noise,exact,86,1305.563584233374,-190.4473556257888
noise,exact,87,166.54916136646628,213.30424158135787
noise,exact,88,503.4617855018381,779.9847611786795
noise,exact,89,165.91889596885,99.56294976687502
noise,exact,90,196.53291947883392,80.88149427929112
noise,exact,91,828.1028072679355,-871.1414083672911
noise,exact,92,-430.23237977411185,-749.8125886889004
noise,exact,93,-122.78212325124201,-594.5887664498148
noise,exact,94,-63.67270587221944,-102.64162669339913
noise,exact,95,282.2551233261965,297.2718623411209
noise,exact,96,500.58753144889647,31.257179477682556
noise,exact,97,788.2707397674955,484.81900459713785
noise,exact,98,-117.3565542469911,549.9858249147159
noise,exact,99,459.56663780312834,-97.09713358443423
noise,exact,100,-445.4651878530076,160.81597105862903
noise,exact,101,-81.54331597719477,-714.0010276098974
noise,exact,102,-127.77147986792983,67.42146885448065
noise,exact,103,-394.9538048021154,1355.1345113982484
noise,exact,104,-166.0768990601734,245.52870764097852
noise,exact,105,-180.24671649537365,12.69376852284934
noise,exact,106,-715.4965085234477,-518.466397325181
noise,exact,107,80.84863182180119,-715.321695427737
noise,exact,108,-283.15820622858485,40.903562723238224
noise,exact,109,-38.0959014296476,60.60782083548486
noise,exact,110,-287.1552045490073,-403.1233058193027
noise,exact,111,611.8958259243199,-203.82403890116103
noise,exact,112,545.1945425601517,-387.9112741378152
noise,exact,113,32.456206581921435,100.22919698947658
noise,exact,114,-558.6165053573025,-182.67390429256852
noise,exact,115,-261.1295017500664,-765.0929352696375
noise,exact,116,116.39293750036114,661.1497883605106
noise,exact,117,-301.71286365530375,298.91374133753527
noise,exact,118,407.87425052296084,457.6118725169415
noise,exact,119,-334.6427958202941,-422.97888270080017
noise,exact,120,549.7205160036843,-415.42714451424587
noise,exact,121,-166.72617078524425,-33.11687129516724
noise,exact,122,594.4433161341187,259.59826968119086
noise,exact,123,-345.86399586254663,597.6875271073251
noise,exact,124,-56.74183062885187,-51.38462247055287
noise,exact,125,520.0650724250401,221.4111209175901
noise,exact,126,14.640120123319477,-478.59307388122056
noise,exact,127,262.02355200404077,-373.67899817571
noise,exact,128,-304.0214817967705,-264.8332703357472
noise,exact,129,272.763121241461,348.5285051019723
noise,exact,130,153.4446698009612,-325.10362520831814
noise,exact,131,593.2809759946442,824.8452431575676
noise,exact,132,37.40641427985099,39.17096727527161
noise,exact,133,309.88223426187955,410.7518534105135
noise,exact,134,625.0539919676839,267.58425207261735
noise,exact,135,622.640131734193,243.21017504864767
noise,exact,136,168.56723890724993,-383.08632309825737
noise,exact,137,-414.896522892088,844.7016886212415
noise,exact,138,146.7659498338764,-455.4660424348135
noise,exact,139,-659.9043908466596,429.98573618753045
noise,exact,140,-63.351842550794515,326.970756876305
noise,exact,141,96.08607708234817,-261.0338522838559
noise,exact,142,-261.56412160352164,-23.725091538197372
noise,exact,143,580.063475082715,76.50314853261315
noise,exact,144,-589.3062752997357,-296.51596512419195
noise,exact,145,29.117620114833702,-210.18624268769364
noise,exact,146,-243.89940264986328,475.4614867423753
noise,exact,147,25.31681502965855,127.64739200174984
noise,exact,148,62.99686712102357,-199.42992036568108
noise,exact,149,-63.624491573506134,568.3057566750085
noise,exact,150,260.06543257250615,-389.6876698715368
noise,exact,151,154.9326851695386,-157.88867417986387
noise,exact,152,376.9370676816461,-238.4885034836726
noise,exact,153,-4.330147351056411,-420.143810209523
noise,exact,154,-297.1453237238445,5.028602738930786
noise,exact,155,-62.79611429039882,32.2434895287073
noise,exact,156,241.34728657380563,-302.38188139318095
noise,exact,157,-276.8136662678013,-543.5420206178054
noise,exact,158,-733.3987990316526,256.70289886665887
noise,exact,159,496.50541544171426,76.26218980735888
noise,exact,160,-191.8291797691927,-281.65078029232086
noise,exact,161,171.49688559045035,-228.8900453562861
noise,exact,162,74.30029682517795,198.5015195891308
noise,exact,163,-65.06662759103023,-233.23401742374188
noise,exact,164,-193.26275902031222,205.46141250982853
noise,exact,165,-252.61327096924123,-721.9182194849132
noise,exact,166,177.52325067945705,109.96542947197007
noise,exact,167,-229.53218648212967,-270.3139178933818
noise,exact,168,-211.10409517131623,76.90972394585383
noise,exact,169,556.0780229177847,7.114089652711812
noise,exact,170,377.56908736717526,148.0792727000403
noise,exact,171,-296.4324376274952,349.8646069827198
noise,exact,172,554.7277832327215,504.84882101129784
noise,exact,173,-236.3184356760902,-209.1290752464227
noise,exact,174,274.2135144976903,-16.244022554027936
noise,exact,175,-141.6648074730749,-226.30796677668482
noise,exact,176,274.82127851493794,-175.09803952766953
noise,exact,177,135.95102542315192,266.5017369388536
noise,exact,178,237.7043106685099,-149.46676454216325
noise,exact,179,-538.1343027590335,121.94247005100102
noise,exact,180,-929.6912653762428,9.046646262251897
noise,exact,181,-268.22468064061303,-249.69284963090917
noise,exact,182,-472.67114522483155,265.83398985379637
noise,exact,183,-642.5441740255819,501.39809586048085
noise,exact,184,363.5672481480148,759.75132245236
noise,exact,185,-533.2070346075739,-566.7022642742647
noise,exact,186,335.71359726339904,251.03794254105372
noise,exact,187,-237.2166287026141,723.4721659984339
noise,exact,188,-142.57650056132184,-94.6085653455828
noise,exact,189,493.7069752243367,304.66820632793986
noise,exact,190,957.8546500116119,-544.4659766100553
noise,exact,191,-127.33573527165896,124.19446447273734
noise,exact,192,-180.0648854221144,-248.1571025865336
noise,exact,193,50.695153995842844,-375.5502841050136
noise,exact,194,-490.2039411857509,-728.3690131416264
noise,exact,195,-140.2036752270489,-143.10433216904246
noise,exact,196,855.7310905500434,-548.4692222426918
noise,exact,197,7.437634428789153,328.2899000722542
noise,exact,198,92.70261207979514,195.27967681220878
noise,exact,199,42.832168715433056,-224.92447920541701
noise,exact,200,67.6623343497385,-151.23781018942742
noise,exact,201,118.80926032328088,-231.74884314396346
noise,exact,202,-145.70662975385116,-736.8091922253586
noise,exact,203,-43.013965316835026,671.5058038199531
noise,exact,204,419.7337683429785,809.57542812965
noise,exact,205,-344.3426681496497,-673.0249529409926
noise,exact,206,26.390443191386936,402.9201520123932
noise,exact,207,-639.0927434569037,-541.193557151758
noise,exact,208,314.6566046716915,-323.75106495932744
noise,exact,209,-742.2965111296478,-341.884605687433
noise,exact,210,-454.31008646235193,294.44530198991254
noise,exact,211,-816.1517998312753,-136.27191471282754
noise,exact,212,-257.73016812537537,48.81785354557776
noise,exact,213,-246.40913139326224,-77.72477397480053
noise,exact,214,-534.3382867183127,166.10837902725194
noise,exact,215,-449.8017008097871,-701.5034064331817
noise,exact,216,-474.33792839597766,193.68054691819714
noise,exact,217,-124.44708579089725,274.806839464909
noise,exact,218,-970.9683078892917,-430.00056383241474
noise,exact,219,291.4093882771638,-183.17077525971138
noise,exact,220,447.56191069016097,-5.51452993846533
noise,exact,221,-106.13239092579838,-1097.156764045961
noise,exact,222,-897.5470288546719,156.2236570948124
noise,exact,223,-183.65229649618024,-274.2809843421799
noise,exact,224,-356.7430871158648,202.5190533240064
noise,exact,225,-607.2248250263597,-76.43432131713149
noise,exact,226,523.1326385416244,-489.47780952227885
noise,exact,227,426.07819053557614,226.7626288379172
noise,exact,228,29.234974187995185,-137.574807641738
noise,exact,229,215.95074570850696,-422.5393684480629
noise,exact,230,775.9127675341045,641.896471183216
noise,exact,231,822.2221144228138,-290.01451718928035
noise,exact,232,-170.00786006435976,-677.1945522978808
noise,exact,233,-520.4902592940068,-16.948588153350116
noise,exact,234,-174.82610503783144,-9.494814166741577
noise,exact,235,316.8918850136779,1189.4821549760768
noise,exact,236,395.16165348732454,-220.81863217297897
noise,exact,237,-59.10847253443853,1180.1126728809782
noise,exact,238,-297.29456858109415,31.87166140963373
noise,exact,239,-998.9439545193967,-274.2359961644447
noise,exact,240,-447.03061243978783,341.80736196620205
noise,exact,241,284.4612429203795,-50.721307693644064
noise,exact,242,-546.3887114246726,-480.3784992271485
noise,exact,243,-8.449714296253148,-735.3076329868342
noise,exact,244,-696.6763923525976,477.5070900406074
noise,exact,245,142.49918853949575,-106.20491049078683
noise,exact,246,-202.66838255869047,499.6438846727347
noise,exact,247,163.8544510525129,158.27038750267235
noise,exact,248,50.949699568078046,471.94278666222397
noise,exact,249,126.09353017004443,1154.7334599559276
noise,exact,250,-531.9768838294716,195.2293289606675
noise,exact,251,-179.67857212341522,-874.7460623253596
noise,exact,252,-18.574733452123496,129.64571240228915
noise,exact,253,66.30309139322077,346.662629308606
noise,exact,254,-219.10495512752027,679.0058309966954
noise,exact,255,289.1480740116978,-445.497530979171
noise,exact,256,-605.9404296875,322.337890625
noise,exact,257,201.85404030984648,-21.20002617222292
noise,exact,258,-1004.398534721659,-5.370586452077134
noise,exact,259,431.5605326981937,714.3844933444477
noise,exact,260,410.49172498159953,455.32432551744296
noise,exact,261,-224.46105926988878,-366.57816916032584
noise,exact,262,-261.38015350877345,-1180.469629785569
noise,exact,263,559.6607198369989,180.68734130272833
noise,exact,264,-257.2976881491412,-623.0070226620629
noise,exact,265,-652.5393929788089,865.64151117079
noise,exact,266,-697.5626822355537,-629.1667881496687
noise,exact,267,604.3141802587759,-319.63297951463244
noise,exact,268,-691.8369995572704,321.3775315884165
noise,exact,269,-939.6932840324021,167.96701779778311
noise,exact,270,-304.1237080245957,-64.92909531114907
noise,exact,271,222.44083274487033,-294.38540097953046
noise,exact,272,-18.11819374608052,605.9150974173131
noise,exact,273,-315.2398020258619,-343.43178610236504
noise,exact,274,178.70656651065033,272.6712807293645
noise,exact,275,-622.1540857540831,-190.17345454897657
noise,exact,276,-238.64184207939044,17.786220163019408
noise,exact,277,280.1112975406979,-155.60070307796866
noise,exact,278,233.82644753010436,367.6080048068129
noise,exact,279,72.73890830565347,192.66762343820682
noise,exact,280,-385.8816066470049,301.91676821082774
noise,exact,281,193.08315140772913,-63.17242454903652
noise,exact,282,-253.72870053736403,291.0952493164593
noise,exact,283,-278.2542431518625,-164.6541152445294
noise,exact,284,-64.55778772423713,279.1774218161097
noise,exact,285,-361.31065332118555,554.0743177110282
noise,exact,286,76.35293390276743,202.76408706713292
noise,exact,287,-633.2375027565535,347.96312142296
noise,exact,288,-78.32447089935863,568.5973348620505
noise,exact,289,525.6484754865891,-450.1846399354198
noise,exact,290,30.599906320128582,176.86066745895528
noise,exact,291,-270.44614114036125,59.427796616736714
noise,exact,292,-170.6105431346902,846.218566908069
noise,exact,293,243.39618300027522,-230.30891805396516
noise,exact,294,-264.0754014095933,-170.89732836135406
noise,exact,295,-17.846810120371075,358.322683866355
noise,exact,296,382.702048660786,-35.70363740303101
noise,exact,297,132.88851003593476,170.5622159117858
noise,exact,298,568.122952804501,921.3092440542565
noise,exact,299,-52.16837329791997,-39.66874647569374
noise,exact,300,246.45249236089776,-145.2377593317811
noise,exact,301,-543.2903398987606,224.88825602710673
noise,exact,302,296.65714147740937,-432.65048194007386
noise,exact,303,238.35677379699553,-233.9246964799647
noise,exact,304,489.80234096067903,-146.24188281282335
noise,exact,305,7.0880365659849645,-511.1847599772681
noise,exact,306,-106.70124714425118,-411.95219176584425
noise,exact,307,559.7756470186546,512.4647445174362
noise,exact,308,224.14726086279342,-454.7519020471743
noise,exact,309,837.3216204703249,387.04866977698214
noise,exact,310,107.44791492769,-89.84862191348009
noise,exact,311,-233.44532147182528,30.030313908403826
noise,exact,312,706.1425631262243,21.215018928062563
noise,exact,313,-456.87202670676334,347.1560076164003
noise,exact,314,-279.1038128618405,39.30241870680695
noise,exact,315,446.9535333290885,382.9176885934943
noise,exact,316,808.8217056906448,250.85965861178315
noise,exact,317,152.2609417859719,-474.504531184619
noise,exact,318,-137.08871232476628,-620.7243598715802
noise,exact,319,167.59610881051537,745.9187161546199
noise,exact,320,-329.8717674551774,947.4235036393075
noise,exact,321,325.62476145416406,-559.418863782108
noise,exact,322,-196.15973553552482,79.1641975628267
noise,exact,323,228.82153686768157,-351.8642744588427
noise,exact,324,1036.9113264777025,-851.7899310416617
noise,exact,325,-663.684353019062,-68.16638998879779
noise,exact,326,210.35833266731996,402.03886572281186
noise,exact,327,156.904388418363,-734.1091385868556
noise,exact,328,-47.746339841069585,-611.8580199379326
noise,exact,329,-299.05676121415223,493.25963178197276
noise,exact,330,290.36542292755036,-664.2523517837657
noise,exact,331,-39.70353378529151,-151.2286720456599
noise,exact,332,-409.9539586150133,294.1155221221739
noise,exact,333,94.49138179554916,-8.102717785410121
noise,exact,334,193.45035681190197,174.88843291066078
noise,exact,335,-11.697760825225387,-169.52818162734363
noise,exact,336,-426.42813260342166,-481.01958285994743
noise,exact,337,318.77785666590313,-492.5497284072166
noise,exact,338,-478.96001321030667,-722.1106862332151
noise,exact,339,406.14366205167505,162.46012206123646
noise,exact,340,-339.30195133008795,369.2107257679188
noise,exact,341,-167.82959354023575,-184.95798111383144
noise,exact,342,-619.5114860108442,832.3022172392521
noise,exact,343,580.4492952640016,759.4090401743958
noise,exact,344,-282.91415664019866,-127.68419139990131
noise,exact,345,523.1928083095895,-1073.4660034322726
noise,exact,346,450.6668230137567,56.99743995051725
noise,exact,347,1026.2436596263096,-727.3226750501047
noise,exact,348,587.4401435439842,-167.40155007321007
noise,exact,349,589.1434201737695,9.042251130659821
noise,exact,350,73.86760714434318,239.1875176320715
noise,exact,351,126.87292681726942,712.654001073415
noise,exact,352,-653.0714810214283,74.52859718086057
noise,exact,353,-511.0425905304562,-263.32466700141737
noise,exact,354,683.9870704196389,-47.3576723301249
noise,exact,355,-1181.137267864428,259.35655148464036
noise,exact,356,247.00420232006255,-823.2305790854134
noise,exact,357,172.963713842134,-585.3420829243424
noise,exact,358,-43.038842225364306,-133.04289931758578
noise,exact,359,-170.34959436822584,101.99976704377397
noise,exact,360,-142.07080437617208,543.0092650409506
noise,exact,361,-394.7967303181203,-30.22361055448114
noise,exact,362,253.74009126726736,143.756931856216
noise,exact,363,304.65175117231394,-393.4244415516516
noise,exact,364,-767.8144016266347,-79.09999656943714
noise,exact,365,139.94176012709244,223.8013571524216
noise,exact,366,-178.7747487168524,-488.5043103036081
noise,exact,367,15.029691839879526,-256.41831823844103
noise,exact,368,262.5360042283117,291.35736766323436
noise,exact,369,173.8322929371921,11.417320022799288
noise,exact,370,53.4957003614218,82.98902950093839
noise,exact,371,303.9711352405836,47.30170575766459
noise,exact,372,320.1759856104782,51.63540411923259
noise,exact,373,-331.7273782642251,476.52311233696463
noise,exact,374,-240.5868373890212,-11.33689481236226
noise,exact,375,238.12891928226819,-189.67173224315906
noise,exact,376,139.5088524403918,-30.435707385981175
noise,exact,377,-218.65892688504405,575.6799544555963
noise,exact,378,189.76554253390827,51.46266413113048
noise,exact,379,348.17866080221904,158.68373759818348
noise,exact,380,620.4428281465352,246.80441158983228
noise,exact,381,384.785150748655,560.1228389486805
noise,exact,382,62.527658515325015,305.0386961069216
noise,exact,383,-114.75316329814694,209.47048392933488
noise,exact,384,-131.6503932032295,-287.6242859607472
noise,exact,385,-55.4157278003145,-178.9665782452007
noise,exact,386,-1.1933217738472708,277.8935984706261
noise,exact,387,352.35264520023236,475.0166682462123
noise,exact,388,-206.92861423079808,-312.783283019431
noise,exact,389,-678.7304450575948,-332.6762712883577
noise,exact,390,-439.9624212348624,146.81481709383965
noise,exact,391,141.19250031848347,-66.33668758325146
noise,exact,392,-252.9515100738313,1000.5687030988502
noise,exact,393,-725.1088315660635,335.8688646641559
noise,exact,394,-149.76758738841863,-399.1454649181068
noise,exact,395,374.46432292289046,33.59226517859719
noise,exact,396,519.9618878246752,47.05408307372642
noise,exact,397,-413.3321204124361,207.3991983153444
noise,exact,398,-415.83666949280075,-383.02626151634547
noise,exact,399,-486.90927372267714,-832.3305898724182
noise,exact,400,-64.7741330347676,619.3398699793554
noise,exact,401,125.50494944497109,389.71365328302863
noise,exact,402,216.0693753238707,-850.2072279523993
noise,exact,403,618.1738211864125,-1245.1568724127114
noise,exact,404,105.44886566446499,-1.7524405939142405
noise,exact,405,-205.5413887787018,-522.8128430404943
noise,exact,406,547.1600621864778,-147.37919349227775
noise,exact,407,-595.503503431435,-175.81596058030863
noise,exact,408,154.8321561387607,-122.67935824888296
noise,exact,409,-1204.071471378084,226.42300061967785
noise,exact,410,-60.26951603488348,-28.38633020232867
noise,exact,411,510.9810362632376,407.80031650571
noise,exact,412,-115.90218131415168,-132.42982600372042
noise,exact,413,56.37673131059216,-53.78781203152056
noise,exact,414,-331.1108263414222,66.71605968404629
noise,exact,415,89.53162711432856,0.29850710531786717
noise,exact,416,224.45128651086668,61.379743178651744
noise,exact,417,602.6857041387312,-153.76136686914685
noise,exact,418,75.40184048673343,146.27904240917772
noise,exact,419,512.528029084306,-38.07065379016967
noise,exact,420,-520.597038041286,-88.97412002741606
noise,exact,421,1000.9313223088894,-906.7917336478048
noise,exact,422,150.26659914069276,-316.7368632759484
noise,exact,423,-176.34698116046619,-1016.4245285944036
noise,exact,424,643.5976982745092,367.30143284829836
noise,exact,425,333.1641343985174,-17.965750247332892
noise,exact,426,445.14631093400624,-36.53821423907094
noise,exact,427,176.00318323423267,-469.61307372749883
noise,exact,428,-688.4569357612955,304.09295513041354
noise,exact,429,202.705174143889,47.22581715481769
noise,exact,430,142.48884666882577,-731.2727877980558
noise,exact,431,111.83440001420804,225.07432538367266
noise,exact,432,-469.5047196157249,-338.84650924717397
noise,exact,433,-225.76196352374802,-461.51823876946696
noise,exact,434,388.42554563346926,375.6961623680643
noise,exact,435,151.0344531579032,-85.51732198835582
noise,exact,436,-116.34380893539735,365.04927748818756
noise,exact,437,113.14354621123059,-674.0592932002336
noise,exact,438,17.436026377894507,-144.26369565604642
noise,exact,439,71.53862473188707,-245.90795678520556
noise,exact,440,-396.9260995752888,288.0676833259575
noise,exact,441,-492.9566917731993,395.3987285486661
noise,exact,442,-430.6884768300034,-155.20442671772585
noise,exact,443,17.050178322016976,1106.742303890695
noise,exact,444,222.3066968118156,-517.1496134851901
noise,exact,445,362.80899304180195,202.9011783972889
noise,exact,446,172.75982692834253,-232.6817840364152
noise,exact,447,-780.5476859968239,-366.7585278341249
noise,exact,448,-111.85427956379397,117.15735560464327
noise,exact,449,-434.7377323637161,55.17053873933202
noise,exact,450,515.9471651843347,545.4009020239068
noise,exact,451,-294.90820631732333,378.9872812210041
noise,exact,452,-217.10529238333868,767.659131026829
noise,exact,453,60.239689801281514,-73.10490152893051
noise,exact,454,189.35103867307117,-410.1410746828764
noise,exact,455,-208.82655590986468,454.4622969551002
noise,exact,456,895.966066078386,470.19190881332577
noise,exact,457,-367.7397141348674,311.51618257490696
noise,exact,458,105.97840422512542,-749.9014229642651
noise,exact,459,506.42241693328253,-167.7400878794604
noise,exact,460,-688.45208518475,-565.6722293482754
noise,exact,461,124.37099486656352,-806.9110271930139
noise,exact,462,-120.60204925989746,289.9329501269641
noise,exact,463,430.28155403152067,-812.3465621842467
noise,exact,464,381.0142959237351,-9.504280746548972
noise,exact,465,-197.74523531290288,-249.27122639255862
noise,exact,466,-334.08355575753467,-268.707973604838
noise,exact,467,-669.5407978384252,66.94270417664569
noise,exact,468,173.55010929822913,-232.857111505506
noise,exact,469,84.5584158634885,364.84970152131353
noise,exact,470,560.4413482337181,-11.052198099046421
noise,exact,471,-310.0751698864987,19.0158126829474
noise,exact,472,77.02009358991492,418.347973715654
noise,exact,473,-66.94917354978955,68.25298350374135
noise,exact,474,70.28378739708626,-529.6367824583167
noise,exact,475,371.4282642508516,511.15815191256524
noise,exact,476,963.3581221742567,94.50628388807212
noise,exact,477,-926.8649621508039,232.0772420858234
noise,exact,478,-309.65935886461415,279.22086568597484
noise,exact,479,211.8975263036989,-292.07406145997703
noise,exact,480,-165.53804349084305,268.86775881381914
noise,exact,481,25.397189566896714,-1143.0070623713527
noise,exact,482,-306.2672741617632,-22.831096806181307
noise,exact,483,878.8634938584446,392.3379665641028
noise,exact,484,-435.96219245272795,367.54659372495604
noise,exact,485,-317.6311357468396,-669.1812202254187
noise,exact,486,-386.8149351075409,-592.5261060535015
noise,exact,487,-169.08785968022934,-454.45387965950897
noise,exact,488,-291.09949479638044,155.27514066524205
noise,exact,489,346.525515738491,-789.2788213852448
noise,exact,490,-149.26690540087785,-856.3182913978476
noise,exact,491,61.03081421861184,22.04278565099716
noise,exact,492,-403.766215339511,-869.8726626175558
noise,exact,493,29.358883786512763,324.36915058429514
noise,exact,494,15.574712172677806,209.5185393998493
noise,exact,495,317.48823517327656,195.737615170984
noise,exact,496,460.5134414823786,-303.0031239445582
noise,exact,497,-86.63801474343694,423.39726265865824
noise,exact,498,-10.718325462055077,342.9965939774063
noise,exact,499,-29.075207916978002,-347.12286244667644
noise,exact,500,-297.44438718892724,234.47818614212173
noise,exact,501,109.98241846943736,-293.44527187523755
noise,exact,502,329.005952410281,-128.50103959755677
noise,exact,503,354.6107810728461,-251.3522470520941
noise,exact,504,-313.0415081234054,82.0747845548757
noise,exact,505,340.2177802766508,-145.57249181372106
noise,exact,506,577.1964428780794,-756.4195018552986
noise,exact,507,267.2738832445089,-205.88005515143584
noise,exact,508,148.55152584598179,294.3386616825327
noise,exact,509,-69.20486740485629,-315.6481299639661
noise,exact,510,355.54763678881596,173.50706925565845
noise,exact,511,-307.3155287703022,80.0611944884838
noise,exact,512,904.0673828125,0.0
noise,exact,513,-307.3155287703022,-80.06119448848392
noise,exact,514,355.5476367888159,-173.50706925565845
noise,exact,515,-69.20486740485622,315.64812996396597
noise,exact,516,148.55152584598187,-294.3386616825326
noise,exact,517,267.2738832445086,205.880055151436
noise,exact,518,577.1964428780794,756.4195018552984
noise,exact,519,340.21778027665067,145.57249181372077
noise,exact,520,-313.0415081234054,-82.0747845548758
noise,exact,521,354.6107810728462,251.35224705209419
noise,exact,522,329.005952410281,128.50103959755694
noise,exact,523,109.98241846943736,293.4452718752378
noise,exact,524,-297.4443871889271,-234.47818614212173
noise,exact,525,-29.075207916977945,347.1228624466764
noise,exact,526,-10.718325462055219,-342.9965939774062
noise,exact,527,-86.63801474343666,-423.39726265865806
noise,exact,528,460.51344148237854,303.00312394455824
noise,exact,529,317.48823517327656,-195.73761517098382
noise,exact,530,15.574712172677891,-209.51853939984932
noise,exact,531,29.358883786512763,-324.36915058429537
noise,exact,532,-403.76621533951106,869.8726626175558
noise,exact,533,61.03081421861185,-22.042785650997118
noise,exact,534,-149.26690540087776,856.3182913978476
noise,exact,535,346.5255157384911,789.2788213852448
noise,exact,536,-291.09949479638055,-155.27514066524208
noise,exact,537,-169.08785968022946,454.4538796595091
noise,exact,538,-386.8149351075409,592.5261060535015
noise,exact,539,-317.6311357468396,669.1812202254185
noise,exact,540,-435.96219245272806,-367.5465937249561
noise,exact,541,878.8634938584444,-392.3379665641029
noise,exact,542,-306.26727416176317,22.831096806181165
noise,exact,543,25.397189566896543,1143.0070623713527
noise,exact,544,-165.53804349084294,-268.86775881381914
noise,exact,545,211.89752630369884,292.07406145997703
noise,exact,546,-309.6593588646142,-279.2208656859748
noise,exact,547,-926.8649621508039,-232.0772420858232
noise,exact,548,963.3581221742566,-94.50628388807209
noise,exact,549,371.4282642508514,-511.15815191256513
noise,exact,550,70.28378739708617,529.6367824583167
noise,exact,551,-66.94917354978969,-68.25298350374149
noise,exact,552,77.02009358991492,-418.3479737156539
noise,exact,553,-310.07516988649854,-19.01581268294774
noise,exact,554,560.4413482337181,11.052198099046478
noise,exact,555,84.55841586348845,-364.84970152131336
noise,exact,556,173.55010929822922,232.857111505506
noise,exact,557,-669.540797838425,-66.94270417664549
noise,exact,558,-334.08355575753455,268.70797360483783
noise,exact,559,-197.74523531290305,249.27122639255867
noise,exact,560,381.014295923735,9.504280746548886
noise,exact,561,430.2815540315207,812.3465621842465
noise,exact,562,-120.60204925989744,-289.9329501269641
noise,exact,563,124.37099486656369,806.9110271930141
noise,exact,564,-688.45208518475,565.6722293482753
noise,exact,565,506.42241693328253,167.7400878794603
noise,exact,566,105.9784042251253,749.9014229642651
noise,exact,567,-367.7397141348674,-311.5161825749069
noise,exact,568,895.9660660783861,-470.1919088133258
noise,exact,569,-208.82655590986457,-454.4622969551002
noise,exact,570,189.35103867307117,410.1410746828765
noise,exact,571,60.2396898012816,73.10490152893044
noise,exact,572,-217.10529238333876,-767.659131026829
noise,exact,573,-294.90820631732333,-378.98728122100414
noise,exact,574,515.9471651843347,-545.4009020239068
noise,exact,575,-434.73773236371596,-55.17053873933202
noise,exact,576,-111.85427956379408,-117.1573556046435
noise,exact,577,-780.5476859968239,366.75852783412483
noise,exact,578,172.75982692834253,232.68178403641514
noise,exact,579,362.80899304180224,-202.90117839728893
noise,exact,580,222.30669681181556,517.1496134851899
noise,exact,581,17.050178322016876,-1106.7423038906948
noise,exact,582,-430.6884768300032,155.2044267177259
noise,exact,583,-492.9566917731991,-395.39872854866616
noise,exact,584,-396.9260995752888,-288.06768332595743
noise,exact,585,71.53862473188701,245.90795678520558
noise,exact,586,17.436026377894507,144.26369565604642
noise,exact,587,113.14354621123044,674.0592932002337
noise,exact,588,-116.34380893539726,-365.0492774881876
noise,exact,589,151.03445315790327,85.51732198835599
noise,exact,590,388.42554563346937,-375.6961623680641
noise,exact,591,-225.76196352374808,461.51823876946696
noise,exact,592,-469.50471961572504,338.846509247174
noise,exact,593,111.83440001420801,-225.07432538367271
noise,exact,594,142.48884666882577,731.2727877980558
noise,exact,595,202.7051741438888,-47.225817154817676
noise,exact,596,-688.4569357612954,-304.09295513041354
noise,exact,597,176.00318323423275,469.61307372749883
noise,exact,598,445.14631093400624,36.53821423907064
noise,exact,599,333.1641343985175,17.96575024733282
noise,exact,600,643.5976982745093,-367.3014328482984
noise,exact,601,-176.34698116046638,1016.4245285944036
noise,exact,602,150.2665991406927,316.7368632759484
noise,exact,603,1000.9313223088895,906.791733647805
noise,exact,604,-520.5970380412859,88.97412002741612
noise,exact,605,512.5280290843061,38.070653790169615
noise,exact,606,75.4018404867335,-146.27904240917783
noise,exact,607,602.6857041387311,153.7613668691469
noise,exact,608,224.45128651086677,-61.37974317865171
noise,exact,609,89.53162711432867,-0.2985071053180377
noise,exact,610,-331.1108263414221,-66.71605968404626
noise,exact,611,56.37673131059222,53.78781203152067
noise,exact,612,-115.90218131415168,132.4298260037205
noise,exact,613,510.98103626323757,-407.8003165057098
noise,exact,614,-60.26951603488348,28.386330202328672
noise,exact,615,-1204.071471378084,-226.42300061967774
noise,exact,616,154.83215613876064,122.67935824888295
noise,exact,617,-595.5035034314348,175.81596058030863
noise,exact,618,547.1600621864776,147.37919349227766
noise,exact,619,-205.54138877870196,522.8128430404943
noise,exact,620,105.44886566446499,1.752440593914173
noise,exact,621,618.1738211864123,1245.1568724127114
noise,exact,622,216.0693753238706,850.2072279523993
noise,exact,623,125.50494944497117,-389.7136532830286
noise,exact,624,-64.7741330347676,-619.3398699793555
noise,exact,625,-486.9092737226769,832.3305898724179
noise,exact,626,-415.8366694928008,383.02626151634547
noise,exact,627,-413.3321204124362,-207.3991983153445
noise,exact,628,519.9618878246752,-47.05408307372636
noise,exact,629,374.4643229228906,-33.592265178597245
noise,exact,630,-149.7675873884187,399.1454649181069
noise,exact,631,-725.1088315660634,-335.868864664156
noise,exact,632,-252.95151007383137,-1000.5687030988502
noise,exact,633,141.19250031848352,66.33668758325155
noise,exact,634,-439.96242123486246,-146.81481709383954
noise,exact,635,-678.7304450575947,332.6762712883576
noise,exact,636,-206.9286142307982,312.78328301943105
noise,exact,637,352.35264520023225,-475.01666824621225
noise,exact,638,-1.1933217738472734,-277.8935984706261
noise,exact,639,-55.415727800314585,178.96657824520076
noise,exact,640,-131.6503932032295,287.6242859607472
noise,exact,641,-114.75316329814692,-209.4704839293347
noise,exact,642,62.527658515324916,-305.0386961069215
noise,exact,643,384.78515074865516,-560.1228389486806
noise,exact,644,620.4428281465351,-246.80441158983223
noise,exact,645,348.178660802219,-158.68373759818334
noise,exact,646,189.7655425339083,-51.46266413113045
noise,exact,647,-218.65892688504417,-575.6799544555967
noise,exact,648,139.50885244039182,30.435707385981146
noise,exact,649,238.12891928226819,189.671732243159
noise,exact,650,-240.58683738902124,11.33689481236226
noise,exact,651,-331.7273782642252,-476.52311233696463
noise,exact,652,320.1759856104781,-51.635404119232504
noise,exact,653,303.9711352405834,-47.30170575766458
noise,exact,654,53.49570036142177,-82.98902950093839
noise,exact,655,173.83229293719205,-11.417320022799323
noise,exact,656,262.53600422831175,-291.35736766323436
noise,exact,657,15.02969183987943,256.4183182384411
noise,exact,658,-178.77474871685243,488.5043103036081
noise,exact,659,139.94176012709246,-223.80135715242147
noise,exact,660,-767.8144016266347,79.09999656943727
noise,exact,661,304.65175117231377,393.4244415516517
noise,exact,662,253.74009126726733,-143.75693185621589
noise,exact,663,-394.7967303181206,30.223610554481198
noise,exact,664,-142.07080437617222,-543.0092650409507
noise,exact,665,-170.34959436822558,-101.99976704377383
noise,exact,666,-43.03884222536442,133.0428993175858
noise,exact,667,172.9637138421341,585.3420829243424
noise,exact,668,247.0042023200626,823.2305790854136
noise,exact,669,-1181.137267864428,-259.35655148464036
noise,exact,670,683.987070419639,47.35767233012487
noise,exact,671,-511.0425905304562,263.32466700141737
noise,exact,672,-653.0714810214284,-74.5285971808606
noise,exact,673,126.87292681726927,-712.6540010734145
noise,exact,674,73.86760714434322,-239.1875176320716
noise,exact,675,589.1434201737695,-9.042251130660006
noise,exact,676,587.4401435439843,167.40155007321002
noise,exact,677,1026.2436596263096,727.3226750501049
noise,exact,678,450.6668230137566,-56.99743995051726
noise,exact,679,523.1928083095897,1073.4660034322724
noise,exact,680,-282.9141566401987,127.68419139990134
noise,exact,681,580.4492952640014,-759.4090401743956
noise,exact,682,-619.5114860108442,-832.3022172392518
noise,exact,683,-167.82959354023575,184.95798111383158
noise,exact,684,-339.30195133008806,-369.21072576791875
noise,exact,685,406.14366205167505,-162.46012206123658
noise,exact,686,-478.96001321030656,722.1106862332151
noise,exact,687,318.7778566659031,492.54972840721666
noise,exact,688,-426.42813260342155,481.0195828599473
noise,exact,689,-11.697760825225402,169.52818162734368
noise,exact,690,193.45035681190183,-174.88843291066073
noise,exact,691,94.49138179554936,8.102717785410093
noise,exact,692,-409.9539586150132,-294.11552212217396
noise,exact,693,-39.7035337852915,151.22867204565983
noise,exact,694,290.3654229275503,664.2523517837658
noise,exact,695,-299.0567612141521,-493.2596317819727
noise,exact,696,-47.74633984106964,611.8580199379326
noise,exact,697,156.9043884183632,734.1091385868556
noise,exact,698,210.35833266732004,-402.0388657228121
noise,exact,699,-663.6843530190621,68.16638998879773
noise,exact,700,1036.9113264777025,851.7899310416617
noise,exact,701,228.82153686768171,351.86427445884283
noise,exact,702,-196.15973553552487,-79.1641975628267
noise,exact,703,325.6247614541642,559.418863782108
noise,exact,704,-329.8717674551776,-947.4235036393076
noise,exact,705,167.59610881051535,-745.9187161546199
noise,exact,706,-137.08871232476628,620.7243598715801
noise,exact,707,152.2609417859719,474.50453118461905
noise,exact,708,808.8217056906448,-250.85965861178323
noise,exact,709,446.95353332908826,-382.9176885934942
noise,exact,710,-279.1038128618406,-39.30241870680693
noise,exact,711,-456.8720267067635,-347.1560076164002
noise,exact,712,706.1425631262243,-21.215018928062577
noise,exact,713,-233.44532147182528,-30.030313908403997
noise,exact,714,107.44791492768994,89.84862191348014
noise,exact,715,837.3216204703251,-387.0486697769823
noise,exact,716,224.14726086279353,454.75190204717444
noise,exact,717,559.7756470186542,-512.4647445174363
noise,exact,718,-106.70124714425117,411.95219176584413
noise,exact,719,7.088036565985135,511.1847599772683
noise,exact,720,489.802340960679,146.24188281282335
noise,exact,721,238.35677379699564,233.92469647996487
noise,exact,722,296.65714147740937,432.650481940074
noise,exact,723,-543.2903398987606,-224.88825602710665
noise,exact,724,246.452492360898,145.23775933178104
noise,exact,725,-52.168373297920056,39.66874647569368
noise,exact,726,568.1229528045008,-921.3092440542566
noise,exact,727,132.88851003593481,-170.56221591178604
noise,exact,728,382.7020486607861,35.703637403030996
noise,exact,729,-17.84681012037116,-358.3226838663551
noise,exact,730,-264.0754014095933,170.89732836135408
noise,exact,731,243.39618300027524,230.30891805396527
noise,exact,732,-170.61054313469035,-846.218566908069
noise,exact,733,-270.4461411403613,-59.427796616736714
noise,exact,734,30.599906320128582,-176.8606674589553
noise,exact,735,525.6484754865892,450.18463993541997
noise,exact,736,-78.32447089935866,-568.5973348620505
noise,exact,737,-633.2375027565536,-347.96312142296
noise,exact,738,76.35293390276755,-202.76408706713295
noise,exact,739,-361.31065332118544,-554.0743177110284
noise,exact,740,-64.5577877242373,-279.17742181610976
noise,exact,741,-278.25424315186257,164.65411524452932
noise,exact,742,-253.72870053736403,-291.09524931645933
noise,exact,743,193.0831514077292,63.172424549036265
noise,exact,744,-385.8816066470049,-301.9167682108277
noise,exact,745,72.73890830565341,-192.6676234382067
noise,exact,746,233.82644753010453,-367.608004806813
noise,exact,747,280.11129754069793,155.6007030779689
noise,exact,748,-238.64184207939036,-17.786220163019408
noise,exact,749,-622.1540857540831,190.1734545489768
noise,exact,750,178.7065665106503,-272.6712807293644
noise,exact,751,-315.2398020258619,343.4317861023652
noise,exact,752,-18.11819374608052,-605.9150974173131
noise,exact,753,222.44083274487028,294.3854009795305
noise,exact,754,-304.1237080245956,64.92909531114924
noise,exact,755,-939.6932840324021,-167.96701779778311
noise,exact,756,-691.8369995572704,-321.37753158841656
noise,exact,757,604.3141802587758,319.6329795146323
noise,exact,758,-697.5626822355537,629.1667881496687
noise,exact,759,-652.5393929788089,-865.64151117079
noise,exact,760,-257.2976881491411,623.0070226620629
noise,exact,761,559.6607198369987,-180.6873413027282
noise,exact,762,-261.38015350877333,1180.469629785569
noise,exact,763,-224.46105926988895,366.57816916032607
noise,exact,764,410.4917249815996,-455.32432551744307
noise,exact,765,431.5605326981937,-714.3844933444477
noise,exact,766,-1004.3985347216592,5.370586452077191
noise,exact,767,201.85404030984643,21.20002617222309
noise,exact,768,-605.9404296875,-322.337890625
noise,exact,769,289.14807401169793,445.49753097917085
noise,exact,770,-219.1049551275201,-679.0058309966953
noise,exact,771,66.30309139322057,-346.66262930860586
noise,exact,772,-18.574733452123525,-129.6457124022891
noise,exact,773,-179.67857212341528,874.7460623253594
noise,exact,774,-531.9768838294715,-195.22932896066766
noise,exact,775,126.09353017004429,-1154.7334599559276
noise,exact,776,50.94969956807799,-471.94278666222414
noise,exact,777,163.85445105251267,-158.27038750267212
noise,exact,778,-202.6683825586905,-499.6438846727349
noise,exact,779,142.49918853949566,106.2049104907868
noise,exact,780,-696.6763923525976,-477.50709004060724
noise,exact,781,-8.449714296253262,735.3076329868339
noise,exact,782,-546.3887114246728,480.37849922714844
noise,exact,783,284.4612429203796,50.721307693644135
noise,exact,784,-447.0306124397878,-341.807361966202
noise,exact,785,-998.9439545193967,274.2359961644449
noise,exact,786,-297.29456858109415,-31.871661409633788
noise,exact,787,-59.10847253443853,-1180.1126728809777
noise,exact,788,395.16165348732454,220.81863217297914
noise,exact,789,316.8918850136777,-1189.4821549760773
noise,exact,790,-174.82610503783133,9.494814166741548
noise,exact,791,-520.4902592940067,16.94858815335006
noise,exact,792,-170.00786006435976,677.1945522978809
noise,exact,793,822.2221144228139,290.0145171892803
noise,exact,794,775.9127675341045,-641.8964711832161
noise,exact,795,215.95074570850704,422.5393684480629
noise,exact,796,29.23497418799508,137.57480764173812
noise,exact,797,426.078190535576,-226.76262883791696
noise,exact,798,523.1326385416246,489.4778095222788
noise,exact,799,-607.2248250263598,76.4343213171316
noise,exact,800,-356.7430871158648,-202.51905332400634
noise,exact,801,-183.65229649618004,274.28098434218
noise,exact,802,-897.5470288546719,-156.22365709481232
noise,exact,803,-106.13239092579822,1097.156764045961
noise,exact,804,447.5619106901608,5.514529938465216
noise,exact,805,291.40938827716377,183.17077525971115
noise,exact,806,-970.9683078892915,430.0005638324145
noise,exact,807,-124.44708579089739,-274.80683946490905
noise,exact,808,-474.33792839597754,-193.68054691819714
noise,exact,809,-449.80170080978706,701.5034064331815
noise,exact,810,-534.3382867183127,-166.10837902725177
noise,exact,811,-246.40913139326221,77.72477397480041
noise,exact,812,-257.7301681253755,-48.81785354557766
noise,exact,813,-816.1517998312751,136.27191471282762
noise,exact,814,-454.31008646235193,-294.44530198991254
noise,exact,815,-742.2965111296477,341.8846056874329
noise,exact,816,314.6566046716916,323.7510649593275
noise,exact,817,-639.0927434569037,541.1935571517578
noise,exact,818,26.390443191387007,-402.9201520123933
noise,exact,819,-344.34266814964974,673.0249529409925
noise,exact,820,419.7337683429785,-809.5754281296502
noise,exact,821,-43.01396531683491,-671.5058038199528
noise,exact,822,-145.70662975385116,736.8091922253586
noise,exact,823,118.80926032328105,231.7488431439635
noise,exact,824,67.66233434973844,151.23781018942756
noise,exact,825,42.83216871543314,224.92447920541716
noise,exact,826,92.70261207979496,-195.2796768122087
noise,exact,827,7.437634428789039,-328.28990007225445
noise,exact,828,855.7310905500434,548.4692222426919
noise,exact,829,-140.2036752270489,143.1043321690425
noise,exact,830,-490.20394118575103,728.3690131416265
noise,exact,831,50.6951539958427,375.5502841050136
noise,exact,832,-180.06488542211434,248.15710258653365
noise,exact,833,-127.33573527165879,-124.19446447273742
noise,exact,834,957.8546500116117,544.4659766100553
noise,exact,835,493.70697522433665,-304.66820632793986
noise,exact,836,-142.57650056132184,94.60856534558275
noise,exact,837,-237.21662870261417,-723.4721659984339
noise,exact,838,335.71359726339915,-251.03794254105372
noise,exact,839,-533.2070346075736,566.7022642742647
noise,exact,840,363.56724814801464,-759.75132245236
noise,exact,841,-642.5441740255819,-501.3980958604809
noise,exact,842,-472.6711452248317,-265.8339898537964
noise,exact,843,-268.224680640613,249.69284963090905
noise,exact,844,-929.6912653762427,-9.04664626225184
noise,exact,845,-538.1343027590335,-121.9424700510008
noise,exact,846,237.70431066850998,149.4667645421632
noise,exact,847,135.9510254231518,-266.5017369388538
noise,exact,848,274.82127851493806,175.09803952766964
noise,exact,849,-141.66480747307497,226.30796677668474
noise,exact,850,274.2135144976903,16.24402255402805
noise,exact,851,-236.3184356760904,209.12907524642276
noise,exact,852,554.7277832327215,-504.8488210112978
noise,exact,853,-296.43243762749535,-349.8646069827198
noise,exact,854,377.5690873671752,-148.07927270004052
noise,exact,855,556.0780229177849,-7.114089652711755
noise,exact,856,-211.10409517131626,-76.90972394585386
noise,exact,857,-229.53218648212948,270.31391789338187
noise,exact,858,177.5232506794572,-109.96542947197011
noise,exact,859,-252.6132709692414,721.918219484913
noise,exact,860,-193.26275902031227,-205.46141250982842
noise,exact,861,-65.06662759103034,233.23401742374173
noise,exact,862,74.30029682517802,-198.5015195891308
noise,exact,863,171.49688559045043,228.89004535628607
noise,exact,864,-191.82917976919265,281.6507802923208
noise,exact,865,496.50541544171415,-76.26218980735888
noise,exact,866,-733.3987990316525,-256.70289886665876
noise,exact,867,-276.8136662678013,543.5420206178054
noise,exact,868,241.3472865738057,302.38188139318066
noise,exact,869,-62.79611429039895,-32.2434895287073
noise,exact,870,-297.1453237238446,-5.028602738930715
noise,exact,871,-4.330147351056269,420.1438102095233
noise,exact,872,376.937067681646,238.48850348367253
noise,exact,873,154.93268516953896,157.88867417986387
noise,exact,874,260.06543257250615,389.6876698715368
noise,exact,875,-63.62449157350629,-568.3057566750086
noise,exact,876,62.99686712102357,199.42992036568106
noise,exact,877,25.31681502965857,-127.64739200174995
noise,exact,878,-243.8994026498633,-475.4614867423753
noise,exact,879,29.11762011483355,210.18624268769338
noise,exact,880,-589.3062752997357,296.51596512419195
noise,exact,881,580.0634750827148,-76.50314853261318
noise,exact,882,-261.5641216035217,23.725091538197326
noise,exact,883,96.08607708234813,261.0338522838558
noise,exact,884,-63.35184255079463,-326.970756876305
noise,exact,885,-659.9043908466595,-429.98573618753045
noise,exact,886,146.76594983387636,455.4660424348135
noise,exact,887,-414.8965228920881,-844.7016886212416
noise,exact,888,168.56723890725002,383.0863230982573
noise,exact,889,622.640131734193,-243.2101750486476
noise,exact,890,625.0539919676838,-267.58425207261735
noise,exact,891,309.88223426187926,-410.7518534105136
noise,exact,892,37.406414279850935,-39.17096727527165
noise,exact,893,593.2809759946445,-824.8452431575674
noise,exact,894,153.44466980096115,325.1036252083182
noise,exact,895,272.7631212414611,-348.52850510197237
noise,exact,896,-304.0214817967705,264.8332703357472
noise,exact,897,262.0235520040409,373.67899817571003
noise,exact,898,14.640120123319445,478.59307388122045
noise,exact,899,520.0650724250402,-221.41112091759015
noise,exact,900,-56.741830628851844,51.38462247055281
noise,exact,901,-345.8639958625468,-597.6875271073251
noise,exact,902,594.4433161341185,-259.598269681191
noise,exact,903,-166.7261707852442,33.11687129516727
noise,exact,904,549.7205160036843,415.42714451424575
noise,exact,905,-334.6427958202938,422.9788827008
noise,exact,906,407.8742505229609,-457.61187251694156
noise,exact,907,-301.71286365530386,-298.91374133753544
noise,exact,908,116.39293750036114,-661.1497883605105
noise,exact,909,-261.1295017500664,765.0929352696373
noise,exact,910,-558.6165053573026,182.6739042925685
noise,exact,911,32.45620658192166,-100.22919698947652
noise,exact,912,545.1945425601517,387.9112741378153
noise,exact,913,611.8958259243198,203.824038901161
noise,exact,914,-287.1552045490073,403.1233058193027
noise,exact,915,-38.0959014296476,-60.60782083548486
noise,exact,916,-283.15820622858485,-40.90356272323818
noise,exact,917,80.84863182180146,715.3216954277373
noise,exact,918,-715.4965085234479,518.466397325181
noise,exact,919,-180.2467164953738,-12.693768522849567
noise,exact,920,-166.0768990601734,-245.52870764097855
noise,exact,921,-394.95380480211537,-1355.1345113982482
noise,exact,922,-127.77147986792977,-67.4214688544807
noise,exact,923,-81.54331597719494,714.0010276098974
noise,exact,924,-445.4651878530076,-160.81597105862906
noise,exact,925,459.5666378031283,97.09713358443418
noise,exact,926,-117.35655424699105,-549.985824914716
noise,exact,927,788.2707397674956,-484.8190045971378
noise,exact,928,500.58753144889647,-31.257179477682563
noise,exact,929,282.2551233261962,-297.2718623411208
noise,exact,930,-63.67270587221945,102.64162669339916
noise,exact,931,-122.78212325124198,594.5887664498148
noise,exact,932,-430.23237977411185,749.8125886889004
noise,exact,933,828.1028072679354,871.1414083672909
noise,exact,934,196.53291947883386,-80.88149427929106
noise,exact,935,165.9188959688499,-99.5629497668748
noise,exact,936,503.46178550183816,-779.9847611786795
noise,exact,937,166.54916136646617,-213.30424158135776
noise,exact,938,1305.563584233374,190.44735562578904
noise,exact,939,16.89389267320196,-83.20941129698002
noise,exact,940,-677.9196602897949,-259.50492986087556
noise,exact,941,-62.36318368729293,-301.6988975895049
noise,exact,942,515.4136476482805,-8.647204957873328
noise,exact,943,51.97103680553015,106.74227712456234
noise,exact,944,958.839164594541,-192.7049793037683
noise,exact,945,-115.6624017238412,132.98675931578802
noise,exact,946,234.21513043007803,333.6967882501568
noise,exact,947,-373.8756503987996,-19.93441767092986
noise,exact,948,-315.82849310769393,-358.3204045099083
noise,exact,949,-429.4045995585752,270.57566321045465
noise,exact,950,-503.93882279335975,-574.642255537138
noise,exact,951,784.798881891943,525.4375882937599
noise,exact,952,-423.1012027200981,-10.152878448849776
noise,exact,953,138.40827409104074,-43.205411485970245
noise,exact,954,111.00049510764984,-340.11696437552473
noise,exact,955,-111.16546477998754,626.4730876093722
noise,exact,956,-239.9003389810562,234.49444435732892
noise,exact,957,16.747041848784903,101.21934546212566
noise,exact,958,431.1104685456149,-634.6258806200547
noise,exact,959,-91.18694670865392,240.08826570182845
noise,exact,960,-624.6465675589141,1270.298250621198
noise,exact,961,34.93181262939592,637.5951190502069
noise,exact,962,46.939871642235886,-215.1287796520283
noise,exact,963,-418.92569150219003,575.432368840177
noise,exact,964,293.23199022545,261.6022278659933
noise,exact,965,543.0195643525259,78.98853270107902
noise,exact,966,-869.3489542095338,-252.7912960472143
noise,exact,967,197.86965939634575,-410.5025315099118
noise,exact,968,-289.66532204628527,165.18303966208018
noise,exact,969,-83.05539574725535,113.78863947884916
noise,exact,970,174.7177379124828,408.2597611615947
noise,exact,971,-255.76611346121322,-52.34143994125605
noise,exact,972,-464.6863134050451,-137.4556878034489
noise,exact,973,-301.10708831857403,266.94574409329505
noise,exact,974,-197.99258863921722,-154.05159553738184
noise,exact,975,-783.3322473197661,-78.26765389635767
noise,exact,976,339.4729410948549,-514.146838635721
noise,exact,977,-164.99656840023545,186.42006205738107
noise,exact,978,361.683097383186,871.4011910282235
noise,exact,979,366.6218753766374,-563.0136727743275
noise,exact,980,-193.41731775745194,-21.84051067064594
noise,exact,981,413.25041753289,316.7478548631398
noise,exact,982,66.63016566612507,146.56955871845818
noise,exact,983,171.44438382983452,-745.1783857999409
noise,exact,984,-558.6369062547172,216.93500094720207
noise,exact,985,557.3501079295924,-151.7292484120262
noise,exact,986,439.73983008204885,-142.0884103656794
noise,exact,987,297.5507451713702,-8.500811948767478
noise,exact,988,-817.5345194198864,-307.64163942888473
noise,exact,989,361.48949734522375,297.09741390347335
noise,exact,990,-78.30612397193812,-410.9418532951476
noise,exact,991,24.731814495711816,-656.9082733644091
noise,exact,992,-64.4466181630756,-289.65097854798717
noise,exact,993,490.80995717640724,700.445097710755
noise,exact,994,209.3085272645213,-488.47974356994905
noise,exact,995,40.313578187213636,-135.57627061346233
noise,exact,996,-444.7693725449479,168.65439549822378
noise,exact,997,90.39374153023573,410.4088211285866
noise,exact,998,116.937925544275,-21.65767052409967
noise,exact,999,-2.4864841811553617,201.130450163996
noise,exact,1000,168.35069527692616,-134.72806036743626
noise,exact,1001,573.0092548218348,306.05420535463486
noise,exact,1002,-225.82610622617617,749.4093961530955
noise,exact,1003,-250.2124090403684,152.5133733189172
noise,exact,1004,-351.73953924935364,665.8908695683842
noise,exact,1005,42.66688055712871,-241.6721420858059
noise,exact,1006,-437.43192989727584,-177.6982304757416
noise,exact,1007,-334.2508827967968,83.53384421106483
noise,exact,1008,-309.7822972917634,-250.8698105846962
noise,exact,1009,872.8881759309488,267.28249160716035
noise,exact,1010,-218.11510378825358,98.75609129228486
noise,exact,1011,352.3273990755933,-764.7460001177776
noise,exact,1012,57.050128760947075,4.6420835759730465
noise,exact,1013,-22.76226474022863,-99.40158528388925
noise,exact,1014,249.7919424825255,-127.51724519539506
noise,exact,1015,579.7194247028884,439.81052464215554
noise,exact,1016,-644.1266418107289,234.10363234704442
noise,exact,1017,620.9413557015546,62.45221211843277
noise,exact,1018,-631.3915346266257,-651.8258425867815
noise,exact,1019,-321.6707212759308,-1042.8745247958454
noise,exact,1020,-321.4586269887225,560.9582240599478
noise,exact,1021,198.13195677308428,72.24947160590355
noise,exact,1022,-205.8159926224434,-96.27200744779242
noise,exact,1023,594.0871962602372,461.15405110992117
noise,Gowin FPGA,0,100,0
noise,Gowin FPGA,1,592,-467
noise,Gowin FPGA,2,-210,95
noise,Gowin FPGA,3,196,-76
noise,Gowin FPGA,4,-325,-566
noise,Gowin FPGA,5,-325,1044
noise,Gowin FPGA,6,-636,650
noise,Gowin FPGA,7,620,-64
noise,Gowin FPGA,8,-649,-236
noise,Gowin FPGA,9,579,-445
noise,Gowin FPGA,10,246,126
noise,Gowin FPGA,11,-26,98
noise,Gowin FPGA,12,55,-6
noise,Gowin FPGA,13,351,766
noise,Gowin FPGA,14,-223,-101
noise,Gowin FPGA,15,873,-270
noise,Gowin FPGA,16,-313,249
noise,Gowin FPGA,17,-340,-85
noise,Gowin FPGA,18,-445,177
noise,Gowin FPGA,19,40,242
noise,Gowin FPGA,20,-356,-670
noise,Gowin FPGA,21,-256,-155
noise,Gowin FPGA,22,-230,-753
noise,Gowin FPGA,23,573,-308
noise,Gowin FPGA,24,168,135
noise,Gowin FPGA,25,-5,-204
noise,Gowin FPGA,26,115,20
noise,Gowin FPGA,27,89,-414
noise,Gowin FPGA,28,-448,-171
noise,Gowin FPGA,29,38,135
noise,Gowin FPGA,30,208,490
noise,Gowin FPGA,31,490,-704
noise,Gowin FPGA,32,-66,291
noise,Gowin FPGA,33,22,659
noise,Gowin FPGA,34,-82,412
noise,Gowin FPGA,35,361,-299
noise,Gowin FPGA,36,-821,308
noise,Gowin FPGA,37,295,8
noise,Gowin FPGA,38,440,142
noise,Gowin FPGA,39,558,152
noise,Gowin FPGA,40,-564,-219
noise,Gowin FPGA,41,171,747
noise,Gowin FPGA,42,65,-149
noise,Gowin FPGA,43,414,-321
noise,Gowin FPGA,44,-197,21
noise,Gowin FPGA,45,366,565
noise,Gowin FPGA,46,361,-875
noise,Gowin FPGA,47,-167,-187
noise,Gowin FPGA,48,339,516
noise,Gowin FPGA,49,-788,77
noise,Gowin FPGA,50,-202,154
noise,Gowin FPGA,51,-307,-271
noise,Gowin FPGA,52,-468,137
noise,Gowin FPGA,53,-258,52
noise,Gowin FPGA,54,175,-410
noise,Gowin FPGA,55,-85,-115
noise,Gowin FPGA,56,-292,-166
noise,Gowin FPGA,57,197,412
noise,Gowin FPGA,58,-874,253
noise,Gowin FPGA,59,544,-80
noise,Gowin FPGA,60,293,-264
noise,Gowin FPGA,61,-425,-579
noise,Gowin FPGA,62,47,214
noise,Gowin FPGA,63,34,-641
noise,Gowin FPGA,64,-628,-1276
noise,Gowin FPGA,65,-94,-241
noise,Gowin FPGA,66,432,637
noise,Gowin FPGA,67,14,-102
noise,Gowin FPGA,68,-242,-236
noise,Gowin FPGA,69,-113,-630
noise,Gowin FPGA,70,109,341
noise,Gowin FPGA,71,137,41
noise,Gowin FPGA,72,-428,9
noise,Gowin FPGA,73,786,-529
noise,Gowin FPGA,74,-508,576
noise,Gowin FPGA,75,-435,-273
noise,Gowin FPGA,76,-318,359
noise,Gowin FPGA,77,-378,20
noise,Gowin FPGA,78,233,-337
noise,Gowin FPGA,79,-116,-134
noise,Gowin FPGA,80,961,193
noise,Gowin FPGA,81,49,-109
noise,Gowin FPGA,82,516,9
noise,Gowin FPGA,83,-64,303
noise,Gowin FPGA,84,-682,259
noise,Gowin FPGA,85,15,81
noise,Gowin FPGA,86,1308,-193
noise,Gowin FPGA,87,165,214
noise,Gowin FPGA,88,503,783
noise,Gowin FPGA,89,166,98
noise,Gowin FPGA,90,196,82
noise,Gowin FPGA,91,829,-874
noise,Gowin FPGA,92,-434,-754
noise,Gowin FPGA,93,-127,-596
noise,Gowin FPGA,94,-68,-105
noise,Gowin FPGA,95,281,299
noise,Gowin FPGA,96,500,31
noise,Gowin FPGA,97,790,486
noise,Gowin FPGA,98,-119,551
noise,Gowin FPGA,99,461,-97
noise,Gowin FPGA,100,-450,160
noise,Gowin FPGA,101,-83,-719
noise,Gowin FPGA,102,-133,68
noise,Gowin FPGA,103,-398,1358
noise,Gowin FPGA,104,-170,246
noise,Gowin FPGA,105,-184,14
noise,Gowin FPGA,106,-719,-520
noise,Gowin FPGA,107,80,-721
noise,Gowin FPGA,108,-286,40
noise,Gowin FPGA,109,-38,61
noise,Gowin FPGA,110,-289,-404
noise,Gowin FPGA,111,614,-205
noise,Gowin FPGA,112,546,-389
noise,Gowin FPGA,113,31,100
noise,Gowin FPGA,114,-562,-186
noise,Gowin FPGA,115,-266,-769
noise,Gowin FPGA,116,115,663
noise,Gowin FPGA,117,-303,300
noise,Gowin FPGA,118,410,460
noise,Gowin FPGA,119,-336,-425
noise,Gowin FPGA,120,550,-419
noise,Gowin FPGA,121,-170,-36
noise,Gowin FPGA,122,596,260
noise,Gowin FPGA,123,-348,600
noise,Gowin FPGA,124,-59,-53
noise,Gowin FPGA,125,520,222
noise,Gowin FPGA,126,14,-484
noise,Gowin FPGA,127,263,-376
noise,Gowin FPGA,128,-305,-265
noise,Gowin FPGA,129,273,350
noise,Gowin FPGA,130,154,-328
noise,Gowin FPGA,131,594,828
noise,Gowin FPGA,132,35,38
noise,Gowin FPGA,133,310,412
noise,Gowin FPGA,134,626,268
noise,Gowin FPGA,135,624,243
noise,Gowin FPGA,136,169,-387
noise,Gowin FPGA,137,-419,847
noise,Gowin FPGA,138,147,-459
noise,Gowin FPGA,139,-663,431
noise,Gowin FPGA,140,-67,327
noise,Gowin FPGA,141,95,-263
noise,Gowin FPGA,142,-264,-26
noise,Gowin FPGA,143,581,78
noise,Gowin FPGA,144,-595,-296
noise,Gowin FPGA,145,29,-212
noise,Gowin FPGA,146,-249,476
noise,Gowin FPGA,147,25,129
noise,Gowin FPGA,148,63,-200
noise,Gowin FPGA,149,-65,570
noise,Gowin FPGA,150,260,-393
noise,Gowin FPGA,151,156,-159
noise,Gowin FPGA,152,378,-240
noise,Gowin FPGA,153,-5,-423
noise,Gowin FPGA,154,-301,6
noise,Gowin FPGA,155,-64,31
noise,Gowin FPGA,156,241,-304
noise,Gowin FPGA,157,-278,-545
noise,Gowin FPGA,158,-737,258
noise,Gowin FPGA,159,497,76
noise,Gowin FPGA,160,-193,-284
noise,Gowin FPGA,161,172,-232
noise,Gowin FPGA,162,74,200
noise,Gowin FPGA,163,-69,-234
noise,Gowin FPGA,164,-197,207
noise,Gowin FPGA,165,-254,-726
noise,Gowin FPGA,166,178,111
noise,Gowin FPGA,167,-234,-274
noise,Gowin FPGA,168,-213,77
noise,Gowin FPGA,169,557,9
noise,Gowin FPGA,170,378,149
noise,Gowin FPGA,171,-300,351
noise,Gowin FPGA,172,556,507
noise,Gowin FPGA,173,-238,-213
noise,Gowin FPGA,174,274,-17
noise,Gowin FPGA,175,-144,-227
noise,Gowin FPGA,176,274,-175
noise,Gowin FPGA,177,135,269
noise,Gowin FPGA,178,239,-151
noise,Gowin FPGA,179,-542,123
noise,Gowin FPGA,180,-935,11
noise,Gowin FPGA,181,-271,-251
noise,Gowin FPGA,182,-476,267
noise,Gowin FPGA,183,-647,502
noise,Gowin FPGA,184,365,761
noise,Gowin FPGA,185,-535,-570
noise,Gowin FPGA,186,335,250
noise,Gowin FPGA,187,-240,726
noise,Gowin FPGA,188,-144,-95
noise,Gowin FPGA,189,495,306
noise,Gowin FPGA,190,959,-546
noise,Gowin FPGA,191,-129,125
noise,Gowin FPGA,192,-181,-250
noise,Gowin FPGA,193,51,-377
noise,Gowin FPGA,194,-496,-731
noise,Gowin FPGA,195,-142,-145
noise,Gowin FPGA,196,857,-552
noise,Gowin FPGA,197,6,329
noise,Gowin FPGA,198,92,196
noise,Gowin FPGA,199,43,-227
noise,Gowin FPGA,200,66,-154
noise,Gowin FPGA,201,119,-235
noise,Gowin FPGA,202,-150,-742
noise,Gowin FPGA,203,-45,674
noise,Gowin FPGA,204,420,812
noise,Gowin FPGA,205,-346,-676
noise,Gowin FPGA,206,25,405
noise,Gowin FPGA,207,-643,-545
noise,Gowin FPGA,208,315,-328
noise,Gowin FPGA,209,-746,-345
noise,Gowin FPGA,210,-458,295
noise,Gowin FPGA,211,-821,-137
noise,Gowin FPGA,212,-260,48
noise,Gowin FPGA,213,-247,-80
noise,Gowin FPGA,214,-536,166
noise,Gowin FPGA,215,-451,-704
noise,Gowin FPGA,216,-480,196
noise,Gowin FPGA,217,-125,275
noise,Gowin FPGA,218,-976,-433
noise,Gowin FPGA,219,292,-185
noise,Gowin FPGA,220,449,-7
noise,Gowin FPGA,221,-108,-1100
noise,Gowin FPGA,222,-902,156
noise,Gowin FPGA,223,-185,-277
noise,Gowin FPGA,224,-361,203
noise,Gowin FPGA,225,-611,-76
noise,Gowin FPGA,226,525,-492
noise,Gowin FPGA,227,427,226
noise,Gowin FPGA,228,29,-139
noise,Gowin FPGA,229,216,-426
noise,Gowin FPGA,230,778,644
noise,Gowin FPGA,231,823,-292
noise,Gowin FPGA,232,-172,-681
noise,Gowin FPGA,233,-525,-15
noise,Gowin FPGA,234,-177,-11
noise,Gowin FPGA,235,319,1194
noise,Gowin FPGA,236,396,-222
noise,Gowin FPGA,237,-60,1184
noise,Gowin FPGA,238,-300,31
noise,Gowin FPGA,239,-1003,-275
noise,Gowin FPGA,240,-450,343
noise,Gowin FPGA,241,286,-51
noise,Gowin FPGA,242,-551,-486
noise,Gowin FPGA,243,-11,-741
noise,Gowin FPGA,244,-698,480
noise,Gowin FPGA,245,141,-108
noise,Gowin FPGA,246,-205,500
noise,Gowin FPGA,247,164,160
noise,Gowin FPGA,248,51,473
noise,Gowin FPGA,249,126,1158
noise,Gowin FPGA,250,-534,196
noise,Gowin FPGA,251,-182,-880
noise,Gowin FPGA,252,-19,130
noise,Gowin FPGA,253,67,347
noise,Gowin FPGA,254,-221,682
noise,Gowin FPGA,255,291,-448
noise,Gowin FPGA,256,-608,323
noise,Gowin FPGA,257,203,-23
noise,Gowin FPGA,258,-1009,-5
noise,Gowin FPGA,259,432,717
noise,Gowin FPGA,260,413,457
noise,Gowin FPGA,261,-228,-370
noise,Gowin FPGA,262,-262,-1183
noise,Gowin FPGA,263,561,181
noise,Gowin FPGA,264,-258,-628
noise,Gowin FPGA,265,-655,869
noise,Gowin FPGA,266,-703,-632
noise,Gowin FPGA,267,607,-324
noise,Gowin FPGA,268,-696,323
noise,Gowin FPGA,269,-943,167
noise,Gowin FPGA,270,-306,-67
noise,Gowin FPGA,271,222,-295
noise,Gowin FPGA,272,-18,608
noise,Gowin FPGA,273,-316,-346
noise,Gowin FPGA,274,180,273
noise,Gowin FPGA,275,-625,-193
noise,Gowin FPGA,276,-241,19
noise,Gowin FPGA,277,281,-157
noise,Gowin FPGA,278,234,369
noise,Gowin FPGA,279,73,194
noise,Gowin FPGA,280,-390,302
noise,Gowin FPGA,281,193,-64
noise,Gowin FPGA,282,-255,291
noise,Gowin FPGA,283,-279,-166
noise,Gowin FPGA,284,-66,280
noise,Gowin FPGA,285,-363,556
noise,Gowin FPGA,286,76,204
noise,Gowin FPGA,287,-636,349
noise,Gowin FPGA,288,-78,571
noise,Gowin FPGA,289,527,-452
noise,Gowin FPGA,290,30,178
noise,Gowin FPGA,291,-272,60
noise,Gowin FPGA,292,-173,849
noise,Gowin FPGA,293,243,-233
noise,Gowin FPGA,294,-267,-172
noise,Gowin FPGA,295,-20,360
noise,Gowin FPGA,296,386,-35
noise,Gowin FPGA,297,133,170
noise,Gowin FPGA,298,570,924
noise,Gowin FPGA,299,-54,-41
noise,Gowin FPGA,300,247,-147
noise,Gowin FPGA,301,-545,226
noise,Gowin FPGA,302,298,-434
noise,Gowin FPGA,303,238,-237
noise,Gowin FPGA,304,492,-148
noise,Gowin FPGA,305,7,-514
noise,Gowin FPGA,306,-111,-414
noise,Gowin FPGA,307,562,513
noise,Gowin FPGA,308,224,-458
noise,Gowin FPGA,309,840,388
noise,Gowin FPGA,310,109,-92
noise,Gowin FPGA,311,-236,30
noise,Gowin FPGA,312,708,22
noise,Gowin FPGA,313,-459,348
noise,Gowin FPGA,314,-283,39
noise,Gowin FPGA,315,449,384
noise,Gowin FPGA,316,810,250
noise,Gowin FPGA,317,153,-479
noise,Gowin FPGA,318,-139,-625
noise,Gowin FPGA,319,168,749
noise,Gowin FPGA,320,-333,949
noise,Gowin FPGA,321,327,-564
noise,Gowin FPGA,322,-199,79
noise,Gowin FPGA,323,227,-355
noise,Gowin FPGA,324,1039,-855
noise,Gowin FPGA,325,-667,-69
noise,Gowin FPGA,326,212,403
noise,Gowin FPGA,327,157,-738
noise,Gowin FPGA,328,-49,-614
noise,Gowin FPGA,329,-302,494
noise,Gowin FPGA,330,291,-668
noise,Gowin FPGA,331,-42,-155
noise,Gowin FPGA,332,-411,295
noise,Gowin FPGA,333,95,-12
noise,Gowin FPGA,334,195,177
noise,Gowin FPGA,335,-13,-170
noise,Gowin FPGA,336,-430,-483
noise,Gowin FPGA,337,321,-495
noise,Gowin FPGA,338,-481,-727
noise,Gowin FPGA,339,408,163
noise,Gowin FPGA,340,-341,370
noise,Gowin FPGA,341,-171,-187
noise,Gowin FPGA,342,-624,835
noise,Gowin FPGA,343,583,762
noise,Gowin FPGA,344,-285,-131
noise,Gowin FPGA,345,524,-1077
noise,Gowin FPGA,346,453,58
noise,Gowin FPGA,347,1028,-731
noise,Gowin FPGA,348,589,-169
noise,Gowin FPGA,349,591,8
noise,Gowin FPGA,350,74,241
noise,Gowin FPGA,351,127,715
noise,Gowin FPGA,352,-656,75
noise,Gowin FPGA,353,-515,-265
noise,Gowin FPGA,354,686,-50
noise,Gowin FPGA,355,-1185,259
noise,Gowin FPGA,356,248,-829
noise,Gowin FPGA,357,174,-588
noise,Gowin FPGA,358,-47,-134
noise,Gowin FPGA,359,-171,101
noise,Gowin FPGA,360,-145,545
noise,Gowin FPGA,361,-397,-32
noise,Gowin FPGA,362,255,145
noise,Gowin FPGA,363,306,-396
noise,Gowin FPGA,364,-772,-81
noise,Gowin FPGA,365,141,225
noise,Gowin FPGA,366,-179,-491
noise,Gowin FPGA,367,14,-259
noise,Gowin FPGA,368,263,292
noise,Gowin FPGA,369,174,12
noise,Gowin FPGA,370,54,84
noise,Gowin FPGA,371,305,47
noise,Gowin FPGA,372,321,52
noise,Gowin FPGA,373,-334,478
noise,Gowin FPGA,374,-244,-14
noise,Gowin FPGA,375,238,-191
noise,Gowin FPGA,376,139,-31
noise,Gowin FPGA,377,-220,577
noise,Gowin FPGA,378,190,51
noise,Gowin FPGA,379,349,158
noise,Gowin FPGA,380,622,247
noise,Gowin FPGA,381,386,561
noise,Gowin FPGA,382,62,306
noise,Gowin FPGA,383,-117,211
noise,Gowin FPGA,384,-132,-290
noise,Gowin FPGA,385,-57,-180
noise,Gowin FPGA,386,-3,277
noise,Gowin FPGA,387,353,476
noise,Gowin FPGA,388,-208,-316
noise,Gowin FPGA,389,-682,-336
noise,Gowin FPGA,390,-443,145
noise,Gowin FPGA,391,141,-69
noise,Gowin FPGA,392,-254,1003
noise,Gowin FPGA,393,-729,337
noise,Gowin FPGA,394,-152,-400
noise,Gowin FPGA,395,376,32
noise,Gowin FPGA,396,522,48
noise,Gowin FPGA,397,-416,207
noise,Gowin FPGA,398,-418,-389
noise,Gowin FPGA,399,-489,-836
noise,Gowin FPGA,400,-67,619
noise,Gowin FPGA,401,126,392
noise,Gowin FPGA,402,215,-854
noise,Gowin FPGA,403,620,-1250
noise,Gowin FPGA,404,106,-2
noise,Gowin FPGA,405,-208,-525
noise,Gowin FPGA,406,548,-149
noise,Gowin FPGA,407,-598,-178
noise,Gowin FPGA,408,154,-123
noise,Gowin FPGA,409,-1208,227
noise,Gowin FPGA,410,-60,-30
noise,Gowin FPGA,411,513,408
noise,Gowin FPGA,412,-115,-135
noise,Gowin FPGA,413,56,-55
noise,Gowin FPGA,414,-334,66
noise,Gowin FPGA,415,89,1
noise,Gowin FPGA,416,223,63
noise,Gowin FPGA,417,605,-156
noise,Gowin FPGA,418,76,148
noise,Gowin FPGA,419,515,-38
noise,Gowin FPGA,420,-523,-92
noise,Gowin FPGA,421,1002,-910
noise,Gowin FPGA,422,151,-319
noise,Gowin FPGA,423,-179,-1019
noise,Gowin FPGA,424,645,368
noise,Gowin FPGA,425,335,-19
noise,Gowin FPGA,426,446,-40
noise,Gowin FPGA,427,178,-473
noise,Gowin FPGA,428,-691,306
noise,Gowin FPGA,429,204,48
noise,Gowin FPGA,430,143,-735
noise,Gowin FPGA,431,113,226
noise,Gowin FPGA,432,-473,-341
noise,Gowin FPGA,433,-227,-465
noise,Gowin FPGA,434,390,378
noise,Gowin FPGA,435,152,-89
noise,Gowin FPGA,436,-117,368
noise,Gowin FPGA,437,115,-679
noise,Gowin FPGA,438,16,-144
noise,Gowin FPGA,439,73,-247
noise,Gowin FPGA,440,-397,289
noise,Gowin FPGA,441,-497,397
noise,Gowin FPGA,442,-433,-156
noise,Gowin FPGA,443,16,1108
noise,Gowin FPGA,444,223,-519
noise,Gowin FPGA,445,364,204
noise,Gowin FPGA,446,174,-234
noise,Gowin FPGA,447,-785,-369
noise,Gowin FPGA,448,-114,117
noise,Gowin FPGA,449,-438,54
noise,Gowin FPGA,450,519,546
noise,Gowin FPGA,451,-297,379
noise,Gowin FPGA,452,-218,770
noise,Gowin FPGA,453,60,-74
noise,Gowin FPGA,454,189,-413
noise,Gowin FPGA,455,-212,455
noise,Gowin FPGA,456,898,472
noise,Gowin FPGA,457,-372,313
noise,Gowin FPGA,458,106,-752
noise,Gowin FPGA,459,508,-171
noise,Gowin FPGA,460,-692,-568
noise,Gowin FPGA,461,125,-810
noise,Gowin FPGA,462,-120,292
noise,Gowin FPGA,463,431,-816
noise,Gowin FPGA,464,383,-10
noise,Gowin FPGA,465,-200,-253
noise,Gowin FPGA,466,-335,-272
noise,Gowin FPGA,467,-674,67
noise,Gowin FPGA,468,173,-236
noise,Gowin FPGA,469,84,366
noise,Gowin FPGA,470,562,-12
noise,Gowin FPGA,471,-311,19
noise,Gowin FPGA,472,77,419
noise,Gowin FPGA,473,-67,70
noise,Gowin FPGA,474,70,-533
noise,Gowin FPGA,475,373,512
noise,Gowin FPGA,476,965,96
noise,Gowin FPGA,477,-931,233
noise,Gowin FPGA,478,-311,280
noise,Gowin FPGA,479,214,-294
noise,Gowin FPGA,480,-169,270
noise,Gowin FPGA,481,24,-1146
noise,Gowin FPGA,482,-309,-23
noise,Gowin FPGA,483,880,395
noise,Gowin FPGA,484,-438,369
noise,Gowin FPGA,485,-322,-672
noise,Gowin FPGA,486,-389,-594
noise,Gowin FPGA,487,-171,-458
noise,Gowin FPGA,488,-294,157
noise,Gowin FPGA,489,347,-792
noise,Gowin FPGA,490,-152,-860
noise,Gowin FPGA,491,61,23
noise,Gowin FPGA,492,-406,-874
noise,Gowin FPGA,493,32,325
noise,Gowin FPGA,494,16,211
noise,Gowin FPGA,495,319,197
noise,Gowin FPGA,496,462,-305
noise,Gowin FPGA,497,-90,424
noise,Gowin FPGA,498,-11,345
noise,Gowin FPGA,499,-31,-347
noise,Gowin FPGA,500,-297,236
noise,Gowin FPGA,501,112,-298
noise,Gowin FPGA,502,330,-131
noise,Gowin FPGA,503,355,-253
noise,Gowin FPGA,504,-316,83
noise,Gowin FPGA,505,340,-150
noise,Gowin FPGA,506,579,-759
noise,Gowin FPGA,507,268,-207
noise,Gowin FPGA,508,148,296
noise,Gowin FPGA,509,-73,-319
noise,Gowin FPGA,510,356,174
noise,Gowin FPGA,511,-309,80
noise,Gowin FPGA,512,905,0
noise,Gowin FPGA,513,-308,-82
noise,Gowin FPGA,514,356,-174
noise,Gowin FPGA,515,-71,316
noise,Gowin FPGA,516,149,-296
noise,Gowin FPGA,517,267,206
noise,Gowin FPGA,518,577,760
noise,Gowin FPGA,519,341,147
noise,Gowin FPGA,520,-313,-84
noise,Gowin FPGA,521,355,253
noise,Gowin FPGA,522,332,130
noise,Gowin FPGA,523,110,296
noise,Gowin FPGA,524,-299,-237
noise,Gowin FPGA,525,-30,349
noise,Gowin FPGA,526,-13,-344
noise,Gowin FPGA,527,-86,-426
noise,Gowin FPGA,528,463,306
noise,Gowin FPGA,529,320,-198
noise,Gowin FPGA,530,18,-212
noise,Gowin FPGA,531,29,-328
noise,Gowin FPGA,532,-407,873
noise,Gowin FPGA,533,60,-22
noise,Gowin FPGA,534,-151,860
noise,Gowin FPGA,535,348,793
noise,Gowin FPGA,536,-294,-157
noise,Gowin FPGA,537,-170,456
noise,Gowin FPGA,538,-389,596
noise,Gowin FPGA,539,-320,673
noise,Gowin FPGA,540,-437,-371
noise,Gowin FPGA,541,882,-394
noise,Gowin FPGA,542,-309,22
noise,Gowin FPGA,543,26,1146
noise,Gowin FPGA,544,-165,-269
noise,Gowin FPGA,545,215,293
noise,Gowin FPGA,546,-312,-280
noise,Gowin FPGA,547,-931,-232
noise,Gowin FPGA,548,967,-97
noise,Gowin FPGA,549,373,-513
noise,Gowin FPGA,550,71,531
noise,Gowin FPGA,551,-68,-68
noise,Gowin FPGA,552,79,-419
noise,Gowin FPGA,553,-312,-21
noise,Gowin FPGA,554,562,12
noise,Gowin FPGA,555,85,-369
noise,Gowin FPGA,556,175,235
noise,Gowin FPGA,557,-671,-67
noise,Gowin FPGA,558,-334,270
noise,Gowin FPGA,559,-198,251
noise,Gowin FPGA,560,381,10
noise,Gowin FPGA,561,432,817
noise,Gowin FPGA,562,-121,-293
noise,Gowin FPGA,563,126,810
noise,Gowin FPGA,564,-692,569
noise,Gowin FPGA,565,508,169
noise,Gowin FPGA,566,107,752
noise,Gowin FPGA,567,-370,-314
noise,Gowin FPGA,568,899,-471
noise,Gowin FPGA,569,-209,-457
noise,Gowin FPGA,570,190,413
noise,Gowin FPGA,571,60,73
noise,Gowin FPGA,572,-218,-771
noise,Gowin FPGA,573,-296,-379
noise,Gowin FPGA,574,519,-547
noise,Gowin FPGA,575,-435,-55
noise,Gowin FPGA,576,-113,-118
noise,Gowin FPGA,577,-784,368
noise,Gowin FPGA,578,173,233
noise,Gowin FPGA,579,365,-204
noise,Gowin FPGA,580,223,518
noise,Gowin FPGA,581,18,-1110
noise,Gowin FPGA,582,-433,156
noise,Gowin FPGA,583,-495,-396
noise,Gowin FPGA,584,-399,-290
noise,Gowin FPGA,585,73,248
noise,Gowin FPGA,586,19,144
noise,Gowin FPGA,587,116,677
noise,Gowin FPGA,588,-115,-369
noise,Gowin FPGA,589,151,87
noise,Gowin FPGA,590,391,-379
noise,Gowin FPGA,591,-226,463
noise,Gowin FPGA,592,-473,340
noise,Gowin FPGA,593,114,-227
noise,Gowin FPGA,594,143,734
noise,Gowin FPGA,595,204,-49
noise,Gowin FPGA,596,-691,-306
noise,Gowin FPGA,597,178,472
noise,Gowin FPGA,598,446,36
noise,Gowin FPGA,599,335,16
noise,Gowin FPGA,600,646,-370
noise,Gowin FPGA,601,-179,1019
noise,Gowin FPGA,602,151,318
noise,Gowin FPGA,603,1004,909
noise,Gowin FPGA,604,-522,90
noise,Gowin FPGA,605,515,38
noise,Gowin FPGA,606,78,-149
noise,Gowin FPGA,607,605,154
noise,Gowin FPGA,608,225,-64
noise,Gowin FPGA,609,90,-3
noise,Gowin FPGA,610,-332,-66
noise,Gowin FPGA,611,57,54
noise,Gowin FPGA,612,-115,133
noise,Gowin FPGA,613,513,-409
noise,Gowin FPGA,614,-61,28
noise,Gowin FPGA,615,-1206,-229
noise,Gowin FPGA,616,156,123
noise,Gowin FPGA,617,-600,176
noise,Gowin FPGA,618,550,147
noise,Gowin FPGA,619,-207,526
noise,Gowin FPGA,620,106,1
noise,Gowin FPGA,621,620,1248
noise,Gowin FPGA,622,217,853
noise,Gowin FPGA,623,126,-393
noise,Gowin FPGA,624,-64,-620
noise,Gowin FPGA,625,-488,835
noise,Gowin FPGA,626,-417,386
noise,Gowin FPGA,627,-416,-207
noise,Gowin FPGA,628,523,-50
noise,Gowin FPGA,629,376,-35
noise,Gowin FPGA,630,-152,400
noise,Gowin FPGA,631,-727,-338
noise,Gowin FPGA,632,-254,-1004
noise,Gowin FPGA,633,144,67
noise,Gowin FPGA,634,-440,-148
noise,Gowin FPGA,635,-681,334
noise,Gowin FPGA,636,-209,314
noise,Gowin FPGA,637,353,-479
noise,Gowin FPGA,638,-3,-279
noise,Gowin FPGA,639,-56,178
noise,Gowin FPGA,640,-132,288
noise,Gowin FPGA,641,-116,-212
noise,Gowin FPGA,642,64,-309
noise,Gowin FPGA,643,387,-562
noise,Gowin FPGA,644,624,-248
noise,Gowin FPGA,645,350,-161
noise,Gowin FPGA,646,192,-51
noise,Gowin FPGA,647,-219,-576
noise,Gowin FPGA,648,141,33
noise,Gowin FPGA,649,240,190
noise,Gowin FPGA,650,-243,12
noise,Gowin FPGA,651,-332,-478
noise,Gowin FPGA,652,322,-54
noise,Gowin FPGA,653,307,-47
noise,Gowin FPGA,654,56,-86
noise,Gowin FPGA,655,175,-13
noise,Gowin FPGA,656,266,-292
noise,Gowin FPGA,657,16,258
noise,Gowin FPGA,658,-181,491
noise,Gowin FPGA,659,141,-224
noise,Gowin FPGA,660,-771,79
noise,Gowin FPGA,661,307,394
noise,Gowin FPGA,662,255,-145
noise,Gowin FPGA,663,-397,29
noise,Gowin FPGA,664,-143,-545
noise,Gowin FPGA,665,-172,-102
noise,Gowin FPGA,666,-44,134
noise,Gowin FPGA,667,174,587
noise,Gowin FPGA,668,249,826
noise,Gowin FPGA,669,-1185,-259
noise,Gowin FPGA,670,687,48
noise,Gowin FPGA,671,-515,265
noise,Gowin FPGA,672,-656,-76
noise,Gowin FPGA,673,127,-717
noise,Gowin FPGA,674,75,-242
noise,Gowin FPGA,675,592,-10
noise,Gowin FPGA,676,590,168
noise,Gowin FPGA,677,1028,729
noise,Gowin FPGA,678,453,-58
noise,Gowin FPGA,679,527,1077
noise,Gowin FPGA,680,-286,128
noise,Gowin FPGA,681,582,-764
noise,Gowin FPGA,682,-621,-838
noise,Gowin FPGA,683,-170,186
noise,Gowin FPGA,684,-339,-372
noise,Gowin FPGA,685,409,-164
noise,Gowin FPGA,686,-481,724
noise,Gowin FPGA,687,322,494
noise,Gowin FPGA,688,-427,482
noise,Gowin FPGA,689,-11,170
noise,Gowin FPGA,690,195,-176
noise,Gowin FPGA,691,96,9
noise,Gowin FPGA,692,-412,-298
noise,Gowin FPGA,693,-39,151
noise,Gowin FPGA,694,291,666
noise,Gowin FPGA,695,-302,-495
noise,Gowin FPGA,696,-49,613
noise,Gowin FPGA,697,157,737
noise,Gowin FPGA,698,211,-404
noise,Gowin FPGA,699,-668,67
noise,Gowin FPGA,700,1040,855
noise,Gowin FPGA,701,230,352
noise,Gowin FPGA,702,-197,-78
noise,Gowin FPGA,703,328,561
noise,Gowin FPGA,704,-330,-950
noise,Gowin FPGA,705,169,-750
noise,Gowin FPGA,706,-138,622
noise,Gowin FPGA,707,155,476
noise,Gowin FPGA,708,810,-251
noise,Gowin FPGA,709,449,-386
noise,Gowin FPGA,710,-280,-39
noise,Gowin FPGA,711,-459,-350
noise,Gowin FPGA,712,709,-25
noise,Gowin FPGA,713,-235,-30
noise,Gowin FPGA,714,109,91
noise,Gowin FPGA,715,842,-389
noise,Gowin FPGA,716,223,455
noise,Gowin FPGA,717,562,-515
noise,Gowin FPGA,718,-109,414
noise,Gowin FPGA,719,7,513
noise,Gowin FPGA,720,493,147
noise,Gowin FPGA,721,240,233
noise,Gowin FPGA,722,298,434
noise,Gowin FPGA,723,-547,-227
noise,Gowin FPGA,724,248,146
noise,Gowin FPGA,725,-52,40
noise,Gowin FPGA,726,570,-924
noise,Gowin FPGA,727,132,-171
noise,Gowin FPGA,728,385,34
noise,Gowin FPGA,729,-19,-360
noise,Gowin FPGA,730,-266,172
noise,Gowin FPGA,731,244,231
noise,Gowin FPGA,732,-173,-849
noise,Gowin FPGA,733,-271,-60
noise,Gowin FPGA,734,31,-179
noise,Gowin FPGA,735,528,452
noise,Gowin FPGA,736,-77,-570
noise,Gowin FPGA,737,-637,-349
noise,Gowin FPGA,738,77,-206
noise,Gowin FPGA,739,-362,-556
noise,Gowin FPGA,740,-67,-283
noise,Gowin FPGA,741,-279,166
noise,Gowin FPGA,742,-256,-292
noise,Gowin FPGA,743,194,65
noise,Gowin FPGA,744,-388,-304
noise,Gowin FPGA,745,75,-194
noise,Gowin FPGA,746,236,-370
noise,Gowin FPGA,747,282,156
noise,Gowin FPGA,748,-238,-18
noise,Gowin FPGA,749,-623,190
noise,Gowin FPGA,750,180,-275
noise,Gowin FPGA,751,-315,345
noise,Gowin FPGA,752,-18,-609
noise,Gowin FPGA,753,223,295
noise,Gowin FPGA,754,-304,66
noise,Gowin FPGA,755,-946,-169
noise,Gowin FPGA,756,-694,-322
noise,Gowin FPGA,757,606,322
noise,Gowin FPGA,758,-702,630
noise,Gowin FPGA,759,-656,-869
noise,Gowin FPGA,760,-261,624
noise,Gowin FPGA,761,561,-182
noise,Gowin FPGA,762,-261,1182
noise,Gowin FPGA,763,-226,368
noise,Gowin FPGA,764,412,-459
noise,Gowin FPGA,765,433,-719
noise,Gowin FPGA,766,-1008,5
noise,Gowin FPGA,767,203,21
noise,Gowin FPGA,768,-608,-323
noise,Gowin FPGA,769,290,448
noise,Gowin FPGA,770,-221,-681
noise,Gowin FPGA,771,66,-346
noise,Gowin FPGA,772,-20,-130
noise,Gowin FPGA,773,-181,878
noise,Gowin FPGA,774,-535,-197
noise,Gowin FPGA,775,127,-1160
noise,Gowin FPGA,776,51,-473
noise,Gowin FPGA,777,165,-159
noise,Gowin FPGA,778,-204,-501
noise,Gowin FPGA,779,144,108
noise,Gowin FPGA,780,-699,-482
noise,Gowin FPGA,781,-7,738
noise,Gowin FPGA,782,-551,483
noise,Gowin FPGA,783,286,51
noise,Gowin FPGA,784,-450,-344
noise,Gowin FPGA,785,-1002,275
noise,Gowin FPGA,786,-299,-32
noise,Gowin FPGA,787,-58,-1185
noise,Gowin FPGA,788,397,222
noise,Gowin FPGA,789,321,-1193
noise,Gowin FPGA,790,-177,9
noise,Gowin FPGA,791,-523,16
noise,Gowin FPGA,792,-171,679
noise,Gowin FPGA,793,825,291
noise,Gowin FPGA,794,779,-644
noise,Gowin FPGA,795,218,424
noise,Gowin FPGA,796,32,138
noise,Gowin FPGA,797,428,-228
noise,Gowin FPGA,798,526,492
noise,Gowin FPGA,799,-607,77
noise,Gowin FPGA,800,-358,-205
noise,Gowin FPGA,801,-185,276
noise,Gowin FPGA,802,-900,-158
noise,Gowin FPGA,803,-105,1100
noise,Gowin FPGA,804,451,6
noise,Gowin FPGA,805,292,184
noise,Gowin FPGA,806,-975,432
noise,Gowin FPGA,807,-127,-277
noise,Gowin FPGA,808,-477,-195
noise,Gowin FPGA,809,-453,705
noise,Gowin FPGA,810,-536,-167
noise,Gowin FPGA,811,-250,80
noise,Gowin FPGA,812,-259,-48
noise,Gowin FPGA,813,-820,135
noise,Gowin FPGA,814,-456,-295
noise,Gowin FPGA,815,-745,346
noise,Gowin FPGA,816,316,325
noise,Gowin FPGA,817,-641,543
noise,Gowin FPGA,818,27,-404
noise,Gowin FPGA,819,-344,675
noise,Gowin FPGA,820,422,-814
noise,Gowin FPGA,821,-42,-674
noise,Gowin FPGA,822,-146,739
noise,Gowin FPGA,823,121,233
noise,Gowin FPGA,824,67,153
noise,Gowin FPGA,825,43,225
noise,Gowin FPGA,826,95,-198
noise,Gowin FPGA,827,8,-330
noise,Gowin FPGA,828,858,550
noise,Gowin FPGA,829,-142,146
noise,Gowin FPGA,830,-494,730
noise,Gowin FPGA,831,52,375
noise,Gowin FPGA,832,-181,249
noise,Gowin FPGA,833,-129,-126
noise,Gowin FPGA,834,962,546
noise,Gowin FPGA,835,497,-308
noise,Gowin FPGA,836,-145,95
noise,Gowin FPGA,837,-236,-725
noise,Gowin FPGA,838,337,-251
noise,Gowin FPGA,839,-535,570
noise,Gowin FPGA,840,366,-763
noise,Gowin FPGA,841,-644,-503
noise,Gowin FPGA,842,-476,-266
noise,Gowin FPGA,843,-270,252
noise,Gowin FPGA,844,-931,-8
noise,Gowin FPGA,845,-541,-125
noise,Gowin FPGA,846,240,150
noise,Gowin FPGA,847,138,-268
noise,Gowin FPGA,848,277,175
noise,Gowin FPGA,849,-142,227
noise,Gowin FPGA,850,275,18
noise,Gowin FPGA,851,-238,210
noise,Gowin FPGA,852,557,-509
noise,Gowin FPGA,853,-298,-353
noise,Gowin FPGA,854,380,-150
noise,Gowin FPGA,855,558,-10
noise,Gowin FPGA,856,-210,-79
noise,Gowin FPGA,857,-230,272
noise,Gowin FPGA,858,179,-114
noise,Gowin FPGA,859,-254,723
noise,Gowin FPGA,860,-193,-206
noise,Gowin FPGA,861,-65,235
noise,Gowin FPGA,862,75,-202
noise,Gowin FPGA,863,173,228
noise,Gowin FPGA,864,-191,283
noise,Gowin FPGA,865,499,-75
noise,Gowin FPGA,866,-734,-260
noise,Gowin FPGA,867,-279,546
noise,Gowin FPGA,868,242,304
noise,Gowin FPGA,869,-65,-33
noise,Gowin FPGA,870,-301,-4
noise,Gowin FPGA,871,-4,422
noise,Gowin FPGA,872,381,239
noise,Gowin FPGA,873,156,158
noise,Gowin FPGA,874,261,392
noise,Gowin FPGA,875,-65,-573
noise,Gowin FPGA,876,65,202
noise,Gowin FPGA,877,26,-130
noise,Gowin FPGA,878,-245,-479
noise,Gowin FPGA,879,31,210
noise,Gowin FPGA,880,-593,296
noise,Gowin FPGA,881,583,-80
noise,Gowin FPGA,882,-264,24
noise,Gowin FPGA,883,96,262
noise,Gowin FPGA,884,-64,-329
noise,Gowin FPGA,885,-662,-432
noise,Gowin FPGA,886,148,458
noise,Gowin FPGA,887,-415,-849
noise,Gowin FPGA,888,170,384
noise,Gowin FPGA,889,625,-243
noise,Gowin FPGA,890,628,-270
noise,Gowin FPGA,891,311,-414
noise,Gowin FPGA,892,38,-39
noise,Gowin FPGA,893,595,-829
noise,Gowin FPGA,894,154,326
noise,Gowin FPGA,895,275,-351
noise,Gowin FPGA,896,-305,265
noise,Gowin FPGA,897,264,376
noise,Gowin FPGA,898,16,482
noise,Gowin FPGA,899,522,-222
noise,Gowin FPGA,900,-55,52
noise,Gowin FPGA,901,-349,-601
noise,Gowin FPGA,902,598,-259
noise,Gowin FPGA,903,-168,35
noise,Gowin FPGA,904,552,416
noise,Gowin FPGA,905,-334,424
noise,Gowin FPGA,906,412,-459
noise,Gowin FPGA,907,-303,-301
noise,Gowin FPGA,908,118,-664
noise,Gowin FPGA,909,-261,769
noise,Gowin FPGA,910,-560,184
noise,Gowin FPGA,911,32,-100
noise,Gowin FPGA,912,548,389
noise,Gowin FPGA,913,615,204
noise,Gowin FPGA,914,-289,405
noise,Gowin FPGA,915,-37,-62
noise,Gowin FPGA,916,-284,-41
noise,Gowin FPGA,917,82,718
noise,Gowin FPGA,918,-719,521
noise,Gowin FPGA,919,-179,-16
noise,Gowin FPGA,920,-167,-246
noise,Gowin FPGA,921,-398,-1360
noise,Gowin FPGA,922,-128,-68
noise,Gowin FPGA,923,-84,717
noise,Gowin FPGA,924,-446,-162
noise,Gowin FPGA,925,462,98
noise,Gowin FPGA,926,-117,-554
noise,Gowin FPGA,927,793,-487
noise,Gowin FPGA,928,502,-32
noise,Gowin FPGA,929,284,-301
noise,Gowin FPGA,930,-65,104
noise,Gowin FPGA,931,-125,596
noise,Gowin FPGA,932,-430,753
noise,Gowin FPGA,933,831,873
noise,Gowin FPGA,934,197,-81
noise,Gowin FPGA,935,168,-101
noise,Gowin FPGA,936,505,-781
noise,Gowin FPGA,937,168,-216
noise,Gowin FPGA,938,1309,192
noise,Gowin FPGA,939,18,-84
noise,Gowin FPGA,940,-679,-261
noise,Gowin FPGA,941,-63,-304
noise,Gowin FPGA,942,519,-9
noise,Gowin FPGA,943,52,108
noise,Gowin FPGA,944,962,-194
noise,Gowin FPGA,945,-115,134
noise,Gowin FPGA,946,235,335
noise,Gowin FPGA,947,-375,-23
noise,Gowin FPGA,948,-317,-362
noise,Gowin FPGA,949,-430,271
noise,Gowin FPGA,950,-506,-577
noise,Gowin FPGA,951,788,528
noise,Gowin FPGA,952,-424,-11
noise,Gowin FPGA,953,140,-44
noise,Gowin FPGA,954,113,-341
noise,Gowin FPGA,955,-112,629
noise,Gowin FPGA,956,-243,234
noise,Gowin FPGA,957,16,101
noise,Gowin FPGA,958,434,-637
noise,Gowin FPGA,959,-93,242
noise,Gowin FPGA,960,-627,1273
noise,Gowin FPGA,961,36,640
noise,Gowin FPGA,962,48,-215
noise,Gowin FPGA,963,-421,578
noise,Gowin FPGA,964,294,263
noise,Gowin FPGA,965,546,80
noise,Gowin FPGA,966,-873,-254
noise,Gowin FPGA,967,200,-410
noise,Gowin FPGA,968,-291,167
noise,Gowin FPGA,969,-84,114
noise,Gowin FPGA,970,177,409
noise,Gowin FPGA,971,-257,-52
noise,Gowin FPGA,972,-465,-138
noise,Gowin FPGA,973,-301,269
noise,Gowin FPGA,974,-200,-155
noise,Gowin FPGA,975,-786,-79
noise,Gowin FPGA,976,341,-519
noise,Gowin FPGA,977,-166,188
noise,Gowin FPGA,978,364,875
noise,Gowin FPGA,979,368,-566
noise,Gowin FPGA,980,-194,-24
noise,Gowin FPGA,981,415,319
noise,Gowin FPGA,982,67,148
noise,Gowin FPGA,983,173,-747
noise,Gowin FPGA,984,-561,217
noise,Gowin FPGA,985,561,-154
noise,Gowin FPGA,986,443,-142
noise,Gowin FPGA,987,298,-10
noise,Gowin FPGA,988,-819,-310
noise,Gowin FPGA,989,363,297
noise,Gowin FPGA,990,-77,-415
noise,Gowin FPGA,991,27,-661
noise,Gowin FPGA,992,-66,-292
noise,Gowin FPGA,993,493,702
noise,Gowin FPGA,994,211,-489
noise,Gowin FPGA,995,42,-138
noise,Gowin FPGA,996,-446,169
noise,Gowin FPGA,997,91,412
noise,Gowin FPGA,998,118,-21
noise,Gowin FPGA,999,-1,204
noise,Gowin FPGA,1000,169,-136
noise,Gowin FPGA,1001,576,308
noise,Gowin FPGA,1002,-229,750
noise,Gowin FPGA,1003,-253,153
noise,Gowin FPGA,1004,-352,669
noise,Gowin FPGA,1005,43,-242
noise,Gowin FPGA,1006,-441,-178
noise,Gowin FPGA,1007,-338,84
noise,Gowin FPGA,1008,-312,-252
noise,Gowin FPGA,1009,877,268
noise,Gowin FPGA,1010,-220,99
noise,Gowin FPGA,1011,355,-768
noise,Gowin FPGA,1012,58,4
noise,Gowin FPGA,1013,-24,-99
noise,Gowin FPGA,1014,251,-129
noise,Gowin FPGA,1015,583,441
noise,Gowin FPGA,1016,-648,235
noise,Gowin FPGA,1017,623,65
noise,Gowin FPGA,1018,-633,-651
noise,Gowin FPGA,1019,-321,-1044
noise,Gowin FPGA,1020,-324,563
noise,Gowin FPGA,1021,200,74
noise,Gowin FPGA,1022,-206,-97
noise,Gowin FPGA,1023,597,464
noise,ESP32 SIMD,0,93,0
noise,ESP32 SIMD,1,584,-468
noise,ESP32 SIMD,2,-213,91
noise,ESP32 SIMD,3,189,-78
noise,ESP32 SIMD,4,-328,-566
noise,ESP32 SIMD,5,-329,1036
noise,ESP32 SIMD,6,-638,646
noise,ESP32 SIMD,7,613,-67
noise,ESP32 SIMD,8,-650,-237
noise,ESP32 SIMD,9,572,-443
noise,ESP32 SIMD,10,243,123
noise,ESP32 SIMD,11,-30,95
noise,ESP32 SIMD,12,51,-8
noise,ESP32 SIMD,13,345,761
noise,ESP32 SIMD,14,-224,-101
noise,ESP32 SIMD,15,865,-269
noise,ESP32 SIMD,16,-315,247
noise,ESP32 SIMD,17,-340,-87
noise,ESP32 SIMD,18,-442,174
noise,ESP32 SIMD,19,37,239
noise,ESP32 SIMD,20,-356,-669
noise,ESP32 SIMD,21,-256,-155
noise,ESP32 SIMD,22,-231,-752
noise,ESP32 SIMD,23,566,-308
noise,ESP32 SIMD,24,164,132
noise,ESP32 SIMD,25,-8,-204
noise,ESP32 SIMD,26,112,18
noise,ESP32 SIMD,27,85,-412
noise,ESP32 SIMD,28,-449,-171
noise,ESP32 SIMD,29,34,134
noise,ESP32 SIMD,30,203,486
noise,ESP32 SIMD,31,484,-702
noise,ESP32 SIMD,32,-68,287
noise,ESP32 SIMD,33,19,654
noise,ESP32 SIMD,34,-82,407
noise,ESP32 SIMD,35,357,-299
noise,ESP32 SIMD,36,-822,305
noise,ESP32 SIMD,37,291,6
noise,ESP32 SIMD,38,434,138
noise,ESP32 SIMD,39,551,149
noise,ESP32 SIMD,40,-563,-218
noise,ESP32 SIMD,41,166,742
noise,ESP32 SIMD,42,61,-149
noise,ESP32 SIMD,43,408,-319
noise,ESP32 SIMD,44,-197,18
noise,ESP32 SIMD,45,362,560
noise,ESP32 SIMD,46,357,-872
noise,ESP32 SIMD,47,-169,-188
noise,ESP32 SIMD,48,335,511
noise,ESP32 SIMD,49,-787,75
noise,ESP32 SIMD,50,-201,152
noise,ESP32 SIMD,51,-306,-269
noise,ESP32 SIMD,52,-469,136
noise,ESP32 SIMD,53,-260,50
noise,ESP32 SIMD,54,170,-410
noise,ESP32 SIMD,55,-87,-115
noise,ESP32 SIMD,56,-293,-166
noise,ESP32 SIMD,57,194,409
noise,ESP32 SIMD,58,-872,249
noise,ESP32 SIMD,59,538,-81
noise,ESP32 SIMD,60,288,-263
noise,ESP32 SIMD,61,-423,-576
noise,ESP32 SIMD,62,43,213
noise,ESP32 SIMD,63,32,-638
noise,ESP32 SIMD,64,-627,-1271
noise,ESP32 SIMD,65,-93,-242
noise,ESP32 SIMD,66,426,633
noise,ESP32 SIMD,67,13,-103
noise,ESP32 SIMD,68,-244,-236
noise,ESP32 SIMD,69,-114,-626
noise,ESP32 SIMD,70,108,337
noise,ESP32 SIMD,71,136,41
noise,ESP32 SIMD,72,-426,8
noise,ESP32 SIMD,73,781,-527
noise,ESP32 SIMD,74,-508,572
noise,ESP32 SIMD,75,-433,-273
noise,ESP32 SIMD,76,-318,356
noise,ESP32 SIMD,77,-376,18
noise,ESP32 SIMD,78,230,-335
noise,ESP32 SIMD,79,-119,-135
noise,ESP32 SIMD,80,954,190
noise,ESP32 SIMD,81,48,-107
noise,ESP32 SIMD,82,510,5
noise,ESP32 SIMD,83,-66,299
noise,ESP32 SIMD,84,-680,258
noise,ESP32 SIMD,85,14,81
noise,ESP32 SIMD,86,1300,-192
noise,ESP32 SIMD,87,163,213
noise,ESP32 SIMD,88,499,776
noise,ESP32 SIMD,89,162,98
noise,ESP32 SIMD,90,192,80
noise,ESP32 SIMD,91,824,-873
noise,ESP32 SIMD,92,-433,-750
noise,ESP32 SIMD,93,-127,-594
noise,ESP32 SIMD,94,-68,-103
noise,ESP32 SIMD,95,278,295
noise,ESP32 SIMD,96,496,30
noise,ESP32 SIMD,97,784,483
noise,ESP32 SIMD,98,-120,548
noise,ESP32 SIMD,99,455,-99
noise,ESP32 SIMD,100,-448,160
noise,ESP32 SIMD,101,-86,-715
noise,ESP32 SIMD,102,-131,66
noise,ESP32 SIMD,103,-398,1353
noise,ESP32 SIMD,104,-169,243
noise,ESP32 SIMD,105,-182,12
noise,ESP32 SIMD,106,-719,-520
noise,ESP32 SIMD,107,78,-715
noise,ESP32 SIMD,108,-286,39
noise,ESP32 SIMD,109,-41,59
noise,ESP32 SIMD,110,-290,-404
noise,ESP32 SIMD,111,606,-205
noise,ESP32 SIMD,112,541,-389
noise,ESP32 SIMD,113,29,99
noise,ESP32 SIMD,114,-561,-184
noise,ESP32 SIMD,115,-263,-765
noise,ESP32 SIMD,116,113,658
noise,ESP32 SIMD,117,-305,297
noise,ESP32 SIMD,118,403,456
noise,ESP32 SIMD,119,-338,-424
noise,ESP32 SIMD,120,546,-416
noise,ESP32 SIMD,121,-169,-34
noise,ESP32 SIMD,122,590,259
noise,ESP32 SIMD,123,-348,596
noise,ESP32 SIMD,124,-59,-52
noise,ESP32 SIMD,125,517,220
noise,ESP32 SIMD,126,11,-479
noise,ESP32 SIMD,127,258,-374
noise,ESP32 SIMD,128,-305,-266
noise,ESP32 SIMD,129,270,346
noise,ESP32 SIMD,130,151,-326
noise,ESP32 SIMD,131,590,822
noise,ESP32 SIMD,132,35,37
noise,ESP32 SIMD,133,308,408
noise,ESP32 SIMD,134,622,266
noise,ESP32 SIMD,135,619,241
noise,ESP32 SIMD,136,165,-384
noise,ESP32 SIMD,137,-416,842
noise,ESP32 SIMD,138,144,-456
noise,ESP32 SIMD,139,-661,428
noise,ESP32 SIMD,140,-66,325
noise,ESP32 SIMD,141,93,-262
noise,ESP32 SIMD,142,-264,-25
noise,ESP32 SIMD,143,576,74
noise,ESP32 SIMD,144,-591,-298
noise,ESP32 SIMD,145,27,-212
noise,ESP32 SIMD,146,-246,473
noise,ESP32 SIMD,147,22,126
noise,ESP32 SIMD,148,60,-200
noise,ESP32 SIMD,149,-66,566
noise,ESP32 SIMD,150,257,-391
noise,ESP32 SIMD,151,152,-159
noise,ESP32 SIMD,152,374,-239
noise,ESP32 SIMD,153,-7,-421
noise,ESP32 SIMD,154,-299,3
noise,ESP32 SIMD,155,-65,30
noise,ESP32 SIMD,156,239,-303
noise,ESP32 SIMD,157,-278,-544
noise,ESP32 SIMD,158,-734,255
noise,ESP32 SIMD,159,494,74
noise,ESP32 SIMD,160,-194,-283
noise,ESP32 SIMD,161,169,-230
noise,ESP32 SIMD,162,71,197
noise,ESP32 SIMD,163,-69,-235
noise,ESP32 SIMD,164,-195,203
noise,ESP32 SIMD,165,-256,-722
noise,ESP32 SIMD,166,175,108
noise,ESP32 SIMD,167,-232,-271
noise,ESP32 SIMD,168,-213,75
noise,ESP32 SIMD,169,552,7
noise,ESP32 SIMD,170,375,147
noise,ESP32 SIMD,171,-299,348
noise,ESP32 SIMD,172,551,503
noise,ESP32 SIMD,173,-239,-210
noise,ESP32 SIMD,174,271,-18
noise,ESP32 SIMD,175,-145,-227
noise,ESP32 SIMD,176,272,-176
noise,ESP32 SIMD,177,132,265
noise,ESP32 SIMD,178,234,-150
noise,ESP32 SIMD,179,-539,120
noise,ESP32 SIMD,180,-932,8
noise,ESP32 SIMD,181,-271,-251
noise,ESP32 SIMD,182,-474,264
noise,ESP32 SIMD,183,-644,500
noise,ESP32 SIMD,184,361,758
noise,ESP32 SIMD,185,-535,-568
noise,ESP32 SIMD,186,333,249
noise,ESP32 SIMD,187,-239,722
noise,ESP32 SIMD,188,-145,-96
noise,ESP32 SIMD,189,490,302
noise,ESP32 SIMD,190,955,-546
noise,ESP32 SIMD,191,-130,123
noise,ESP32 SIMD,192,-181,-249
noise,ESP32 SIMD,193,48,-376
noise,ESP32 SIMD,194,-491,-729
noise,ESP32 SIMD,195,-143,-144
noise,ESP32 SIMD,196,853,-549
noise,ESP32 SIMD,197,5,328
noise,ESP32 SIMD,198,90,194
noise,ESP32 SIMD,199,42,-225
noise,ESP32 SIMD,200,65,-152
noise,ESP32 SIMD,201,117,-233
noise,ESP32 SIMD,202,-148,-737
noise,ESP32 SIMD,203,-46,668
noise,ESP32 SIMD,204,417,808
noise,ESP32 SIMD,205,-347,-674
noise,ESP32 SIMD,206,24,402
noise,ESP32 SIMD,207,-640,-541
noise,ESP32 SIMD,208,312,-324
noise,ESP32 SIMD,209,-743,-343
noise,ESP32 SIMD,210,-456,293
noise,ESP32 SIMD,211,-818,-137
noise,ESP32 SIMD,212,-259,46
noise,ESP32 SIMD,213,-248,-78
noise,ESP32 SIMD,214,-536,164
noise,ESP32 SIMD,215,-451,-701
noise,ESP32 SIMD,216,-476,191
noise,ESP32 SIMD,217,-126,274
noise,ESP32 SIMD,218,-973,-430
noise,ESP32 SIMD,219,289,-184
noise,ESP32 SIMD,220,444,-7
noise,ESP32 SIMD,221,-108,-1098
noise,ESP32 SIMD,222,-899,155
noise,ESP32 SIMD,223,-186,-276
noise,ESP32 SIMD,224,-358,202
noise,ESP32 SIMD,225,-608,-77
noise,ESP32 SIMD,226,520,-489
noise,ESP32 SIMD,227,423,226
noise,ESP32 SIMD,228,28,-139
noise,ESP32 SIMD,229,214,-422
noise,ESP32 SIMD,230,772,640
noise,ESP32 SIMD,231,819,-290
noise,ESP32 SIMD,232,-171,-677
noise,ESP32 SIMD,233,-523,-17
noise,ESP32 SIMD,234,-178,-10
noise,ESP32 SIMD,235,314,1188
noise,ESP32 SIMD,236,392,-220
noise,ESP32 SIMD,237,-61,1177
noise,ESP32 SIMD,238,-298,31
noise,ESP32 SIMD,239,-999,-276
noise,ESP32 SIMD,240,-448,340
noise,ESP32 SIMD,241,282,-52
noise,ESP32 SIMD,242,-548,-481
noise,ESP32 SIMD,243,-10,-735
noise,ESP32 SIMD,244,-697,476
noise,ESP32 SIMD,245,141,-108
noise,ESP32 SIMD,246,-204,498
noise,ESP32 SIMD,247,162,157
noise,ESP32 SIMD,248,48,470
noise,ESP32 SIMD,249,124,1152
noise,ESP32 SIMD,250,-533,195
noise,ESP32 SIMD,251,-181,-875
noise,ESP32 SIMD,252,-21,128
noise,ESP32 SIMD,253,64,347
noise,ESP32 SIMD,254,-221,677
noise,ESP32 SIMD,255,285,-446
noise,ESP32 SIMD,256,-606,321
noise,ESP32 SIMD,257,200,-22
noise,ESP32 SIMD,258,-1005,-6
noise,ESP32 SIMD,259,430,712
noise,ESP32 SIMD,260,409,454
noise,ESP32 SIMD,261,-225,-368
noise,ESP32 SIMD,262,-263,-1181
noise,ESP32 SIMD,263,558,180
noise,ESP32 SIMD,264,-257,-623
noise,ESP32 SIMD,265,-653,864
noise,ESP32 SIMD,266,-698,-629
noise,ESP32 SIMD,267,602,-320
noise,ESP32 SIMD,268,-693,320
noise,ESP32 SIMD,269,-940,166
noise,ESP32 SIMD,270,-304,-67
noise,ESP32 SIMD,271,220,-295
noise,ESP32 SIMD,272,-19,603
noise,ESP32 SIMD,273,-317,-345
noise,ESP32 SIMD,274,178,271
noise,ESP32 SIMD,275,-623,-191
noise,ESP32 SIMD,276,-241,16
noise,ESP32 SIMD,277,279,-157
noise,ESP32 SIMD,278,232,365
noise,ESP32 SIMD,279,72,191
noise,ESP32 SIMD,280,-387,300
noise,ESP32 SIMD,281,191,-64
noise,ESP32 SIMD,282,-255,289
noise,ESP32 SIMD,283,-278,-166
noise,ESP32 SIMD,284,-65,278
noise,ESP32 SIMD,285,-362,552
noise,ESP32 SIMD,286,75,200
noise,ESP32 SIMD,287,-634,346
noise,ESP32 SIMD,288,-79,566
noise,ESP32 SIMD,289,524,-451
noise,ESP32 SIMD,290,30,175
noise,ESP32 SIMD,291,-271,58
noise,ESP32 SIMD,292,-172,844
noise,ESP32 SIMD,293,241,-231
noise,ESP32 SIMD,294,-265,-172
noise,ESP32 SIMD,295,-19,357
noise,ESP32 SIMD,296,382,-37
noise,ESP32 SIMD,297,131,169
noise,ESP32 SIMD,298,566,919
noise,ESP32 SIMD,299,-53,-41
noise,ESP32 SIMD,300,245,-147
noise,ESP32 SIMD,301,-544,223
noise,ESP32 SIMD,302,295,-432
noise,ESP32 SIMD,303,237,-235
noise,ESP32 SIMD,304,488,-147
noise,ESP32 SIMD,305,6,-513
noise,ESP32 SIMD,306,-107,-413
noise,ESP32 SIMD,307,558,510
noise,ESP32 SIMD,308,223,-455
noise,ESP32 SIMD,309,834,386
noise,ESP32 SIMD,310,106,-91
noise,ESP32 SIMD,311,-234,29
noise,ESP32 SIMD,312,704,20
noise,ESP32 SIMD,313,-457,345
noise,ESP32 SIMD,314,-279,39
noise,ESP32 SIMD,315,444,380
noise,ESP32 SIMD,316,807,249
noise,ESP32 SIMD,317,150,-475
noise,ESP32 SIMD,318,-137,-621
noise,ESP32 SIMD,319,166,744
noise,ESP32 SIMD,320,-331,946
noise,ESP32 SIMD,321,323,-560
noise,ESP32 SIMD,322,-198,78
noise,ESP32 SIMD,323,227,-352
noise,ESP32 SIMD,324,1034,-852
noise,ESP32 SIMD,325,-664,-69
noise,ESP32 SIMD,326,208,400
noise,ESP32 SIMD,327,156,-734
noise,ESP32 SIMD,328,-49,-612
noise,ESP32 SIMD,329,-299,491
noise,ESP32 SIMD,330,289,-664
noise,ESP32 SIMD,331,-40,-152
noise,ESP32 SIMD,332,-412,292
noise,ESP32 SIMD,333,93,-10
noise,ESP32 SIMD,334,191,172
noise,ESP32 SIMD,335,-13,-170
noise,ESP32 SIMD,336,-427,-482
noise,ESP32 SIMD,337,317,-493
noise,ESP32 SIMD,338,-479,-723
noise,ESP32 SIMD,339,404,160
noise,ESP32 SIMD,340,-341,368
noise,ESP32 SIMD,341,-168,-186
noise,ESP32 SIMD,342,-620,831
noise,ESP32 SIMD,343,578,757
noise,ESP32 SIMD,344,-284,-129
noise,ESP32 SIMD,345,521,-1075
noise,ESP32 SIMD,346,448,55
noise,ESP32 SIMD,347,1024,-729
noise,ESP32 SIMD,348,586,-168
noise,ESP32 SIMD,349,587,7
noise,ESP32 SIMD,350,72,237
noise,ESP32 SIMD,351,125,710
noise,ESP32 SIMD,352,-653,73
noise,ESP32 SIMD,353,-513,-264
noise,ESP32 SIMD,354,683,-49
noise,ESP32 SIMD,355,-1182,257
noise,ESP32 SIMD,356,246,-823
noise,ESP32 SIMD,357,171,-585
noise,ESP32 SIMD,358,-44,-135
noise,ESP32 SIMD,359,-171,101
noise,ESP32 SIMD,360,-143,541
noise,ESP32 SIMD,361,-396,-33
noise,ESP32 SIMD,362,252,141
noise,ESP32 SIMD,363,303,-394
noise,ESP32 SIMD,364,-768,-80
noise,ESP32 SIMD,365,139,222
noise,ESP32 SIMD,366,-180,-489
noise,ESP32 SIMD,367,13,-257
noise,ESP32 SIMD,368,260,290
noise,ESP32 SIMD,369,172,11
noise,ESP32 SIMD,370,53,81
noise,ESP32 SIMD,371,302,46
noise,ESP32 SIMD,372,319,51
noise,ESP32 SIMD,373,-333,474
noise,ESP32 SIMD,374,-242,-13
noise,ESP32 SIMD,375,236,-191
noise,ESP32 SIMD,376,138,-31
noise,ESP32 SIMD,377,-220,573
noise,ESP32 SIMD,378,187,51
noise,ESP32 SIMD,379,346,158
noise,ESP32 SIMD,380,618,245
noise,ESP32 SIMD,381,383,559
noise,ESP32 SIMD,382,61,304
noise,ESP32 SIMD,383,-116,209
noise,ESP32 SIMD,384,-132,-287
noise,ESP32 SIMD,385,-57,-179
noise,ESP32 SIMD,386,-3,276
noise,ESP32 SIMD,387,351,472
noise,ESP32 SIMD,388,-208,-314
noise,ESP32 SIMD,389,-679,-333
noise,ESP32 SIMD,390,-440,145
noise,ESP32 SIMD,391,140,-67
noise,ESP32 SIMD,392,-253,997
noise,ESP32 SIMD,393,-725,334
noise,ESP32 SIMD,394,-150,-400
noise,ESP32 SIMD,395,373,33
noise,ESP32 SIMD,396,518,46
noise,ESP32 SIMD,397,-414,206
noise,ESP32 SIMD,398,-416,-383
noise,ESP32 SIMD,399,-489,-832
noise,ESP32 SIMD,400,-66,617
noise,ESP32 SIMD,401,125,388
noise,ESP32 SIMD,402,215,-851
noise,ESP32 SIMD,403,615,-1245
noise,ESP32 SIMD,404,105,-2
noise,ESP32 SIMD,405,-207,-524
noise,ESP32 SIMD,406,546,-149
noise,ESP32 SIMD,407,-596,-177
noise,ESP32 SIMD,408,153,-123
noise,ESP32 SIMD,409,-1203,226
noise,ESP32 SIMD,410,-61,-29
noise,ESP32 SIMD,411,509,407
noise,ESP32 SIMD,412,-116,-133
noise,ESP32 SIMD,413,54,-55
noise,ESP32 SIMD,414,-332,66
noise,ESP32 SIMD,415,89,0
noise,ESP32 SIMD,416,223,60
noise,ESP32 SIMD,417,601,-155
noise,ESP32 SIMD,418,73,144
noise,ESP32 SIMD,419,510,-40
noise,ESP32 SIMD,420,-521,-91
noise,ESP32 SIMD,421,999,-908
noise,ESP32 SIMD,422,149,-317
noise,ESP32 SIMD,423,-177,-1017
noise,ESP32 SIMD,424,641,366
noise,ESP32 SIMD,425,331,-19
noise,ESP32 SIMD,426,443,-38
noise,ESP32 SIMD,427,175,-470
noise,ESP32 SIMD,428,-689,303
noise,ESP32 SIMD,429,201,46
noise,ESP32 SIMD,430,141,-731
noise,ESP32 SIMD,431,110,223
noise,ESP32 SIMD,432,-470,-339
noise,ESP32 SIMD,433,-226,-462
noise,ESP32 SIMD,434,387,375
noise,ESP32 SIMD,435,151,-88
noise,ESP32 SIMD,436,-117,364
noise,ESP32 SIMD,437,112,-674
noise,ESP32 SIMD,438,16,-145
noise,ESP32 SIMD,439,70,-247
noise,ESP32 SIMD,440,-398,287
noise,ESP32 SIMD,441,-493,394
noise,ESP32 SIMD,442,-432,-156
noise,ESP32 SIMD,443,16,1105
noise,ESP32 SIMD,444,221,-517
noise,ESP32 SIMD,445,360,201
noise,ESP32 SIMD,446,171,-233
noise,ESP32 SIMD,447,-780,-367
noise,ESP32 SIMD,448,-112,115
noise,ESP32 SIMD,449,-436,53
noise,ESP32 SIMD,450,515,544
noise,ESP32 SIMD,451,-295,377
noise,ESP32 SIMD,452,-218,765
noise,ESP32 SIMD,453,59,-75
noise,ESP32 SIMD,454,188,-411
noise,ESP32 SIMD,455,-208,453
noise,ESP32 SIMD,456,893,467
noise,ESP32 SIMD,457,-369,310
noise,ESP32 SIMD,458,105,-750
noise,ESP32 SIMD,459,504,-168
noise,ESP32 SIMD,460,-689,-566
noise,ESP32 SIMD,461,124,-807
noise,ESP32 SIMD,462,-121,288
noise,ESP32 SIMD,463,430,-812
noise,ESP32 SIMD,464,379,-11
noise,ESP32 SIMD,465,-198,-250
noise,ESP32 SIMD,466,-335,-270
noise,ESP32 SIMD,467,-670,66
noise,ESP32 SIMD,468,173,-234
noise,ESP32 SIMD,469,83,363
noise,ESP32 SIMD,470,559,-12
noise,ESP32 SIMD,471,-310,18
noise,ESP32 SIMD,472,76,416
noise,ESP32 SIMD,473,-67,68
noise,ESP32 SIMD,474,69,-530
noise,ESP32 SIMD,475,371,509
noise,ESP32 SIMD,476,961,94
noise,ESP32 SIMD,477,-927,231
noise,ESP32 SIMD,478,-310,278
noise,ESP32 SIMD,479,211,-292
noise,ESP32 SIMD,480,-167,269
noise,ESP32 SIMD,481,24,-1143
noise,ESP32 SIMD,482,-307,-24
noise,ESP32 SIMD,483,877,390
noise,ESP32 SIMD,484,-436,365
noise,ESP32 SIMD,485,-318,-669
noise,ESP32 SIMD,486,-387,-593
noise,ESP32 SIMD,487,-170,-455
noise,ESP32 SIMD,488,-291,154
noise,ESP32 SIMD,489,345,-788
noise,ESP32 SIMD,490,-150,-856
noise,ESP32 SIMD,491,60,20
noise,ESP32 SIMD,492,-404,-869
noise,ESP32 SIMD,493,28,323
noise,ESP32 SIMD,494,15,208
noise,ESP32 SIMD,495,316,194
noise,ESP32 SIMD,496,459,-303
noise,ESP32 SIMD,497,-87,422
noise,ESP32 SIMD,498,-12,342
noise,ESP32 SIMD,499,-30,-348
noise,ESP32 SIMD,500,-298,233
noise,ESP32 SIMD,501,108,-295
noise,ESP32 SIMD,502,328,-130
noise,ESP32 SIMD,503,353,-253
noise,ESP32 SIMD,504,-314,81
noise,ESP32 SIMD,505,338,-147
noise,ESP32 SIMD,506,576,-758
noise,ESP32 SIMD,507,267,-206
noise,ESP32 SIMD,508,147,294
noise,ESP32 SIMD,509,-70,-315
noise,ESP32 SIMD,510,354,172
noise,ESP32 SIMD,511,-308,79
noise,ESP32 SIMD,512,903,0
noise,ESP32 SIMD,513,-308,-80
noise,ESP32 SIMD,514,355,-173
noise,ESP32 SIMD,515,-69,314
noise,ESP32 SIMD,516,148,-294
noise,ESP32 SIMD,517,267,206
noise,ESP32 SIMD,518,576,756
noise,ESP32 SIMD,519,339,145
noise,ESP32 SIMD,520,-312,-81
noise,ESP32 SIMD,521,354,251
noise,ESP32 SIMD,522,329,127
noise,ESP32 SIMD,523,110,293
noise,ESP32 SIMD,524,-297,-234
noise,ESP32 SIMD,525,-29,345
noise,ESP32 SIMD,526,-10,-341
noise,ESP32 SIMD,527,-87,-423
noise,ESP32 SIMD,528,461,303
noise,ESP32 SIMD,529,318,-195
noise,ESP32 SIMD,530,16,-210
noise,ESP32 SIMD,531,29,-325
noise,ESP32 SIMD,532,-402,869
noise,ESP32 SIMD,533,60,-21
noise,ESP32 SIMD,534,-149,854
noise,ESP32 SIMD,535,346,788
noise,ESP32 SIMD,536,-290,-156
noise,ESP32 SIMD,537,-168,454
noise,ESP32 SIMD,538,-386,592
noise,ESP32 SIMD,539,-317,668
noise,ESP32 SIMD,540,-435,-367
noise,ESP32 SIMD,541,878,-392
noise,ESP32 SIMD,542,-305,22
noise,ESP32 SIMD,543,26,1142
noise,ESP32 SIMD,544,-164,-269
noise,ESP32 SIMD,545,211,292
noise,ESP32 SIMD,546,-310,-279
noise,ESP32 SIMD,547,-925,-233
noise,ESP32 SIMD,548,962,-95
noise,ESP32 SIMD,549,371,-510
noise,ESP32 SIMD,550,70,528
noise,ESP32 SIMD,551,-67,-69
noise,ESP32 SIMD,552,77,-418
noise,ESP32 SIMD,553,-308,-20
noise,ESP32 SIMD,554,559,11
noise,ESP32 SIMD,555,84,-365
noise,ESP32 SIMD,556,173,232
noise,ESP32 SIMD,557,-668,-68
noise,ESP32 SIMD,558,-333,268
noise,ESP32 SIMD,559,-197,248
noise,ESP32 SIMD,560,381,9
noise,ESP32 SIMD,561,431,811
noise,ESP32 SIMD,562,-119,-290
noise,ESP32 SIMD,563,124,805
noise,ESP32 SIMD,564,-687,564
noise,ESP32 SIMD,565,506,166
noise,ESP32 SIMD,566,106,748
noise,ESP32 SIMD,567,-367,-311
noise,ESP32 SIMD,568,895,-470
noise,ESP32 SIMD,569,-208,-455
noise,ESP32 SIMD,570,190,409
noise,ESP32 SIMD,571,60,73
noise,ESP32 SIMD,572,-216,-767
noise,ESP32 SIMD,573,-293,-378
noise,ESP32 SIMD,574,515,-545
noise,ESP32 SIMD,575,-434,-56
noise,ESP32 SIMD,576,-111,-117
noise,ESP32 SIMD,577,-779,366
noise,ESP32 SIMD,578,172,231
noise,ESP32 SIMD,579,361,-203
noise,ESP32 SIMD,580,222,516
noise,ESP32 SIMD,581,18,-1106
noise,ESP32 SIMD,582,-430,155
noise,ESP32 SIMD,583,-492,-395
noise,ESP32 SIMD,584,-396,-288
noise,ESP32 SIMD,585,71,245
noise,ESP32 SIMD,586,18,144
noise,ESP32 SIMD,587,113,673
noise,ESP32 SIMD,588,-116,-364
noise,ESP32 SIMD,589,152,84
noise,ESP32 SIMD,590,388,-375
noise,ESP32 SIMD,591,-225,461
noise,ESP32 SIMD,592,-470,338
noise,ESP32 SIMD,593,112,-225
noise,ESP32 SIMD,594,142,729
noise,ESP32 SIMD,595,202,-47
noise,ESP32 SIMD,596,-688,-304
noise,ESP32 SIMD,597,176,469
noise,ESP32 SIMD,598,444,36
noise,ESP32 SIMD,599,333,17
noise,ESP32 SIMD,600,643,-368
noise,ESP32 SIMD,601,-176,1014
noise,ESP32 SIMD,602,150,316
noise,ESP32 SIMD,603,1000,905
noise,ESP32 SIMD,604,-519,88
noise,ESP32 SIMD,605,511,38
noise,ESP32 SIMD,606,74,-147
noise,ESP32 SIMD,607,602,153
noise,ESP32 SIMD,608,224,-62
noise,ESP32 SIMD,609,90,-1
noise,ESP32 SIMD,610,-330,-68
noise,ESP32 SIMD,611,57,53
noise,ESP32 SIMD,612,-116,132
noise,ESP32 SIMD,613,510,-407
noise,ESP32 SIMD,614,-59,28
noise,ESP32 SIMD,615,-1202,-227
noise,ESP32 SIMD,616,155,121
noise,ESP32 SIMD,617,-594,174
noise,ESP32 SIMD,618,547,148
noise,ESP32 SIMD,619,-206,523
noise,ESP32 SIMD,620,106,1
noise,ESP32 SIMD,621,617,1243
noise,ESP32 SIMD,622,216,848
noise,ESP32 SIMD,623,126,-391
noise,ESP32 SIMD,624,-65,-619
noise,ESP32 SIMD,625,-487,829
noise,ESP32 SIMD,626,-415,382
noise,ESP32 SIMD,627,-413,-207
noise,ESP32 SIMD,628,519,-48
noise,ESP32 SIMD,629,375,-35
noise,ESP32 SIMD,630,-149,398
noise,ESP32 SIMD,631,-724,-336
noise,ESP32 SIMD,632,-254,-1000
noise,ESP32 SIMD,633,141,64
noise,ESP32 SIMD,634,-440,-147
noise,ESP32 SIMD,635,-678,332
noise,ESP32 SIMD,636,-207,312
noise,ESP32 SIMD,637,351,-476
noise,ESP32 SIMD,638,-1,-279
noise,ESP32 SIMD,639,-56,178
noise,ESP32 SIMD,640,-131,286
noise,ESP32 SIMD,641,-116,-210
noise,ESP32 SIMD,642,63,-306
noise,ESP32 SIMD,643,384,-560
noise,ESP32 SIMD,644,621,-247
noise,ESP32 SIMD,645,348,-160
noise,ESP32 SIMD,646,190,-52
noise,ESP32 SIMD,647,-219,-575
noise,ESP32 SIMD,648,139,30
noise,ESP32 SIMD,649,238,188
noise,ESP32 SIMD,650,-240,10
noise,ESP32 SIMD,651,-331,-476
noise,ESP32 SIMD,652,320,-53
noise,ESP32 SIMD,653,303,-48
noise,ESP32 SIMD,654,54,-83
noise,ESP32 SIMD,655,174,-12
noise,ESP32 SIMD,656,263,-292
noise,ESP32 SIMD,657,15,256
noise,ESP32 SIMD,658,-178,487
noise,ESP32 SIMD,659,140,-224
noise,ESP32 SIMD,660,-766,78
noise,ESP32 SIMD,661,304,392
noise,ESP32 SIMD,662,253,-143
noise,ESP32 SIMD,663,-394,29
noise,ESP32 SIMD,664,-140,-543
noise,ESP32 SIMD,665,-169,-103
noise,ESP32 SIMD,666,-43,131
noise,ESP32 SIMD,667,173,584
noise,ESP32 SIMD,668,247,821
noise,ESP32 SIMD,669,-1180,-260
noise,ESP32 SIMD,670,684,47
noise,ESP32 SIMD,671,-510,262
noise,ESP32 SIMD,672,-652,-75
noise,ESP32 SIMD,673,127,-712
noise,ESP32 SIMD,674,73,-239
noise,ESP32 SIMD,675,589,-9
noise,ESP32 SIMD,676,587,165
noise,ESP32 SIMD,677,1026,726
noise,ESP32 SIMD,678,451,-58
noise,ESP32 SIMD,679,522,1071
noise,ESP32 SIMD,680,-281,127
noise,ESP32 SIMD,681,580,-759
noise,ESP32 SIMD,682,-619,-833
noise,ESP32 SIMD,683,-167,184
noise,ESP32 SIMD,684,-339,-371
noise,ESP32 SIMD,685,405,-164
noise,ESP32 SIMD,686,-479,720
noise,ESP32 SIMD,687,319,491
noise,ESP32 SIMD,688,-426,480
noise,ESP32 SIMD,689,-12,169
noise,ESP32 SIMD,690,194,-176
noise,ESP32 SIMD,691,95,8
noise,ESP32 SIMD,692,-410,-294
noise,ESP32 SIMD,693,-39,151
noise,ESP32 SIMD,694,292,662
noise,ESP32 SIMD,695,-298,-494
noise,ESP32 SIMD,696,-47,610
noise,ESP32 SIMD,697,157,732
noise,ESP32 SIMD,698,211,-403
noise,ESP32 SIMD,699,-663,68
noise,ESP32 SIMD,700,1037,850
noise,ESP32 SIMD,701,228,350
noise,ESP32 SIMD,702,-197,-80
noise,ESP32 SIMD,703,324,557
noise,ESP32 SIMD,704,-329,-947
noise,ESP32 SIMD,705,168,-746
noise,ESP32 SIMD,706,-137,619
noise,ESP32 SIMD,707,153,474
noise,ESP32 SIMD,708,807,-251
noise,ESP32 SIMD,709,447,-382
noise,ESP32 SIMD,710,-278,-40
noise,ESP32 SIMD,711,-456,-347
noise,ESP32 SIMD,712,705,-22
noise,ESP32 SIMD,713,-233,-31
noise,ESP32 SIMD,714,108,89
noise,ESP32 SIMD,715,836,-388
noise,ESP32 SIMD,716,225,454
noise,ESP32 SIMD,717,559,-512
noise,ESP32 SIMD,718,-106,410
noise,ESP32 SIMD,719,8,511
noise,ESP32 SIMD,720,488,146
noise,ESP32 SIMD,721,239,233
noise,ESP32 SIMD,722,298,431
noise,ESP32 SIMD,723,-542,-225
noise,ESP32 SIMD,724,247,144
noise,ESP32 SIMD,725,-52,38
noise,ESP32 SIMD,726,568,-922
noise,ESP32 SIMD,727,133,-171
noise,ESP32 SIMD,728,382,35
noise,ESP32 SIMD,729,-18,-358
noise,ESP32 SIMD,730,-263,170
noise,ESP32 SIMD,731,243,228
noise,ESP32 SIMD,732,-172,-847
noise,ESP32 SIMD,733,-270,-60
noise,ESP32 SIMD,734,31,-177
noise,ESP32 SIMD,735,526,448
noise,ESP32 SIMD,736,-78,-568
noise,ESP32 SIMD,737,-632,-349
noise,ESP32 SIMD,738,76,-203
noise,ESP32 SIMD,739,-361,-554
noise,ESP32 SIMD,740,-64,-279
noise,ESP32 SIMD,741,-278,164
noise,ESP32 SIMD,742,-254,-292
noise,ESP32 SIMD,743,193,62
noise,ESP32 SIMD,744,-385,-303
noise,ESP32 SIMD,745,73,-193
noise,ESP32 SIMD,746,234,-368
noise,ESP32 SIMD,747,280,154
noise,ESP32 SIMD,748,-238,-18
noise,ESP32 SIMD,749,-621,189
noise,ESP32 SIMD,750,178,-273
noise,ESP32 SIMD,751,-315,342
noise,ESP32 SIMD,752,-18,-606
noise,ESP32 SIMD,753,222,292
noise,ESP32 SIMD,754,-304,63
noise,ESP32 SIMD,755,-938,-169
noise,ESP32 SIMD,756,-691,-322
noise,ESP32 SIMD,757,603,318
noise,ESP32 SIMD,758,-696,628
noise,ESP32 SIMD,759,-650,-865
noise,ESP32 SIMD,760,-256,622
noise,ESP32 SIMD,761,558,-182
noise,ESP32 SIMD,762,-261,1179
noise,ESP32 SIMD,763,-225,365
noise,ESP32 SIMD,764,409,-456
noise,ESP32 SIMD,765,430,-715
noise,ESP32 SIMD,766,-1003,5
noise,ESP32 SIMD,767,201,20
noise,ESP32 SIMD,768,-606,-321
noise,ESP32 SIMD,769,288,446
noise,ESP32 SIMD,770,-219,-678
noise,ESP32 SIMD,771,66,-348
noise,ESP32 SIMD,772,-19,-130
noise,ESP32 SIMD,773,-179,874
noise,ESP32 SIMD,774,-531,-195
noise,ESP32 SIMD,775,126,-1152
noise,ESP32 SIMD,776,51,-471
noise,ESP32 SIMD,777,165,-158
noise,ESP32 SIMD,778,-202,-499
noise,ESP32 SIMD,779,142,106
noise,ESP32 SIMD,780,-695,-476
noise,ESP32 SIMD,781,-8,734
noise,ESP32 SIMD,782,-546,479
noise,ESP32 SIMD,783,284,51
noise,ESP32 SIMD,784,-445,-341
noise,ESP32 SIMD,785,-997,275
noise,ESP32 SIMD,786,-296,-33
noise,ESP32 SIMD,787,-59,-1179
noise,ESP32 SIMD,788,395,220
noise,ESP32 SIMD,789,317,-1187
noise,ESP32 SIMD,790,-174,9
noise,ESP32 SIMD,791,-518,17
noise,ESP32 SIMD,792,-169,676
noise,ESP32 SIMD,793,821,290
noise,ESP32 SIMD,794,775,-641
noise,ESP32 SIMD,795,216,422
noise,ESP32 SIMD,796,31,136
noise,ESP32 SIMD,797,426,-228
noise,ESP32 SIMD,798,523,488
noise,ESP32 SIMD,799,-606,76
noise,ESP32 SIMD,800,-355,-202
noise,ESP32 SIMD,801,-184,273
noise,ESP32 SIMD,802,-896,-157
noise,ESP32 SIMD,803,-105,1096
noise,ESP32 SIMD,804,448,6
noise,ESP32 SIMD,805,291,183
noise,ESP32 SIMD,806,-969,428
noise,ESP32 SIMD,807,-123,-275
noise,ESP32 SIMD,808,-474,-193
noise,ESP32 SIMD,809,-449,701
noise,ESP32 SIMD,810,-534,-167
noise,ESP32 SIMD,811,-245,77
noise,ESP32 SIMD,812,-257,-49
noise,ESP32 SIMD,813,-814,135
noise,ESP32 SIMD,814,-453,-294
noise,ESP32 SIMD,815,-741,341
noise,ESP32 SIMD,816,314,323
noise,ESP32 SIMD,817,-638,539
noise,ESP32 SIMD,818,27,-403
noise,ESP32 SIMD,819,-344,672
noise,ESP32 SIMD,820,419,-809
noise,ESP32 SIMD,821,-42,-670
noise,ESP32 SIMD,822,-146,735
noise,ESP32 SIMD,823,120,231
noise,ESP32 SIMD,824,68,150
noise,ESP32 SIMD,825,43,223
noise,ESP32 SIMD,826,93,-195
noise,ESP32 SIMD,827,8,-328
noise,ESP32 SIMD,828,855,547
noise,ESP32 SIMD,829,-140,143
noise,ESP32 SIMD,830,-489,727
noise,ESP32 SIMD,831,50,374
noise,ESP32 SIMD,832,-179,248
noise,ESP32 SIMD,833,-127,-124
noise,ESP32 SIMD,834,958,544
noise,ESP32 SIMD,835,493,-304
noise,ESP32 SIMD,836,-142,94
noise,ESP32 SIMD,837,-236,-723
noise,ESP32 SIMD,838,336,-252
noise,ESP32 SIMD,839,-532,566
noise,ESP32 SIMD,840,363,-758
noise,ESP32 SIMD,841,-641,-501
noise,ESP32 SIMD,842,-471,-266
noise,ESP32 SIMD,843,-268,248
noise,ESP32 SIMD,844,-928,-10
noise,ESP32 SIMD,845,-537,-122
noise,ESP32 SIMD,846,237,148
noise,ESP32 SIMD,847,135,-266
noise,ESP32 SIMD,848,275,174
noise,ESP32 SIMD,849,-141,225
noise,ESP32 SIMD,850,275,17
noise,ESP32 SIMD,851,-236,208
noise,ESP32 SIMD,852,555,-504
noise,ESP32 SIMD,853,-296,-350
noise,ESP32 SIMD,854,378,-149
noise,ESP32 SIMD,855,556,-7
noise,ESP32 SIMD,856,-210,-77
noise,ESP32 SIMD,857,-229,269
noise,ESP32 SIMD,858,178,-111
noise,ESP32 SIMD,859,-252,721
noise,ESP32 SIMD,860,-192,-206
noise,ESP32 SIMD,861,-65,233
noise,ESP32 SIMD,862,74,-199
noise,ESP32 SIMD,863,171,228
noise,ESP32 SIMD,864,-191,281
noise,ESP32 SIMD,865,497,-76
noise,ESP32 SIMD,866,-731,-257
noise,ESP32 SIMD,867,-276,543
noise,ESP32 SIMD,868,242,301
noise,ESP32 SIMD,869,-63,-33
noise,ESP32 SIMD,870,-296,-5
noise,ESP32 SIMD,871,-3,419
noise,ESP32 SIMD,872,377,237
noise,ESP32 SIMD,873,156,157
noise,ESP32 SIMD,874,260,389
noise,ESP32 SIMD,875,-63,-568
noise,ESP32 SIMD,876,64,198
noise,ESP32 SIMD,877,25,-128
noise,ESP32 SIMD,878,-244,-475
noise,ESP32 SIMD,879,29,209
noise,ESP32 SIMD,880,-588,296
noise,ESP32 SIMD,881,580,-77
noise,ESP32 SIMD,882,-261,23
noise,ESP32 SIMD,883,96,260
noise,ESP32 SIMD,884,-63,-327
noise,ESP32 SIMD,885,-659,-430
noise,ESP32 SIMD,886,148,453
noise,ESP32 SIMD,887,-414,-845
noise,ESP32 SIMD,888,168,381
noise,ESP32 SIMD,889,622,-245
noise,ESP32 SIMD,890,625,-269
noise,ESP32 SIMD,891,310,-412
noise,ESP32 SIMD,892,38,-39
noise,ESP32 SIMD,893,593,-825
noise,ESP32 SIMD,894,153,324
noise,ESP32 SIMD,895,272,-349
noise,ESP32 SIMD,896,-304,265
noise,ESP32 SIMD,897,261,373
noise,ESP32 SIMD,898,15,478
noise,ESP32 SIMD,899,519,-222
noise,ESP32 SIMD,900,-56,52
noise,ESP32 SIMD,901,-345,-597
noise,ESP32 SIMD,902,594,-259
noise,ESP32 SIMD,903,-166,33
noise,ESP32 SIMD,904,549,415
noise,ESP32 SIMD,905,-333,422
noise,ESP32 SIMD,906,408,-458
noise,ESP32 SIMD,907,-301,-299
noise,ESP32 SIMD,908,116,-660
noise,ESP32 SIMD,909,-260,764
noise,ESP32 SIMD,910,-558,183
noise,ESP32 SIMD,911,33,-100
noise,ESP32 SIMD,912,544,389
noise,ESP32 SIMD,913,611,204
noise,ESP32 SIMD,914,-287,403
noise,ESP32 SIMD,915,-37,-61
noise,ESP32 SIMD,916,-283,-40
noise,ESP32 SIMD,917,81,714
noise,ESP32 SIMD,918,-714,517
noise,ESP32 SIMD,919,-180,-13
noise,ESP32 SIMD,920,-165,-245
noise,ESP32 SIMD,921,-395,-1354
noise,ESP32 SIMD,922,-127,-67
noise,ESP32 SIMD,923,-81,713
noise,ESP32 SIMD,924,-444,-161
noise,ESP32 SIMD,925,460,97
noise,ESP32 SIMD,926,-116,-550
noise,ESP32 SIMD,927,787,-484
noise,ESP32 SIMD,928,501,-32
noise,ESP32 SIMD,929,283,-297
noise,ESP32 SIMD,930,-63,102
noise,ESP32 SIMD,931,-122,594
noise,ESP32 SIMD,932,-429,749
noise,ESP32 SIMD,933,827,870
noise,ESP32 SIMD,934,197,-81
noise,ESP32 SIMD,935,167,-99
noise,ESP32 SIMD,936,503,-778
noise,ESP32 SIMD,937,167,-213
noise,ESP32 SIMD,938,1305,190
noise,ESP32 SIMD,939,17,-84
noise,ESP32 SIMD,940,-675,-261
noise,ESP32 SIMD,941,-61,-302
noise,ESP32 SIMD,942,515,-9
noise,ESP32 SIMD,943,52,107
noise,ESP32 SIMD,944,958,-193
noise,ESP32 SIMD,945,-114,132
noise,ESP32 SIMD,946,235,333
noise,ESP32 SIMD,947,-373,-20
noise,ESP32 SIMD,948,-315,-358
noise,ESP32 SIMD,949,-428,270
noise,ESP32 SIMD,950,-502,-575
noise,ESP32 SIMD,951,784,523
noise,ESP32 SIMD,952,-422,-11
noise,ESP32 SIMD,953,139,-44
noise,ESP32 SIMD,954,112,-340
noise,ESP32 SIMD,955,-110,625
noise,ESP32 SIMD,956,-239,233
noise,ESP32 SIMD,957,18,101
noise,ESP32 SIMD,958,431,-635
noise,ESP32 SIMD,959,-90,239
noise,ESP32 SIMD,960,-624,1269
noise,ESP32 SIMD,961,36,637
noise,ESP32 SIMD,962,47,-214
noise,ESP32 SIMD,963,-419,575
noise,ESP32 SIMD,964,292,261
noise,ESP32 SIMD,965,543,79
noise,ESP32 SIMD,966,-868,-253
noise,ESP32 SIMD,967,198,-411
noise,ESP32 SIMD,968,-289,165
noise,ESP32 SIMD,969,-83,114
noise,ESP32 SIMD,970,175,408
noise,ESP32 SIMD,971,-256,-52
noise,ESP32 SIMD,972,-463,-138
noise,ESP32 SIMD,973,-300,267
noise,ESP32 SIMD,974,-197,-154
noise,ESP32 SIMD,975,-782,-78
noise,ESP32 SIMD,976,339,-513
noise,ESP32 SIMD,977,-164,186
noise,ESP32 SIMD,978,361,870
noise,ESP32 SIMD,979,366,-562
noise,ESP32 SIMD,980,-191,-20
noise,ESP32 SIMD,981,413,317
noise,ESP32 SIMD,982,67,146
noise,ESP32 SIMD,983,172,-744
noise,ESP32 SIMD,984,-558,216
noise,ESP32 SIMD,985,557,-152
noise,ESP32 SIMD,986,439,-142
noise,ESP32 SIMD,987,297,-9
noise,ESP32 SIMD,988,-817,-308
noise,ESP32 SIMD,989,361,297
noise,ESP32 SIMD,990,-78,-410
noise,ESP32 SIMD,991,25,-656
noise,ESP32 SIMD,992,-65,-289
noise,ESP32 SIMD,993,490,699
noise,ESP32 SIMD,994,209,-488
noise,ESP32 SIMD,995,41,-136
noise,ESP32 SIMD,996,-444,169
noise,ESP32 SIMD,997,90,411
noise,ESP32 SIMD,998,117,-21
noise,ESP32 SIMD,999,-2,201
noise,ESP32 SIMD,1000,169,-134
noise,ESP32 SIMD,1001,573,306
noise,ESP32 SIMD,1002,-224,750
noise,ESP32 SIMD,1003,-250,152
noise,ESP32 SIMD,1004,-350,665
noise,ESP32 SIMD,1005,44,-243
noise,ESP32 SIMD,1006,-437,-178
noise,ESP32 SIMD,1007,-332,82
noise,ESP32 SIMD,1008,-309,-251
noise,ESP32 SIMD,1009,873,266
noise,ESP32 SIMD,1010,-218,98
noise,ESP32 SIMD,1011,352,-764
noise,ESP32 SIMD,1012,58,5
noise,ESP32 SIMD,1013,-22,-99
noise,ESP32 SIMD,1014,250,-128
noise,ESP32 SIMD,1015,579,439
noise,ESP32 SIMD,1016,-644,233
noise,ESP32 SIMD,1017,620,63
noise,ESP32 SIMD,1018,-630,-650
noise,ESP32 SIMD,1019,-321,-1042
noise,ESP32 SIMD,1020,-321,560
noise,ESP32 SIMD,1021,198,73
noise,ESP32 SIMD,1022,-206,-96
noise,ESP32 SIMD,1023,592,461
noise,ESP32 plain C,0,103,0
noise,ESP32 plain C,1,594,-461
noise,ESP32 plain C,2,-205,96
noise,ESP32 plain C,3,198,-72
noise,ESP32 plain C,4,-321,-561
noise,ESP32 plain C,5,-321,1043
noise,ESP32 plain C,6,-631,652
noise,ESP32 plain C,7,621,-62
noise,ESP32 plain C,8,-644,-234
noise,ESP32 plain C,9,579,-440
noise,ESP32 plain C,10,249,127
noise,ESP32 plain C,11,-23,99
noise,ESP32 plain C,12,57,-4
noise,ESP32 plain C,13,352,764
noise,ESP32 plain C,14,-218,-98
noise,ESP32 plain C,15,872,-267
noise,ESP32 plain C,16,-309,251
noise,ESP32 plain C,17,-333,-84
noise,ESP32 plain C,18,-437,178
noise,ESP32 plain C,19,42,242
noise,ESP32 plain C,20,-352,-665
noise,ESP32 plain C,21,-250,-153
noise,ESP32 plain C,22,-226,-749
noise,ESP32 plain C,23,573,-306
noise,ESP32 plain C,24,168,135
noise,ESP32 plain C,25,-3,-202
noise,ESP32 plain C,26,117,22
noise,ESP32 plain C,27,90,-410
noise,ESP32 plain C,28,-445,-168
noise,ESP32 plain C,29,41,135
noise,ESP32 plain C,30,209,488
noise,ESP32 plain C,31,491,-700
noise,ESP32 plain C,32,-65,290
noise,ESP32 plain C,33,25,657
noise,ESP32 plain C,34,-78,411
noise,ESP32 plain C,35,361,-297
noise,ESP32 plain C,36,-817,307
noise,ESP32 plain C,37,298,9
noise,ESP32 plain C,38,439,142
noise,ESP32 plain C,39,557,152
noise,ESP32 plain C,40,-558,-217
noise,ESP32 plain C,41,172,745
noise,ESP32 plain C,42,67,-147
noise,ESP32 plain C,43,413,-317
noise,ESP32 plain C,44,-193,22
noise,ESP32 plain C,45,367,563
noise,ESP32 plain C,46,362,-871
noise,ESP32 plain C,47,-165,-186
noise,ESP32 plain C,48,339,514
noise,ESP32 plain C,49,-783,78
noise,ESP32 plain C,50,-197,154
noise,ESP32 plain C,51,-301,-267
noise,ESP32 plain C,52,-464,138
noise,ESP32 plain C,53,-256,52
noise,ESP32 plain C,54,174,-409
noise,ESP32 plain C,55,-83,-114
noise,ESP32 plain C,56,-289,-165
noise,ESP32 plain C,57,198,410
noise,ESP32 plain C,58,-869,252
noise,ESP32 plain C,59,543,-79
noise,ESP32 plain C,60,293,-261
noise,ESP32 plain C,61,-419,-575
noise,ESP32 plain C,62,47,215
noise,ESP32 plain C,63,35,-637
noise,ESP32 plain C,64,-624,-1270
noise,ESP32 plain C,65,-91,-240
noise,ESP32 plain C,66,431,635
noise,ESP32 plain C,67,17,-101
noise,ESP32 plain C,68,-240,-235
noise,ESP32 plain C,69,-111,-626
noise,ESP32 plain C,70,111,340
noise,ESP32 plain C,71,138,43
noise,ESP32 plain C,72,-423,11
noise,ESP32 plain C,73,785,-526
noise,ESP32 plain C,74,-504,575
noise,ESP32 plain C,75,-429,-271
noise,ESP32 plain C,76,-316,358
noise,ESP32 plain C,77,-373,19
noise,ESP32 plain C,78,234,-333
noise,ESP32 plain C,79,-116,-133
noise,ESP32 plain C,80,959,193
noise,ESP32 plain C,81,52,-107
noise,ESP32 plain C,82,515,9
noise,ESP32 plain C,83,-62,301
noise,ESP32 plain C,84,-678,259
noise,ESP32 plain C,85,17,83
noise,ESP32 plain C,86,1305,-190
noise,ESP32 plain C,87,167,213
noise,ESP32 plain C,88,503,780
noise,ESP32 plain C,89,166,99
noise,ESP32 plain C,90,196,81
noise,ESP32 plain C,91,828,-871
noise,ESP32 plain C,92,-430,-749
noise,ESP32 plain C,93,-122,-594
noise,ESP32 plain C,94,-63,-103
noise,ESP32 plain C,95,282,297
noise,ESP32 plain C,96,501,31
noise,ESP32 plain C,97,788,484
noise,ESP32 plain C,98,-117,549
noise,ESP32 plain C,99,459,-97
noise,ESP32 plain C,100,-445,161
noise,ESP32 plain C,101,-81,-714
noise,ESP32 plain C,102,-128,68
noise,ESP32 plain C,103,-395,1354
noise,ESP32 plain C,104,-166,246
noise,ESP32 plain C,105,-180,13
noise,ESP32 plain C,106,-715,-518
noise,ESP32 plain C,107,80,-715
noise,ESP32 plain C,108,-283,41
noise,ESP32 plain C,109,-38,61
noise,ESP32 plain C,110,-287,-403
noise,ESP32 plain C,111,611,-204
noise,ESP32 plain C,112,544,-388
noise,ESP32 plain C,113,33,100
noise,ESP32 plain C,114,-558,-183
noise,ESP32 plain C,115,-262,-765
noise,ESP32 plain C,116,116,661
noise,ESP32 plain C,117,-301,299
noise,ESP32 plain C,118,408,457
noise,ESP32 plain C,119,-334,-423
noise,ESP32 plain C,120,550,-415
noise,ESP32 plain C,121,-166,-33
noise,ESP32 plain C,122,595,259
noise,ESP32 plain C,123,-346,597
noise,ESP32 plain C,124,-56,-52
noise,ESP32 plain C,125,520,222
noise,ESP32 plain C,126,15,-478
noise,ESP32 plain C,127,262,-374
noise,ESP32 plain C,128,-304,-264
noise,ESP32 plain C,129,273,349
noise,ESP32 plain C,130,153,-325
noise,ESP32 plain C,131,594,825
noise,ESP32 plain C,132,37,39
noise,ESP32 plain C,133,310,411
noise,ESP32 plain C,134,624,268
noise,ESP32 plain C,135,623,243
noise,ESP32 plain C,136,168,-382
noise,ESP32 plain C,137,-415,844
noise,ESP32 plain C,138,147,-455
noise,ESP32 plain C,139,-659,429
noise,ESP32 plain C,140,-63,327
noise,ESP32 plain C,141,96,-261
noise,ESP32 plain C,142,-261,-24
noise,ESP32 plain C,143,580,77
noise,ESP32 plain C,144,-588,-296
noise,ESP32 plain C,145,29,-211
noise,ESP32 plain C,146,-244,475
noise,ESP32 plain C,147,25,128
noise,ESP32 plain C,148,63,-200
noise,ESP32 plain C,149,-63,568
noise,ESP32 plain C,150,259,-389
noise,ESP32 plain C,151,155,-158
noise,ESP32 plain C,152,377,-238
noise,ESP32 plain C,153,-5,-420
noise,ESP32 plain C,154,-297,5
noise,ESP32 plain C,155,-63,33
noise,ESP32 plain C,156,241,-302
noise,ESP32 plain C,157,-277,-543
noise,ESP32 plain C,158,-733,257
noise,ESP32 plain C,159,496,76
noise,ESP32 plain C,160,-192,-281
noise,ESP32 plain C,161,171,-229
noise,ESP32 plain C,162,74,198
noise,ESP32 plain C,163,-65,-233
noise,ESP32 plain C,164,-193,205
noise,ESP32 plain C,165,-253,-721
noise,ESP32 plain C,166,178,110
noise,ESP32 plain C,167,-230,-270
noise,ESP32 plain C,168,-210,77
noise,ESP32 plain C,169,555,7
noise,ESP32 plain C,170,377,148
noise,ESP32 plain C,171,-296,350
noise,ESP32 plain C,172,555,505
noise,ESP32 plain C,173,-236,-209
noise,ESP32 plain C,174,274,-16
noise,ESP32 plain C,175,-142,-226
noise,ESP32 plain C,176,274,-175
noise,ESP32 plain C,177,136,266
noise,ESP32 plain C,178,237,-149
noise,ESP32 plain C,179,-538,122
noise,ESP32 plain C,180,-929,9
noise,ESP32 plain C,181,-269,-250
noise,ESP32 plain C,182,-472,266
noise,ESP32 plain C,183,-642,501
noise,ESP32 plain C,184,364,759
noise,ESP32 plain C,185,-533,-566
noise,ESP32 plain C,186,336,250
noise,ESP32 plain C,187,-237,724
noise,ESP32 plain C,188,-143,-95
noise,ESP32 plain C,189,494,304
noise,ESP32 plain C,190,958,-545
noise,ESP32 plain C,191,-128,124
noise,ESP32 plain C,192,-179,-248
noise,ESP32 plain C,193,50,-375
noise,ESP32 plain C,194,-490,-728
noise,ESP32 plain C,195,-140,-143
noise,ESP32 plain C,196,856,-548
noise,ESP32 plain C,197,8,328
noise,ESP32 plain C,198,93,195
noise,ESP32 plain C,199,44,-225
noise,ESP32 plain C,200,68,-151
noise,ESP32 plain C,201,118,-231
noise,ESP32 plain C,202,-145,-737
noise,ESP32 plain C,203,-43,671
noise,ESP32 plain C,204,420,810
noise,ESP32 plain C,205,-344,-673
noise,ESP32 plain C,206,26,403
noise,ESP32 plain C,207,-639,-541
noise,ESP32 plain C,208,314,-324
noise,ESP32 plain C,209,-742,-342
noise,ESP32 plain C,210,-455,294
noise,ESP32 plain C,211,-816,-136
noise,ESP32 plain C,212,-258,49
noise,ESP32 plain C,213,-246,-77
noise,ESP32 plain C,214,-534,166
noise,ESP32 plain C,215,-450,-701
noise,ESP32 plain C,216,-474,193
noise,ESP32 plain C,217,-124,274
noise,ESP32 plain C,218,-971,-430
noise,ESP32 plain C,219,292,-183
noise,ESP32 plain C,220,447,-6
noise,ESP32 plain C,221,-106,-1096
noise,ESP32 plain C,222,-898,156
noise,ESP32 plain C,223,-183,-274
noise,ESP32 plain C,224,-356,203
noise,ESP32 plain C,225,-607,-77
noise,ESP32 plain C,226,523,-489
noise,ESP32 plain C,227,426,227
noise,ESP32 plain C,228,30,-137
noise,ESP32 plain C,229,216,-423
noise,ESP32 plain C,230,776,642
noise,ESP32 plain C,231,822,-290
noise,ESP32 plain C,232,-170,-676
noise,ESP32 plain C,233,-521,-17
noise,ESP32 plain C,234,-175,-10
noise,ESP32 plain C,235,317,1189
noise,ESP32 plain C,236,395,-220
noise,ESP32 plain C,237,-59,1180
noise,ESP32 plain C,238,-297,32
noise,ESP32 plain C,239,-999,-274
noise,ESP32 plain C,240,-447,342
noise,ESP32 plain C,241,284,-50
noise,ESP32 plain C,242,-546,-480
noise,ESP32 plain C,243,-8,-735
noise,ESP32 plain C,244,-696,477
noise,ESP32 plain C,245,142,-106
noise,ESP32 plain C,246,-203,500
noise,ESP32 plain C,247,163,158
noise,ESP32 plain C,248,51,472
noise,ESP32 plain C,249,126,1154
noise,ESP32 plain C,250,-531,195
noise,ESP32 plain C,251,-179,-875
noise,ESP32 plain C,252,-19,130
noise,ESP32 plain C,253,67,347
noise,ESP32 plain C,254,-219,679
noise,ESP32 plain C,255,289,-445
noise,ESP32 plain C,256,-605,322
noise,ESP32 plain C,257,202,-21
noise,ESP32 plain C,258,-1004,-5
noise,ESP32 plain C,259,431,714
noise,ESP32 plain C,260,411,455
noise,ESP32 plain C,261,-225,-366
noise,ESP32 plain C,262,-262,-1181
noise,ESP32 plain C,263,559,180
noise,ESP32 plain C,264,-257,-623
noise,ESP32 plain C,265,-652,865
noise,ESP32 plain C,266,-697,-629
noise,ESP32 plain C,267,605,-319
noise,ESP32 plain C,268,-692,321
noise,ESP32 plain C,269,-939,168
noise,ESP32 plain C,270,-304,-65
noise,ESP32 plain C,271,223,-294
noise,ESP32 plain C,272,-19,606
noise,ESP32 plain C,273,-315,-343
noise,ESP32 plain C,274,179,273
noise,ESP32 plain C,275,-622,-190
noise,ESP32 plain C,276,-238,18
noise,ESP32 plain C,277,279,-155
noise,ESP32 plain C,278,234,367
noise,ESP32 plain C,279,73,193
noise,ESP32 plain C,280,-386,302
noise,ESP32 plain C,281,193,-63
noise,ESP32 plain C,282,-254,291
noise,ESP32 plain C,283,-279,-165
noise,ESP32 plain C,284,-65,279
noise,ESP32 plain C,285,-361,554
noise,ESP32 plain C,286,76,202
noise,ESP32 plain C,287,-633,347
noise,ESP32 plain C,288,-79,568
noise,ESP32 plain C,289,525,-450
noise,ESP32 plain C,290,31,177
noise,ESP32 plain C,291,-270,60
noise,ESP32 plain C,292,-170,846
noise,ESP32 plain C,293,243,-231
noise,ESP32 plain C,294,-264,-171
noise,ESP32 plain C,295,-18,358
noise,ESP32 plain C,296,382,-36
noise,ESP32 plain C,297,133,171
noise,ESP32 plain C,298,568,921
noise,ESP32 plain C,299,-52,-39
noise,ESP32 plain C,300,246,-145
noise,ESP32 plain C,301,-543,225
noise,ESP32 plain C,302,297,-433
noise,ESP32 plain C,303,238,-234
noise,ESP32 plain C,304,490,-147
noise,ESP32 plain C,305,8,-511
noise,ESP32 plain C,306,-107,-411
noise,ESP32 plain C,307,559,512
noise,ESP32 plain C,308,224,-454
noise,ESP32 plain C,309,837,387
noise,ESP32 plain C,310,107,-90
noise,ESP32 plain C,311,-233,30
noise,ESP32 plain C,312,706,21
noise,ESP32 plain C,313,-457,347
noise,ESP32 plain C,314,-279,40
noise,ESP32 plain C,315,447,383
noise,ESP32 plain C,316,808,251
noise,ESP32 plain C,317,152,-474
noise,ESP32 plain C,318,-137,-620
noise,ESP32 plain C,319,168,746
noise,ESP32 plain C,320,-330,947
noise,ESP32 plain C,321,325,-560
noise,ESP32 plain C,322,-196,78
noise,ESP32 plain C,323,228,-352
noise,ESP32 plain C,324,1037,-851
noise,ESP32 plain C,325,-664,-68
noise,ESP32 plain C,326,210,401
noise,ESP32 plain C,327,157,-734
noise,ESP32 plain C,328,-48,-611
noise,ESP32 plain C,329,-299,493
noise,ESP32 plain C,330,290,-664
noise,ESP32 plain C,331,-39,-151
noise,ESP32 plain C,332,-410,294
noise,ESP32 plain C,333,94,-8
noise,ESP32 plain C,334,194,175
noise,ESP32 plain C,335,-11,-170
noise,ESP32 plain C,336,-426,-481
noise,ESP32 plain C,337,319,-492
noise,ESP32 plain C,338,-479,-722
noise,ESP32 plain C,339,406,163
noise,ESP32 plain C,340,-339,369
noise,ESP32 plain C,341,-168,-185
noise,ESP32 plain C,342,-619,832
noise,ESP32 plain C,343,581,759
noise,ESP32 plain C,344,-282,-127
noise,ESP32 plain C,345,523,-1073
noise,ESP32 plain C,346,450,57
noise,ESP32 plain C,347,1026,-727
noise,ESP32 plain C,348,587,-168
noise,ESP32 plain C,349,589,9
noise,ESP32 plain C,350,74,239
noise,ESP32 plain C,351,127,712
noise,ESP32 plain C,352,-652,75
noise,ESP32 plain C,353,-510,-263
noise,ESP32 plain C,354,684,-47
noise,ESP32 plain C,355,-1180,260
noise,ESP32 plain C,356,247,-823
noise,ESP32 plain C,357,173,-585
noise,ESP32 plain C,358,-43,-133
noise,ESP32 plain C,359,-170,102
noise,ESP32 plain C,360,-142,542
noise,ESP32 plain C,361,-395,-30
noise,ESP32 plain C,362,254,144
noise,ESP32 plain C,363,305,-394
noise,ESP32 plain C,364,-767,-80
noise,ESP32 plain C,365,140,224
noise,ESP32 plain C,366,-179,-489
noise,ESP32 plain C,367,15,-257
noise,ESP32 plain C,368,262,291
noise,ESP32 plain C,369,173,12
noise,ESP32 plain C,370,53,83
noise,ESP32 plain C,371,304,47
noise,ESP32 plain C,372,320,52
noise,ESP32 plain C,373,-332,476
noise,ESP32 plain C,374,-241,-11
noise,ESP32 plain C,375,238,-190
noise,ESP32 plain C,376,140,-30
noise,ESP32 plain C,377,-219,575
noise,ESP32 plain C,378,190,52
noise,ESP32 plain C,379,348,158
noise,ESP32 plain C,380,620,246
noise,ESP32 plain C,381,384,560
noise,ESP32 plain C,382,63,305
noise,ESP32 plain C,383,-115,210
noise,ESP32 plain C,384,-131,-287
noise,ESP32 plain C,385,-56,-179
noise,ESP32 plain C,386,-1,278
noise,ESP32 plain C,387,352,475
noise,ESP32 plain C,388,-207,-313
noise,ESP32 plain C,389,-679,-333
noise,ESP32 plain C,390,-440,147
noise,ESP32 plain C,391,141,-66
noise,ESP32 plain C,392,-254,1000
noise,ESP32 plain C,393,-725,336
noise,ESP32 plain C,394,-150,-399
noise,ESP32 plain C,395,374,34
noise,ESP32 plain C,396,520,47
noise,ESP32 plain C,397,-413,207
noise,ESP32 plain C,398,-416,-383
noise,ESP32 plain C,399,-487,-832
noise,ESP32 plain C,400,-64,619
noise,ESP32 plain C,401,126,390
noise,ESP32 plain C,402,216,-850
noise,ESP32 plain C,403,618,-1245
noise,ESP32 plain C,404,105,-2
noise,ESP32 plain C,405,-205,-523
noise,ESP32 plain C,406,547,-147
noise,ESP32 plain C,407,-595,-176
noise,ESP32 plain C,408,155,-122
noise,ESP32 plain C,409,-1203,226
noise,ESP32 plain C,410,-60,-28
noise,ESP32 plain C,411,511,407
noise,ESP32 plain C,412,-116,-132
noise,ESP32 plain C,413,56,-53
noise,ESP32 plain C,414,-331,66
noise,ESP32 plain C,415,89,0
noise,ESP32 plain C,416,224,61
noise,ESP32 plain C,417,603,-154
noise,ESP32 plain C,418,75,146
noise,ESP32 plain C,419,512,-38
noise,ESP32 plain C,420,-521,-89
noise,ESP32 plain C,421,1001,-907
noise,ESP32 plain C,422,151,-317
noise,ESP32 plain C,423,-176,-1017
noise,ESP32 plain C,424,643,368
noise,ESP32 plain C,425,333,-18
noise,ESP32 plain C,426,445,-36
noise,ESP32 plain C,427,176,-470
noise,ESP32 plain C,428,-689,304
noise,ESP32 plain C,429,202,47
noise,ESP32 plain C,430,143,-731
noise,ESP32 plain C,431,112,225
noise,ESP32 plain C,432,-470,-338
noise,ESP32 plain C,433,-225,-462
noise,ESP32 plain C,434,388,376
noise,ESP32 plain C,435,151,-86
noise,ESP32 plain C,436,-116,365
noise,ESP32 plain C,437,113,-674
noise,ESP32 plain C,438,18,-144
noise,ESP32 plain C,439,71,-246
noise,ESP32 plain C,440,-397,288
noise,ESP32 plain C,441,-493,395
noise,ESP32 plain C,442,-431,-155
noise,ESP32 plain C,443,17,1106
noise,ESP32 plain C,444,223,-517
noise,ESP32 plain C,445,363,203
noise,ESP32 plain C,446,172,-233
noise,ESP32 plain C,447,-780,-367
noise,ESP32 plain C,448,-112,117
noise,ESP32 plain C,449,-434,55
noise,ESP32 plain C,450,516,545
noise,ESP32 plain C,451,-295,379
noise,ESP32 plain C,452,-217,767
noise,ESP32 plain C,453,60,-73
noise,ESP32 plain C,454,189,-410
noise,ESP32 plain C,455,-209,454
noise,ESP32 plain C,456,895,469
noise,ESP32 plain C,457,-368,311
noise,ESP32 plain C,458,106,-750
noise,ESP32 plain C,459,506,-168
noise,ESP32 plain C,460,-689,-565
noise,ESP32 plain C,461,125,-807
noise,ESP32 plain C,462,-121,290
noise,ESP32 plain C,463,430,-812
noise,ESP32 plain C,464,381,-10
noise,ESP32 plain C,465,-198,-249
noise,ESP32 plain C,466,-334,-269
noise,ESP32 plain C,467,-670,67
noise,ESP32 plain C,468,174,-232
noise,ESP32 plain C,469,84,364
noise,ESP32 plain C,470,560,-11
noise,ESP32 plain C,471,-310,20
noise,ESP32 plain C,472,77,418
noise,ESP32 plain C,473,-67,68
noise,ESP32 plain C,474,71,-530
noise,ESP32 plain C,475,371,511
noise,ESP32 plain C,476,963,94
noise,ESP32 plain C,477,-926,232
noise,ESP32 plain C,478,-310,279
noise,ESP32 plain C,479,212,-292
noise,ESP32 plain C,480,-165,269
noise,ESP32 plain C,481,25,-1143
noise,ESP32 plain C,482,-305,-23
noise,ESP32 plain C,483,878,392
noise,ESP32 plain C,484,-436,368
noise,ESP32 plain C,485,-317,-669
noise,ESP32 plain C,486,-387,-592
noise,ESP32 plain C,487,-169,-455
noise,ESP32 plain C,488,-291,155
noise,ESP32 plain C,489,346,-789
noise,ESP32 plain C,490,-149,-856
noise,ESP32 plain C,491,61,22
noise,ESP32 plain C,492,-403,-869
noise,ESP32 plain C,493,30,324
noise,ESP32 plain C,494,16,210
noise,ESP32 plain C,495,317,196
noise,ESP32 plain C,496,460,-303
noise,ESP32 plain C,497,-86,423
noise,ESP32 plain C,498,-11,343
noise,ESP32 plain C,499,-29,-347
noise,ESP32 plain C,500,-297,235
noise,ESP32 plain C,501,110,-294
noise,ESP32 plain C,502,330,-129
noise,ESP32 plain C,503,355,-252
noise,ESP32 plain C,504,-313,82
noise,ESP32 plain C,505,340,-145
noise,ESP32 plain C,506,577,-756
noise,ESP32 plain C,507,267,-205
noise,ESP32 plain C,508,148,294
noise,ESP32 plain C,509,-69,-316
noise,ESP32 plain C,510,355,173
noise,ESP32 plain C,511,-307,80
noise,ESP32 plain C,512,903,0
noise,ESP32 plain C,513,-307,-80
noise,ESP32 plain C,514,355,-173
noise,ESP32 plain C,515,-69,316
noise,ESP32 plain C,516,148,-294
noise,ESP32 plain C,517,267,205
noise,ESP32 plain C,518,577,756
noise,ESP32 plain C,519,340,145
noise,ESP32 plain C,520,-313,-82
noise,ESP32 plain C,521,355,252
noise,ESP32 plain C,522,330,129
noise,ESP32 plain C,523,110,294
noise,ESP32 plain C,524,-297,-235
noise,ESP32 plain C,525,-29,347
noise,ESP32 plain C,526,-11,-343
noise,ESP32 plain C,527,-86,-423
noise,ESP32 plain C,528,460,303
noise,ESP32 plain C,529,317,-196
noise,ESP32 plain C,530,16,-210
noise,ESP32 plain C,531,30,-324
noise,ESP32 plain C,532,-403,869
noise,ESP32 plain C,533,61,-22
noise,ESP32 plain C,534,-149,856
noise,ESP32 plain C,535,346,789
noise,ESP32 plain C,536,-291,-155
noise,ESP32 plain C,537,-169,455
noise,ESP32 plain C,538,-387,592
noise,ESP32 plain C,539,-317,669
noise,ESP32 plain C,540,-436,-368
noise,ESP32 plain C,541,878,-392
noise,ESP32 plain C,542,-305,23
noise,ESP32 plain C,543,25,1143
noise,ESP32 plain C,544,-165,-269
noise,ESP32 plain C,545,212,292
noise,ESP32 plain C,546,-310,-279
noise,ESP32 plain C,547,-926,-232
noise,ESP32 plain C,548,963,-94
noise,ESP32 plain C,549,371,-511
noise,ESP32 plain C,550,71,530
noise,ESP32 plain C,551,-67,-68
noise,ESP32 plain C,552,77,-418
noise,ESP32 plain C,553,-310,-20
noise,ESP32 plain C,554,560,11
noise,ESP32 plain C,555,84,-364
noise,ESP32 plain C,556,174,232
noise,ESP32 plain C,557,-670,-67
noise,ESP32 plain C,558,-334,269
noise,ESP32 plain C,559,-198,249
noise,ESP32 plain C,560,381,10
noise,ESP32 plain C,561,430,812
noise,ESP32 plain C,562,-121,-290
noise,ESP32 plain C,563,125,807
noise,ESP32 plain C,564,-689,565
noise,ESP32 plain C,565,506,168
noise,ESP32 plain C,566,106,750
noise,ESP32 plain C,567,-368,-311
noise,ESP32 plain C,568,895,-469
noise,ESP32 plain C,569,-209,-454
noise,ESP32 plain C,570,189,410
noise,ESP32 plain C,571,60,73
noise,ESP32 plain C,572,-217,-767
noise,ESP32 plain C,573,-295,-379
noise,ESP32 plain C,574,516,-545
noise,ESP32 plain C,575,-434,-55
noise,ESP32 plain C,576,-112,-117
noise,ESP32 plain C,577,-780,367
noise,ESP32 plain C,578,172,233
noise,ESP32 plain C,579,363,-203
noise,ESP32 plain C,580,223,517
noise,ESP32 plain C,581,17,-1106
noise,ESP32 plain C,582,-431,155
noise,ESP32 plain C,583,-493,-395
noise,ESP32 plain C,584,-397,-288
noise,ESP32 plain C,585,71,246
noise,ESP32 plain C,586,18,144
noise,ESP32 plain C,587,113,674
noise,ESP32 plain C,588,-116,-365
noise,ESP32 plain C,589,151,86
noise,ESP32 plain C,590,388,-376
noise,ESP32 plain C,591,-225,462
noise,ESP32 plain C,592,-470,338
noise,ESP32 plain C,593,112,-225
noise,ESP32 plain C,594,143,731
noise,ESP32 plain C,595,202,-47
noise,ESP32 plain C,596,-689,-304
noise,ESP32 plain C,597,176,470
noise,ESP32 plain C,598,445,36
noise,ESP32 plain C,599,333,18
noise,ESP32 plain C,600,643,-368
noise,ESP32 plain C,601,-176,1017
noise,ESP32 plain C,602,151,317
noise,ESP32 plain C,603,1001,907
noise,ESP32 plain C,604,-521,89
noise,ESP32 plain C,605,512,38
noise,ESP32 plain C,606,75,-146
noise,ESP32 plain C,607,603,154
noise,ESP32 plain C,608,224,-61
noise,ESP32 plain C,609,89,0
noise,ESP32 plain C,610,-331,-66
noise,ESP32 plain C,611,56,53
noise,ESP32 plain C,612,-116,132
noise,ESP32 plain C,613,511,-407
noise,ESP32 plain C,614,-60,28
noise,ESP32 plain C,615,-1203,-226
noise,ESP32 plain C,616,155,122
noise,ESP32 plain C,617,-595,176
noise,ESP32 plain C,618,547,147
noise,ESP32 plain C,619,-205,523
noise,ESP32 plain C,620,105,2
noise,ESP32 plain C,621,618,1245
noise,ESP32 plain C,622,216,850
noise,ESP32 plain C,623,126,-390
noise,ESP32 plain C,624,-64,-619
noise,ESP32 plain C,625,-487,832
noise,ESP32 plain C,626,-416,383
noise,ESP32 plain C,627,-413,-207
noise,ESP32 plain C,628,520,-47
noise,ESP32 plain C,629,374,-34
noise,ESP32 plain C,630,-150,399
noise,ESP32 plain C,631,-725,-336
noise,ESP32 plain C,632,-254,-1000
noise,ESP32 plain C,633,141,66
noise,ESP32 plain C,634,-440,-147
noise,ESP32 plain C,635,-679,333
noise,ESP32 plain C,636,-207,313
noise,ESP32 plain C,637,352,-475
noise,ESP32 plain C,638,-1,-278
noise,ESP32 plain C,639,-56,179
noise,ESP32 plain C,640,-131,287
noise,ESP32 plain C,641,-115,-210
noise,ESP32 plain C,642,63,-305
noise,ESP32 plain C,643,384,-560
noise,ESP32 plain C,644,620,-246
noise,ESP32 plain C,645,348,-158
noise,ESP32 plain C,646,190,-52
noise,ESP32 plain C,647,-219,-575
noise,ESP32 plain C,648,140,30
noise,ESP32 plain C,649,238,190
noise,ESP32 plain C,650,-241,11
noise,ESP32 plain C,651,-332,-476
noise,ESP32 plain C,652,320,-52
noise,ESP32 plain C,653,304,-47
noise,ESP32 plain C,654,53,-83
noise,ESP32 plain C,655,173,-12
noise,ESP32 plain C,656,262,-291
noise,ESP32 plain C,657,15,257
noise,ESP32 plain C,658,-179,489
noise,ESP32 plain C,659,140,-224
noise,ESP32 plain C,660,-767,80
noise,ESP32 plain C,661,305,394
noise,ESP32 plain C,662,254,-144
noise,ESP32 plain C,663,-395,30
noise,ESP32 plain C,664,-142,-542
noise,ESP32 plain C,665,-170,-102
noise,ESP32 plain C,666,-43,133
noise,ESP32 plain C,667,173,585
noise,ESP32 plain C,668,247,823
noise,ESP32 plain C,669,-1180,-260
noise,ESP32 plain C,670,684,47
noise,ESP32 plain C,671,-510,263
noise,ESP32 plain C,672,-652,-75
noise,ESP32 plain C,673,127,-712
noise,ESP32 plain C,674,74,-239
noise,ESP32 plain C,675,589,-9
noise,ESP32 plain C,676,587,168
noise,ESP32 plain C,677,1026,727
noise,ESP32 plain C,678,450,-57
noise,ESP32 plain C,679,523,1073
noise,ESP32 plain C,680,-282,127
noise,ESP32 plain C,681,581,-759
noise,ESP32 plain C,682,-619,-832
noise,ESP32 plain C,683,-168,185
noise,ESP32 plain C,684,-339,-369
noise,ESP32 plain C,685,406,-163
noise,ESP32 plain C,686,-479,722
noise,ESP32 plain C,687,319,492
noise,ESP32 plain C,688,-426,481
noise,ESP32 plain C,689,-11,170
noise,ESP32 plain C,690,194,-175
noise,ESP32 plain C,691,94,8
noise,ESP32 plain C,692,-410,-294
noise,ESP32 plain C,693,-39,151
noise,ESP32 plain C,694,290,664
noise,ESP32 plain C,695,-299,-493
noise,ESP32 plain C,696,-48,611
noise,ESP32 plain C,697,157,734
noise,ESP32 plain C,698,210,-401
noise,ESP32 plain C,699,-664,68
noise,ESP32 plain C,700,1037,851
noise,ESP32 plain C,701,228,352
noise,ESP32 plain C,702,-196,-78
noise,ESP32 plain C,703,325,560
noise,ESP32 plain C,704,-330,-947
noise,ESP32 plain C,705,168,-746
noise,ESP32 plain C,706,-137,620
noise,ESP32 plain C,707,152,474
noise,ESP32 plain C,708,808,-251
noise,ESP32 plain C,709,447,-383
noise,ESP32 plain C,710,-279,-40
noise,ESP32 plain C,711,-457,-347
noise,ESP32 plain C,712,706,-21
noise,ESP32 plain C,713,-233,-30
noise,ESP32 plain C,714,107,90
noise,ESP32 plain C,715,837,-387
noise,ESP32 plain C,716,224,454
noise,ESP32 plain C,717,559,-512
noise,ESP32 plain C,718,-107,411
noise,ESP32 plain C,719,8,511
noise,ESP32 plain C,720,490,147
noise,ESP32 plain C,721,238,234
noise,ESP32 plain C,722,297,433
noise,ESP32 plain C,723,-543,-225
noise,ESP32 plain C,724,246,145
noise,ESP32 plain C,725,-52,39
noise,ESP32 plain C,726,568,-921
noise,ESP32 plain C,727,133,-171
noise,ESP32 plain C,728,382,36
noise,ESP32 plain C,729,-18,-358
noise,ESP32 plain C,730,-264,171
noise,ESP32 plain C,731,243,231
noise,ESP32 plain C,732,-170,-846
noise,ESP32 plain C,733,-270,-60
noise,ESP32 plain C,734,31,-177
noise,ESP32 plain C,735,525,450
noise,ESP32 plain C,736,-79,-568
noise,ESP32 plain C,737,-633,-347
noise,ESP32 plain C,738,76,-202
noise,ESP32 plain C,739,-361,-554
noise,ESP32 plain C,740,-65,-279
noise,ESP32 plain C,741,-279,165
noise,ESP32 plain C,742,-254,-291
noise,ESP32 plain C,743,193,63
noise,ESP32 plain C,744,-386,-302
noise,ESP32 plain C,745,73,-193
noise,ESP32 plain C,746,234,-367
noise,ESP32 plain C,747,279,155
noise,ESP32 plain C,748,-238,-18
noise,ESP32 plain C,749,-622,190
noise,ESP32 plain C,750,179,-273
noise,ESP32 plain C,751,-315,343
noise,ESP32 plain C,752,-19,-606
noise,ESP32 plain C,753,223,294
noise,ESP32 plain C,754,-304,65
noise,ESP32 plain C,755,-939,-168
noise,ESP32 plain C,756,-692,-321
noise,ESP32 plain C,757,605,319
noise,ESP32 plain C,758,-697,629
noise,ESP32 plain C,759,-652,-865
noise,ESP32 plain C,760,-257,623
noise,ESP32 plain C,761,559,-180
noise,ESP32 plain C,762,-262,1181
noise,ESP32 plain C,763,-225,366
noise,ESP32 plain C,764,411,-455
noise,ESP32 plain C,765,431,-714
noise,ESP32 plain C,766,-1004,5
noise,ESP32 plain C,767,202,21
noise,ESP32 plain C,768,-605,-322
noise,ESP32 plain C,769,289,445
noise,ESP32 plain C,770,-219,-679
noise,ESP32 plain C,771,67,-347
noise,ESP32 plain C,772,-19,-130
noise,ESP32 plain C,773,-179,875
noise,ESP32 plain C,774,-531,-195
noise,ESP32 plain C,775,126,-1154
noise,ESP32 plain C,776,51,-472
noise,ESP32 plain C,777,163,-158
noise,ESP32 plain C,778,-203,-500
noise,ESP32 plain C,779,142,106
noise,ESP32 plain C,780,-696,-477
noise,ESP32 plain C,781,-8,735
noise,ESP32 plain C,782,-546,480
noise,ESP32 plain C,783,284,50
noise,ESP32 plain C,784,-447,-342
noise,ESP32 plain C,785,-999,274
noise,ESP32 plain C,786,-297,-32
noise,ESP32 plain C,787,-59,-1180
noise,ESP32 plain C,788,395,220
noise,ESP32 plain C,789,317,-1189
noise,ESP32 plain C,790,-175,10
noise,ESP32 plain C,791,-521,17
noise,ESP32 plain C,792,-170,676
noise,ESP32 plain C,793,822,290
noise,ESP32 plain C,794,776,-642
noise,ESP32 plain C,795,216,423
noise,ESP32 plain C,796,30,137
noise,ESP32 plain C,797,426,-227
noise,ESP32 plain C,798,523,489
noise,ESP32 plain C,799,-607,77
noise,ESP32 plain C,800,-356,-203
noise,ESP32 plain C,801,-183,274
noise,ESP32 plain C,802,-898,-156
noise,ESP32 plain C,803,-106,1096
noise,ESP32 plain C,804,447,6
noise,ESP32 plain C,805,292,183
noise,ESP32 plain C,806,-971,430
noise,ESP32 plain C,807,-124,-274
noise,ESP32 plain C,808,-474,-193
noise,ESP32 plain C,809,-450,701
noise,ESP32 plain C,810,-534,-166
noise,ESP32 plain C,811,-246,77
noise,ESP32 plain C,812,-258,-49
noise,ESP32 plain C,813,-816,136
noise,ESP32 plain C,814,-455,-294
noise,ESP32 plain C,815,-742,342
noise,ESP32 plain C,816,314,324
noise,ESP32 plain C,817,-639,541
noise,ESP32 plain C,818,26,-403
noise,ESP32 plain C,819,-344,673
noise,ESP32 plain C,820,420,-810
noise,ESP32 plain C,821,-43,-671
noise,ESP32 plain C,822,-145,737
noise,ESP32 plain C,823,118,231
noise,ESP32 plain C,824,68,151
noise,ESP32 plain C,825,44,225
noise,ESP32 plain C,826,93,-195
noise,ESP32 plain C,827,8,-328
noise,ESP32 plain C,828,856,548
noise,ESP32 plain C,829,-140,143
noise,ESP32 plain C,830,-490,728
noise,ESP32 plain C,831,50,375
noise,ESP32 plain C,832,-179,248
noise,ESP32 plain C,833,-128,-124
noise,ESP32 plain C,834,958,545
noise,ESP32 plain C,835,494,-304
noise,ESP32 plain C,836,-143,95
noise,ESP32 plain C,837,-237,-724
noise,ESP32 plain C,838,336,-250
noise,ESP32 plain C,839,-533,566
noise,ESP32 plain C,840,364,-759
noise,ESP32 plain C,841,-642,-501
noise,ESP32 plain C,842,-472,-266
noise,ESP32 plain C,843,-269,250
noise,ESP32 plain C,844,-929,-9
noise,ESP32 plain C,845,-538,-122
noise,ESP32 plain C,846,237,149
noise,ESP32 plain C,847,136,-266
noise,ESP32 plain C,848,274,175
noise,ESP32 plain C,849,-142,226
noise,ESP32 plain C,850,274,16
noise,ESP32 plain C,851,-236,209
noise,ESP32 plain C,852,555,-505
noise,ESP32 plain C,853,-296,-350
noise,ESP32 plain C,854,377,-148
noise,ESP32 plain C,855,555,-7
noise,ESP32 plain C,856,-210,-77
noise,ESP32 plain C,857,-230,270
noise,ESP32 plain C,858,178,-110
noise,ESP32 plain C,859,-253,721
noise,ESP32 plain C,860,-193,-205
noise,ESP32 plain C,861,-65,233
noise,ESP32 plain C,862,74,-198
noise,ESP32 plain C,863,171,229
noise,ESP32 plain C,864,-192,281
noise,ESP32 plain C,865,496,-76
noise,ESP32 plain C,866,-733,-257
noise,ESP32 plain C,867,-277,543
noise,ESP32 plain C,868,241,302
noise,ESP32 plain C,869,-63,-33
noise,ESP32 plain C,870,-297,-5
noise,ESP32 plain C,871,-5,420
noise,ESP32 plain C,872,377,238
noise,ESP32 plain C,873,155,158
noise,ESP32 plain C,874,259,389
noise,ESP32 plain C,875,-63,-568
noise,ESP32 plain C,876,63,200
noise,ESP32 plain C,877,25,-128
noise,ESP32 plain C,878,-244,-475
noise,ESP32 plain C,879,29,211
noise,ESP32 plain C,880,-588,296
noise,ESP32 plain C,881,580,-77
noise,ESP32 plain C,882,-261,24
noise,ESP32 plain C,883,96,261
noise,ESP32 plain C,884,-63,-327
noise,ESP32 plain C,885,-659,-429
noise,ESP32 plain C,886,147,455
noise,ESP32 plain C,887,-415,-844
noise,ESP32 plain C,888,168,382
noise,ESP32 plain C,889,623,-243
noise,ESP32 plain C,890,624,-268
noise,ESP32 plain C,891,310,-411
noise,ESP32 plain C,892,37,-39
noise,ESP32 plain C,893,594,-825
noise,ESP32 plain C,894,153,325
noise,ESP32 plain C,895,273,-349
noise,ESP32 plain C,896,-304,264
noise,ESP32 plain C,897,262,374
noise,ESP32 plain C,898,15,478
noise,ESP32 plain C,899,520,-222
noise,ESP32 plain C,900,-56,52
noise,ESP32 plain C,901,-346,-597
noise,ESP32 plain C,902,595,-259
noise,ESP32 plain C,903,-166,33
noise,ESP32 plain C,904,550,415
noise,ESP32 plain C,905,-334,423
noise,ESP32 plain C,906,408,-457
noise,ESP32 plain C,907,-301,-299
noise,ESP32 plain C,908,116,-661
noise,ESP32 plain C,909,-262,765
noise,ESP32 plain C,910,-558,183
noise,ESP32 plain C,911,33,-100
noise,ESP32 plain C,912,544,388
noise,ESP32 plain C,913,611,204
noise,ESP32 plain C,914,-287,403
noise,ESP32 plain C,915,-38,-61
noise,ESP32 plain C,916,-283,-41
noise,ESP32 plain C,917,80,715
noise,ESP32 plain C,918,-715,518
noise,ESP32 plain C,919,-180,-13
noise,ESP32 plain C,920,-166,-246
noise,ESP32 plain C,921,-395,-1354
noise,ESP32 plain C,922,-128,-68
noise,ESP32 plain C,923,-81,714
noise,ESP32 plain C,924,-445,-161
noise,ESP32 plain C,925,459,97
noise,ESP32 plain C,926,-117,-549
noise,ESP32 plain C,927,788,-484
noise,ESP32 plain C,928,501,-31
noise,ESP32 plain C,929,282,-297
noise,ESP32 plain C,930,-63,103
noise,ESP32 plain C,931,-122,594
noise,ESP32 plain C,932,-430,749
noise,ESP32 plain C,933,828,871
noise,ESP32 plain C,934,196,-81
noise,ESP32 plain C,935,166,-99
noise,ESP32 plain C,936,503,-780
noise,ESP32 plain C,937,167,-213
noise,ESP32 plain C,938,1305,190
noise,ESP32 plain C,939,17,-83
noise,ESP32 plain C,940,-678,-259
noise,ESP32 plain C,941,-62,-301
noise,ESP32 plain C,942,515,-9
noise,ESP32 plain C,943,52,107
noise,ESP32 plain C,944,959,-193
noise,ESP32 plain C,945,-116,133
noise,ESP32 plain C,946,234,333
noise,ESP32 plain C,947,-373,-19
noise,ESP32 plain C,948,-316,-358
noise,ESP32 plain C,949,-429,271
noise,ESP32 plain C,950,-504,-575
noise,ESP32 plain C,951,785,526
noise,ESP32 plain C,952,-423,-11
noise,ESP32 plain C,953,138,-43
noise,ESP32 plain C,954,111,-340
noise,ESP32 plain C,955,-111,626
noise,ESP32 plain C,956,-240,235
noise,ESP32 plain C,957,17,101
noise,ESP32 plain C,958,431,-635
noise,ESP32 plain C,959,-91,240
noise,ESP32 plain C,960,-624,1270
noise,ESP32 plain C,961,35,637
noise,ESP32 plain C,962,47,-215
noise,ESP32 plain C,963,-419,575
noise,ESP32 plain C,964,293,261
noise,ESP32 plain C,965,543,79
noise,ESP32 plain C,966,-869,-252
noise,ESP32 plain C,967,198,-410
noise,ESP32 plain C,968,-289,165
noise,ESP32 plain C,969,-83,114
noise,ESP32 plain C,970,174,409
noise,ESP32 plain C,971,-256,-52
noise,ESP32 plain C,972,-464,-138
noise,ESP32 plain C,973,-301,267
noise,ESP32 plain C,974,-197,-154
noise,ESP32 plain C,975,-783,-78
noise,ESP32 plain C,976,339,-514
noise,ESP32 plain C,977,-165,186
noise,ESP32 plain C,978,362,871
noise,ESP32 plain C,979,367,-563
noise,ESP32 plain C,980,-193,-22
noise,ESP32 plain C,981,413,317
noise,ESP32 plain C,982,67,147
noise,ESP32 plain C,983,172,-745
noise,ESP32 plain C,984,-558,217
noise,ESP32 plain C,985,557,-152
noise,ESP32 plain C,986,439,-142
noise,ESP32 plain C,987,298,-9
noise,ESP32 plain C,988,-817,-307
noise,ESP32 plain C,989,361,297
noise,ESP32 plain C,990,-78,-411
noise,ESP32 plain C,991,25,-657
noise,ESP32 plain C,992,-65,-290
noise,ESP32 plain C,993,491,700
noise,ESP32 plain C,994,209,-488
noise,ESP32 plain C,995,41,-135
noise,ESP32 plain C,996,-445,168
noise,ESP32 plain C,997,90,410
noise,ESP32 plain C,998,117,-22
noise,ESP32 plain C,999,-3,202
noise,ESP32 plain C,1000,168,-135
noise,ESP32 plain C,1001,573,306
noise,ESP32 plain C,1002,-226,749
noise,ESP32 plain C,1003,-250,153
noise,ESP32 plain C,1004,-352,665
noise,ESP32 plain C,1005,42,-242
noise,ESP32 plain C,1006,-437,-178
noise,ESP32 plain C,1007,-333,84
noise,ESP32 plain C,1008,-309,-251
noise,ESP32 plain C,1009,872,267
noise,ESP32 plain C,1010,-218,98
noise,ESP32 plain C,1011,352,-764
noise,ESP32 plain C,1012,57,4
noise,ESP32 plain C,1013,-23,-99
noise,ESP32 plain C,1014,249,-127
noise,ESP32 plain C,1015,579,440
noise,ESP32 plain C,1016,-644,234
noise,ESP32 plain C,1017,621,62
noise,ESP32 plain C,1018,-631,-652
noise,ESP32 plain C,1019,-321,-1043
noise,ESP32 plain C,1020,-321,561
noise,ESP32 plain C,1021,198,72
noise,ESP32 plain C,1022,-205,-96
noise,ESP32 plain C,1023,594,461
